Environment:  <OrderEnforcing<MultiTarget(opponent=examples.qplex_focus.camera.agent.QPLEXFocusCameraAgent)<MultiAgentTracking<MultiAgentTracking-v0>>(4 cameras, 8 targets, 9 obstacles)>>
Camera agent: examples.qplex_focus.camera.agent.QPLEXFocusCameraAgent(checkpoint_path='/home/pavt1024/vsn/mate/outputs/qplex_focus_ctde_local_belief_v9b_local_student_4v8_9_100k_5120_w1_b200/QPLEX_FOCUS/QPLEX_FOCUS_mate-qplex_focus.camera_57e52_00000_0_seed=0_2026-08-25_20-46-16/checkpoint_000010/checkpoint-10', decentralized_execution=True, decentralized_fallback_mode='off', decentralized_local_belief_guide=True, local_belief_action_eta=10.0, student_action_bias_eta=0.0, seed=0)
Target agent: mate.agents.greedy.GreedyTargetAgent(seed=0)

Rollout video will be saved to "/home/pavt1024/vsn/mate/outputs/qplex_focus_ctde_local_belief_v9b_local_student_4v8_9_100k_5120_w1_b200/videos/best_iter10_seed0_ffmpeg.mp4".

|[31m   Step [0m|[32m Cargo [0m|[33m   Reward [0m|[34;1m Target Episode Reward [0m|[35m Step / Cargo [0m|[36;1m Mean Transport Rate [0m|[31;1m Mean Coverage Rate [0m|[32;1m Normalized Target Episode Reward [0m|[33m   FPS [0m|
|[31m -----: [0m|[32m ----: [0m|[33m -------: [0m|[34;1m --------------------: [0m|[35m -----------: [0m|[36;1m ------------------: [0m|[31;1m -----------------: [0m|[32;1m -------------------------------: [0m|[33m ----: [0m|
|[31m      1 [0m|[32m     0 [0m|[33m    -0.00 [0m|[34;1m                 +0.00 [0m|[35m          nan [0m|[36;1m              0.000% [0m|[31;1m             0.000% [0m|[32;1m                         +0.00000 [0m|[33m   0.3 [0m|
|[31m      2 [0m|[32m     0 [0m|[33m    -0.00 [0m|[34;1m                 +0.00 [0m|[35m          nan [0m|[36;1m              0.000% [0m|[31;1m             0.000% [0m|[32;1m                         +0.00000 [0m|[33m   0.6 [0m|
|[31m      3 [0m|[32m     0 [0m|[33m    -0.00 [0m|[34;1m                 +0.00 [0m|[35m          nan [0m|[36;1m              0.000% [0m|[31;1m             0.000% [0m|[32;1m                         +0.00000 [0m|[33m   0.9 [0m|
|[31m      4 [0m|[32m     0 [0m|[33m    -0.00 [0m|[34;1m                 +0.00 [0m|[35m          nan [0m|[36;1m              0.000% [0m|[31;1m             0.000% [0m|[32;1m                         +0.00000 [0m|[33m   1.1 [0m|
|[31m      5 [0m|[32m     0 [0m|[33m    -0.00 [0m|[34;1m                 +0.00 [0m|[35m          nan [0m|[36;1m              0.000% [0m|[31;1m             0.000% [0m|[32;1m                         +0.00000 [0m|[33m   1.3 [0m|
|[31m      6 [0m|[32m     0 [0m|[33m    -0.00 [0m|[34;1m                 +0.00 [0m|[35m          nan [0m|[36;1m              0.000% [0m|[31;1m             0.000% [0m|[32;1m                         +0.00000 [0m|[33m   1.3 [0m|
|[31m      7 [0m|[32m     0 [0m|[33m    -1.00 [0m|[34;1m                 -1.00 [0m|[35m          nan [0m|[36;1m              0.000% [0m|[31;1m             1.786% [0m|[32;1m                         -0.00008 [0m|[33m   1.5 [0m|
|[31m      8 [0m|[32m     0 [0m|[33m    -1.00 [0m|[34;1m                 -2.00 [0m|[35m          nan [0m|[36;1m              0.000% [0m|[31;1m             3.125% [0m|[32;1m                         -0.00016 [0m|[33m   1.7 [0m|
|[31m      9 [0m|[32m     0 [0m|[33m    -1.00 [0m|[34;1m                 -3.00 [0m|[35m          nan [0m|[36;1m              0.000% [0m|[31;1m             4.167% [0m|[32;1m                         -0.00023 [0m|[33m   1.9 [0m|
|[31m     10 [0m|[32m     0 [0m|[33m    -1.00 [0m|[34;1m                 -4.00 [0m|[35m          nan [0m|[36;1m              0.000% [0m|[31;1m             5.000% [0m|[32;1m                         -0.00031 [0m|[33m   1.7 [0m|
|[31m     11 [0m|[32m     0 [0m|[33m    -1.00 [0m|[34;1m                 -5.00 [0m|[35m          nan [0m|[36;1m              0.000% [0m|[31;1m             5.682% [0m|[32;1m                         -0.00039 [0m|[33m   1.8 [0m|
|[31m     12 [0m|[32m     0 [0m|[33m    -1.00 [0m|[34;1m                 -6.00 [0m|[35m          nan [0m|[36;1m              0.000% [0m|[31;1m             6.250% [0m|[32;1m                         -0.00047 [0m|[33m   2.0 [0m|
|[31m     13 [0m|[32m     0 [0m|[33m    -1.00 [0m|[34;1m                 -7.00 [0m|[35m          nan [0m|[36;1m              0.000% [0m|[31;1m             6.731% [0m|[32;1m                         -0.00055 [0m|[33m   2.1 [0m|
|[31m     14 [0m|[32m     0 [0m|[33m    -2.00 [0m|[34;1m                 -9.00 [0m|[35m          nan [0m|[36;1m              0.000% [0m|[31;1m             8.036% [0m|[32;1m                         -0.00070 [0m|[33m   2.3 [0m|
|[31m     15 [0m|[32m     0 [0m|[33m    -3.00 [0m|[34;1m                -12.00 [0m|[35m          nan [0m|[36;1m              0.000% [0m|[31;1m            10.000% [0m|[32;1m                         -0.00094 [0m|[33m   2.4 [0m|
|[31m     16 [0m|[32m     0 [0m|[33m    -4.00 [0m|[34;1m                -16.00 [0m|[35m          nan [0m|[36;1m              0.000% [0m|[31;1m            12.500% [0m|[32;1m                         -0.00125 [0m|[33m   2.6 [0m|
|[31m     17 [0m|[32m     0 [0m|[33m    -5.00 [0m|[34;1m                -21.00 [0m|[35m          nan [0m|[36;1m              0.000% [0m|[31;1m            15.441% [0m|[32;1m                         -0.00164 [0m|[33m   2.7 [0m|
|[31m     18 [0m|[32m     0 [0m|[33m    -6.00 [0m|[34;1m                -27.00 [0m|[35m          nan [0m|[36;1m              0.000% [0m|[31;1m            18.750% [0m|[32;1m                         -0.00211 [0m|[33m   2.9 [0m|
|[31m     19 [0m|[32m     0 [0m|[33m    -6.00 [0m|[34;1m                -33.00 [0m|[35m          nan [0m|[36;1m              0.000% [0m|[31;1m            21.711% [0m|[32;1m                         -0.00258 [0m|[33m   3.0 [0m|
|[31m     20 [0m|[32m     0 [0m|[33m    -7.00 [0m|[34;1m                -40.00 [0m|[35m          nan [0m|[36;1m              0.000% [0m|[31;1m            25.000% [0m|[32;1m                         -0.00313 [0m|[33m   3.1 [0m|
|[31m     21 [0m|[32m     0 [0m|[33m    -6.00 [0m|[34;1m                -46.00 [0m|[35m          nan [0m|[36;1m              0.000% [0m|[31;1m            27.381% [0m|[32;1m                         -0.00359 [0m|[33m   3.2 [0m|
|[31m     22 [0m|[32m     0 [0m|[33m    -6.00 [0m|[34;1m                -52.00 [0m|[35m          nan [0m|[36;1m              0.000% [0m|[31;1m            29.545% [0m|[32;1m                         -0.00406 [0m|[33m   3.3 [0m|
|[31m     23 [0m|[32m     0 [0m|[33m    -7.00 [0m|[34;1m                -59.00 [0m|[35m          nan [0m|[36;1m              0.000% [0m|[31;1m            32.065% [0m|[32;1m                         -0.00461 [0m|[33m   3.5 [0m|
|[31m     24 [0m|[32m     0 [0m|[33m    -7.00 [0m|[34;1m                -66.00 [0m|[35m          nan [0m|[36;1m              0.000% [0m|[31;1m            34.375% [0m|[32;1m                         -0.00516 [0m|[33m   3.6 [0m|
|[31m     25 [0m|[32m     0 [0m|[33m    -7.00 [0m|[34;1m                -73.00 [0m|[35m          nan [0m|[36;1m              0.000% [0m|[31;1m            36.500% [0m|[32;1m                         -0.00570 [0m|[33m   3.7 [0m|
|[31m     26 [0m|[32m     0 [0m|[33m    -7.00 [0m|[34;1m                -80.00 [0m|[35m          nan [0m|[36;1m              0.000% [0m|[31;1m            38.462% [0m|[32;1m                         -0.00625 [0m|[33m   3.8 [0m|
|[31m     27 [0m|[32m     0 [0m|[33m    -7.00 [0m|[34;1m                -87.00 [0m|[35m          nan [0m|[36;1m              0.000% [0m|[31;1m            40.278% [0m|[32;1m                         -0.00680 [0m|[33m   3.9 [0m|
|[31m     28 [0m|[32m     0 [0m|[33m    -7.00 [0m|[34;1m                -94.00 [0m|[35m          nan [0m|[36;1m              0.000% [0m|[31;1m            41.964% [0m|[32;1m                         -0.00734 [0m|[33m   4.0 [0m|
|[31m     29 [0m|[32m     0 [0m|[33m    -7.00 [0m|[34;1m               -101.00 [0m|[35m          nan [0m|[36;1m              0.000% [0m|[31;1m            43.534% [0m|[32;1m                         -0.00789 [0m|[33m   4.2 [0m|
|[31m     30 [0m|[32m     0 [0m|[33m    -7.00 [0m|[34;1m               -108.00 [0m|[35m          nan [0m|[36;1m              0.000% [0m|[31;1m            45.000% [0m|[32;1m                         -0.00844 [0m|[33m   4.2 [0m|
|[31m     31 [0m|[32m     0 [0m|[33m    -7.00 [0m|[34;1m               -115.00 [0m|[35m          nan [0m|[36;1m              0.000% [0m|[31;1m            46.371% [0m|[32;1m                         -0.00898 [0m|[33m   4.3 [0m|
|[31m     32 [0m|[32m     0 [0m|[33m    -7.00 [0m|[34;1m               -122.00 [0m|[35m          nan [0m|[36;1m              0.000% [0m|[31;1m            47.656% [0m|[32;1m                         -0.00953 [0m|[33m   4.4 [0m|
|[31m     33 [0m|[32m     0 [0m|[33m    -7.00 [0m|[34;1m               -129.00 [0m|[35m          nan [0m|[36;1m              0.000% [0m|[31;1m            48.864% [0m|[32;1m                         -0.01008 [0m|[33m   4.5 [0m|
|[31m     34 [0m|[32m     0 [0m|[33m    -7.00 [0m|[34;1m               -136.00 [0m|[35m          nan [0m|[36;1m              0.000% [0m|[31;1m            50.000% [0m|[32;1m                         -0.01063 [0m|[33m   4.7 [0m|
|[31m     35 [0m|[32m     0 [0m|[33m    -6.00 [0m|[34;1m               -142.00 [0m|[35m          nan [0m|[36;1m              0.000% [0m|[31;1m            50.714% [0m|[32;1m                         -0.01109 [0m|[33m   4.8 [0m|
|[31m     36 [0m|[32m     0 [0m|[33m    -5.00 [0m|[34;1m               -147.00 [0m|[35m          nan [0m|[36;1m              0.000% [0m|[31;1m            51.042% [0m|[32;1m                         -0.01148 [0m|[33m   4.8 [0m|
|[31m     37 [0m|[32m     0 [0m|[33m    -5.00 [0m|[34;1m               -152.00 [0m|[35m          nan [0m|[36;1m              0.000% [0m|[31;1m            51.351% [0m|[32;1m                         -0.01188 [0m|[33m   5.0 [0m|
|[31m     38 [0m|[32m     0 [0m|[33m    -5.00 [0m|[34;1m               -157.00 [0m|[35m          nan [0m|[36;1m              0.000% [0m|[31;1m            51.645% [0m|[32;1m                         -0.01227 [0m|[33m   5.1 [0m|
|[31m     39 [0m|[32m     0 [0m|[33m    -5.00 [0m|[34;1m               -162.00 [0m|[35m          nan [0m|[36;1m              0.000% [0m|[31;1m            51.923% [0m|[32;1m                         -0.01266 [0m|[33m   5.2 [0m|
|[31m     40 [0m|[32m     0 [0m|[33m    -5.00 [0m|[34;1m               -167.00 [0m|[35m          nan [0m|[36;1m              0.000% [0m|[31;1m            52.188% [0m|[32;1m                         -0.01305 [0m|[33m   5.3 [0m|
|[31m     41 [0m|[32m     0 [0m|[33m    -5.00 [0m|[34;1m               -172.00 [0m|[35m          nan [0m|[36;1m              0.000% [0m|[31;1m            52.439% [0m|[32;1m                         -0.01344 [0m|[33m   5.3 [0m|
|[31m     42 [0m|[32m     0 [0m|[33m    -5.00 [0m|[34;1m               -177.00 [0m|[35m          nan [0m|[36;1m              0.000% [0m|[31;1m            52.679% [0m|[32;1m                         -0.01383 [0m|[33m   5.4 [0m|
|[31m     43 [0m|[32m     0 [0m|[33m    -4.00 [0m|[34;1m               -181.00 [0m|[35m          nan [0m|[36;1m              0.000% [0m|[31;1m            52.616% [0m|[32;1m                         -0.01414 [0m|[33m   5.6 [0m|
|[31m     44 [0m|[32m     0 [0m|[33m    -4.00 [0m|[34;1m               -185.00 [0m|[35m          nan [0m|[36;1m              0.000% [0m|[31;1m            52.557% [0m|[32;1m                         -0.01445 [0m|[33m   5.7 [0m|
|[31m     45 [0m|[32m     0 [0m|[33m    -4.00 [0m|[34;1m               -189.00 [0m|[35m          nan [0m|[36;1m              0.000% [0m|[31;1m            52.500% [0m|[32;1m                         -0.01477 [0m|[33m   5.8 [0m|
|[31m     46 [0m|[32m     0 [0m|[33m    -4.00 [0m|[34;1m               -193.00 [0m|[35m          nan [0m|[36;1m              0.000% [0m|[31;1m            52.446% [0m|[32;1m                         -0.01508 [0m|[33m   5.8 [0m|
|[31m     47 [0m|[32m     0 [0m|[33m    -5.00 [0m|[34;1m               -198.00 [0m|[35m          nan [0m|[36;1m              0.000% [0m|[31;1m            52.660% [0m|[32;1m                         -0.01547 [0m|[33m   5.9 [0m|
|[31m     48 [0m|[32m     0 [0m|[33m    -6.00 [0m|[34;1m               -204.00 [0m|[35m          nan [0m|[36;1m              0.000% [0m|[31;1m            53.125% [0m|[32;1m                         -0.01594 [0m|[33m   6.0 [0m|
|[31m     49 [0m|[32m     0 [0m|[33m    -6.00 [0m|[34;1m               -210.00 [0m|[35m          nan [0m|[36;1m              0.000% [0m|[31;1m            53.571% [0m|[32;1m                         -0.01641 [0m|[33m   6.1 [0m|
|[31m     50 [0m|[32m     0 [0m|[33m    -6.00 [0m|[34;1m               -216.00 [0m|[35m          nan [0m|[36;1m              0.000% [0m|[31;1m            54.000% [0m|[32;1m                         -0.01688 [0m|[33m   6.1 [0m|
|[31m     51 [0m|[32m     0 [0m|[33m    -6.00 [0m|[34;1m               -222.00 [0m|[35m          nan [0m|[36;1m              0.000% [0m|[31;1m            54.412% [0m|[32;1m                         -0.01734 [0m|[33m   6.2 [0m|
|[31m     52 [0m|[32m     0 [0m|[33m    -6.00 [0m|[34;1m               -228.00 [0m|[35m          nan [0m|[36;1m              0.000% [0m|[31;1m            54.808% [0m|[32;1m                         -0.01781 [0m|[33m   6.3 [0m|
|[31m     53 [0m|[32m     0 [0m|[33m    -5.00 [0m|[34;1m               -233.00 [0m|[35m          nan [0m|[36;1m              0.000% [0m|[31;1m            54.953% [0m|[32;1m                         -0.01820 [0m|[33m   6.4 [0m|
|[31m     54 [0m|[32m     0 [0m|[33m    -5.00 [0m|[34;1m               -238.00 [0m|[35m          nan [0m|[36;1m              0.000% [0m|[31;1m            55.093% [0m|[32;1m                         -0.01859 [0m|[33m   6.5 [0m|
|[31m     55 [0m|[32m     0 [0m|[33m    -5.00 [0m|[34;1m               -243.00 [0m|[35m          nan [0m|[36;1m              0.000% [0m|[31;1m            55.227% [0m|[32;1m                         -0.01898 [0m|[33m   6.6 [0m|
|[31m     56 [0m|[32m     0 [0m|[33m    -5.00 [0m|[34;1m               -248.00 [0m|[35m          nan [0m|[36;1m              0.000% [0m|[31;1m            55.357% [0m|[32;1m                         -0.01937 [0m|[33m   6.6 [0m|
|[31m     57 [0m|[32m     0 [0m|[33m    -5.00 [0m|[34;1m               -253.00 [0m|[35m          nan [0m|[36;1m              0.000% [0m|[31;1m            55.482% [0m|[32;1m                         -0.01977 [0m|[33m   6.7 [0m|
|[31m     58 [0m|[32m     0 [0m|[33m    -6.00 [0m|[34;1m               -259.00 [0m|[35m          nan [0m|[36;1m              0.000% [0m|[31;1m            55.819% [0m|[32;1m                         -0.02023 [0m|[33m   6.8 [0m|
|[31m     59 [0m|[32m     0 [0m|[33m    -4.00 [0m|[34;1m               -263.00 [0m|[35m          nan [0m|[36;1m              0.000% [0m|[31;1m            55.720% [0m|[32;1m                         -0.02055 [0m|[33m   6.9 [0m|
|[31m     60 [0m|[32m     0 [0m|[33m    -3.00 [0m|[34;1m               -266.00 [0m|[35m          nan [0m|[36;1m              0.000% [0m|[31;1m            55.417% [0m|[32;1m                         -0.02078 [0m|[33m   6.9 [0m|
|[31m     61 [0m|[32m     0 [0m|[33m    -3.00 [0m|[34;1m               -269.00 [0m|[35m          nan [0m|[36;1m              0.000% [0m|[31;1m            55.123% [0m|[32;1m                         -0.02102 [0m|[33m   7.0 [0m|
|[31m     62 [0m|[32m     0 [0m|[33m    -3.00 [0m|[34;1m               -272.00 [0m|[35m          nan [0m|[36;1m              0.000% [0m|[31;1m            54.839% [0m|[32;1m                         -0.02125 [0m|[33m   7.1 [0m|
|[31m     63 [0m|[32m     0 [0m|[33m    -3.00 [0m|[34;1m               -275.00 [0m|[35m          nan [0m|[36;1m              0.000% [0m|[31;1m            54.563% [0m|[32;1m                         -0.02148 [0m|[33m   7.2 [0m|
|[31m     64 [0m|[32m     0 [0m|[33m    -3.00 [0m|[34;1m               -278.00 [0m|[35m          nan [0m|[36;1m              0.000% [0m|[31;1m            54.297% [0m|[32;1m                         -0.02172 [0m|[33m   7.2 [0m|
|[31m     65 [0m|[32m     0 [0m|[33m    -4.00 [0m|[34;1m               -282.00 [0m|[35m          nan [0m|[36;1m              0.000% [0m|[31;1m            54.231% [0m|[32;1m                         -0.02203 [0m|[33m   7.3 [0m|
|[31m     66 [0m|[32m     1 [0m|[33m  +181.00 [0m|[34;1m               -101.00 [0m|[35m         66.0 [0m|[36;1m             85.000% [0m|[31;1m            54.167% [0m|[32;1m                         -0.00789 [0m|[33m   7.4 [0m|
|[31m     67 [0m|[32m     1 [0m|[33m    -3.00 [0m|[34;1m               -104.00 [0m|[35m         67.0 [0m|[36;1m             85.000% [0m|[31;1m            53.918% [0m|[32;1m                         -0.00813 [0m|[33m   7.5 [0m|
|[31m     68 [0m|[32m     1 [0m|[33m    -3.00 [0m|[34;1m               -107.00 [0m|[35m         68.0 [0m|[36;1m             85.000% [0m|[31;1m            53.676% [0m|[32;1m                         -0.00836 [0m|[33m   7.5 [0m|
|[31m     69 [0m|[32m     2 [0m|[33m  +148.00 [0m|[34;1m                +41.00 [0m|[35m         34.5 [0m|[36;1m             68.000% [0m|[31;1m            53.442% [0m|[32;1m                         +0.00320 [0m|[33m   7.6 [0m|
|[31m     70 [0m|[32m     2 [0m|[33m    -3.00 [0m|[34;1m                +38.00 [0m|[35m         35.0 [0m|[36;1m             68.000% [0m|[31;1m            53.214% [0m|[32;1m                         +0.00297 [0m|[33m   7.7 [0m|
|[31m     71 [0m|[32m     2 [0m|[33m    -3.00 [0m|[34;1m                +35.00 [0m|[35m         35.5 [0m|[36;1m             68.000% [0m|[31;1m            52.993% [0m|[32;1m                         +0.00273 [0m|[33m   7.7 [0m|
|[31m     72 [0m|[32m     2 [0m|[33m    -3.00 [0m|[34;1m                +32.00 [0m|[35m         36.0 [0m|[36;1m             68.000% [0m|[31;1m            52.778% [0m|[32;1m                         +0.00250 [0m|[33m   7.8 [0m|
|[31m     73 [0m|[32m     2 [0m|[33m    -3.00 [0m|[34;1m                +29.00 [0m|[35m         36.5 [0m|[36;1m             68.000% [0m|[31;1m            52.568% [0m|[32;1m                         +0.00227 [0m|[33m   7.9 [0m|
|[31m     74 [0m|[32m     2 [0m|[33m    -3.00 [0m|[34;1m                +26.00 [0m|[35m         37.0 [0m|[36;1m             68.000% [0m|[31;1m            52.365% [0m|[32;1m                         +0.00203 [0m|[33m   8.0 [0m|
|[31m     75 [0m|[32m     2 [0m|[33m    -4.00 [0m|[34;1m                +22.00 [0m|[35m         37.5 [0m|[36;1m             68.000% [0m|[31;1m            52.333% [0m|[32;1m                         +0.00172 [0m|[33m   8.0 [0m|
|[31m     76 [0m|[32m     2 [0m|[33m    -3.00 [0m|[34;1m                +19.00 [0m|[35m         38.0 [0m|[36;1m             68.000% [0m|[31;1m            52.138% [0m|[32;1m                         +0.00148 [0m|[33m   8.1 [0m|
|[31m     77 [0m|[32m     2 [0m|[33m    -4.00 [0m|[34;1m                +15.00 [0m|[35m         38.5 [0m|[36;1m             68.000% [0m|[31;1m            52.110% [0m|[32;1m                         +0.00117 [0m|[33m   8.1 [0m|
|[31m     78 [0m|[32m     2 [0m|[33m    -4.00 [0m|[34;1m                +11.00 [0m|[35m         39.0 [0m|[36;1m             68.000% [0m|[31;1m            52.083% [0m|[32;1m                         +0.00086 [0m|[33m   8.2 [0m|
|[31m     79 [0m|[32m     2 [0m|[33m    -4.00 [0m|[34;1m                 +7.00 [0m|[35m         39.5 [0m|[36;1m             68.000% [0m|[31;1m            52.057% [0m|[32;1m                         +0.00055 [0m|[33m   8.3 [0m|
|[31m     80 [0m|[32m     3 [0m|[33m  +178.00 [0m|[34;1m               +185.00 [0m|[35m         26.7 [0m|[36;1m             72.667% [0m|[31;1m            52.031% [0m|[32;1m                         +0.01445 [0m|[33m   8.3 [0m|
|[31m     81 [0m|[32m     4 [0m|[33m  +154.00 [0m|[34;1m               +339.00 [0m|[35m         20.2 [0m|[36;1m             69.000% [0m|[31;1m            52.006% [0m|[32;1m                         +0.02648 [0m|[33m   8.3 [0m|
|[31m     82 [0m|[32m     4 [0m|[33m    -4.00 [0m|[34;1m               +335.00 [0m|[35m         20.5 [0m|[36;1m             69.000% [0m|[31;1m            51.982% [0m|[32;1m                         +0.02617 [0m|[33m   8.4 [0m|
|[31m     83 [0m|[32m     4 [0m|[33m    -4.00 [0m|[34;1m               +331.00 [0m|[35m         20.8 [0m|[36;1m             69.000% [0m|[31;1m            51.958% [0m|[32;1m                         +0.02586 [0m|[33m   8.5 [0m|
|[31m     84 [0m|[32m     4 [0m|[33m    -4.00 [0m|[34;1m               +327.00 [0m|[35m         21.0 [0m|[36;1m             69.000% [0m|[31;1m            51.935% [0m|[32;1m                         +0.02555 [0m|[33m   8.6 [0m|
|[31m     85 [0m|[32m     4 [0m|[33m    -3.00 [0m|[34;1m               +324.00 [0m|[35m         21.2 [0m|[36;1m             69.000% [0m|[31;1m            51.765% [0m|[32;1m                         +0.02531 [0m|[33m   8.6 [0m|
|[31m     86 [0m|[32m     4 [0m|[33m    -3.00 [0m|[34;1m               +321.00 [0m|[35m         21.5 [0m|[36;1m             69.000% [0m|[31;1m            51.599% [0m|[32;1m                         +0.02508 [0m|[33m   8.6 [0m|
|[31m     87 [0m|[32m     4 [0m|[33m    -3.00 [0m|[34;1m               +318.00 [0m|[35m         21.8 [0m|[36;1m             69.000% [0m|[31;1m            51.437% [0m|[32;1m                         +0.02484 [0m|[33m   8.7 [0m|
|[31m     88 [0m|[32m     4 [0m|[33m    -3.00 [0m|[34;1m               +315.00 [0m|[35m         22.0 [0m|[36;1m             69.000% [0m|[31;1m            51.278% [0m|[32;1m                         +0.02461 [0m|[33m   8.7 [0m|
|[31m     89 [0m|[32m     4 [0m|[33m    -4.00 [0m|[34;1m               +311.00 [0m|[35m         22.2 [0m|[36;1m             69.000% [0m|[31;1m            51.264% [0m|[32;1m                         +0.02430 [0m|[33m   8.8 [0m|
|[31m     90 [0m|[32m     4 [0m|[33m    -4.00 [0m|[34;1m               +307.00 [0m|[35m         22.5 [0m|[36;1m             69.000% [0m|[31;1m            51.250% [0m|[32;1m                         +0.02398 [0m|[33m   8.8 [0m|
|[31m     91 [0m|[32m     4 [0m|[33m    -4.00 [0m|[34;1m               +303.00 [0m|[35m         22.8 [0m|[36;1m             69.000% [0m|[31;1m            51.236% [0m|[32;1m                         +0.02367 [0m|[33m   8.8 [0m|
|[31m     92 [0m|[32m     4 [0m|[33m    -4.00 [0m|[34;1m               +299.00 [0m|[35m         23.0 [0m|[36;1m             69.000% [0m|[31;1m            51.223% [0m|[32;1m                         +0.02336 [0m|[33m   8.9 [0m|
|[31m     93 [0m|[32m     4 [0m|[33m    -4.00 [0m|[34;1m               +295.00 [0m|[35m         23.2 [0m|[36;1m             69.000% [0m|[31;1m            51.210% [0m|[32;1m                         +0.02305 [0m|[33m   9.0 [0m|
|[31m     94 [0m|[32m     4 [0m|[33m    -3.00 [0m|[34;1m               +292.00 [0m|[35m         23.5 [0m|[36;1m             69.000% [0m|[31;1m            51.064% [0m|[32;1m                         +0.02281 [0m|[33m   9.0 [0m|
|[31m     95 [0m|[32m     4 [0m|[33m    -2.00 [0m|[34;1m               +290.00 [0m|[35m         23.8 [0m|[36;1m             69.000% [0m|[31;1m            50.789% [0m|[32;1m                         +0.02266 [0m|[33m   9.1 [0m|
|[31m     96 [0m|[32m     4 [0m|[33m    -2.00 [0m|[34;1m               +288.00 [0m|[35m         24.0 [0m|[36;1m             69.000% [0m|[31;1m            50.521% [0m|[32;1m                         +0.02250 [0m|[33m   9.1 [0m|
|[31m     97 [0m|[32m     4 [0m|[33m    -3.00 [0m|[34;1m               +285.00 [0m|[35m         24.2 [0m|[36;1m             69.000% [0m|[31;1m            50.387% [0m|[32;1m                         +0.02227 [0m|[33m   9.2 [0m|
|[31m     98 [0m|[32m     4 [0m|[33m    -3.00 [0m|[34;1m               +282.00 [0m|[35m         24.5 [0m|[36;1m             69.000% [0m|[31;1m            50.255% [0m|[32;1m                         +0.02203 [0m|[33m   9.2 [0m|
|[31m     99 [0m|[32m     4 [0m|[33m    -3.00 [0m|[34;1m               +279.00 [0m|[35m         24.8 [0m|[36;1m             69.000% [0m|[31;1m            50.126% [0m|[32;1m                         +0.02180 [0m|[33m   9.3 [0m|
|[31m    100 [0m|[32m     4 [0m|[33m    -3.00 [0m|[34;1m               +276.00 [0m|[35m         25.0 [0m|[36;1m             69.000% [0m|[31;1m            50.000% [0m|[32;1m                         +0.02156 [0m|[33m   9.3 [0m|
|[31m    101 [0m|[32m     4 [0m|[33m    -3.00 [0m|[34;1m               +273.00 [0m|[35m         25.2 [0m|[36;1m             69.000% [0m|[31;1m            49.876% [0m|[32;1m                         +0.02133 [0m|[33m   9.4 [0m|
|[31m    102 [0m|[32m     4 [0m|[33m    -3.00 [0m|[34;1m               +270.00 [0m|[35m         25.5 [0m|[36;1m             69.000% [0m|[31;1m            49.755% [0m|[32;1m                         +0.02109 [0m|[33m   9.4 [0m|
|[31m    103 [0m|[32m     4 [0m|[33m    -3.00 [0m|[34;1m               +267.00 [0m|[35m         25.8 [0m|[36;1m             69.000% [0m|[31;1m            49.636% [0m|[32;1m                         +0.02086 [0m|[33m   9.5 [0m|
|[31m    104 [0m|[32m     4 [0m|[33m    -3.00 [0m|[34;1m               +264.00 [0m|[35m         26.0 [0m|[36;1m             69.000% [0m|[31;1m            49.519% [0m|[32;1m                         +0.02063 [0m|[33m   9.5 [0m|
|[31m    105 [0m|[32m     4 [0m|[33m    -3.00 [0m|[34;1m               +261.00 [0m|[35m         26.2 [0m|[36;1m             69.000% [0m|[31;1m            49.405% [0m|[32;1m                         +0.02039 [0m|[33m   9.6 [0m|
|[31m    106 [0m|[32m     4 [0m|[33m    -2.00 [0m|[34;1m               +259.00 [0m|[35m         26.5 [0m|[36;1m             69.000% [0m|[31;1m            49.175% [0m|[32;1m                         +0.02023 [0m|[33m   9.6 [0m|
|[31m    107 [0m|[32m     4 [0m|[33m    -2.00 [0m|[34;1m               +257.00 [0m|[35m         26.8 [0m|[36;1m             69.000% [0m|[31;1m            48.949% [0m|[32;1m                         +0.02008 [0m|[33m   9.7 [0m|
|[31m    108 [0m|[32m     4 [0m|[33m    -2.00 [0m|[34;1m               +255.00 [0m|[35m         27.0 [0m|[36;1m             69.000% [0m|[31;1m            48.727% [0m|[32;1m                         +0.01992 [0m|[33m   9.7 [0m|
|[31m    109 [0m|[32m     4 [0m|[33m    -2.00 [0m|[34;1m               +253.00 [0m|[35m         27.2 [0m|[36;1m             69.000% [0m|[31;1m            48.509% [0m|[32;1m                         +0.01977 [0m|[33m   9.8 [0m|
|[31m    110 [0m|[32m     4 [0m|[33m    -2.00 [0m|[34;1m               +251.00 [0m|[35m         27.5 [0m|[36;1m             69.000% [0m|[31;1m            48.295% [0m|[32;1m                         +0.01961 [0m|[33m   9.8 [0m|
|[31m    111 [0m|[32m     4 [0m|[33m    -2.00 [0m|[34;1m               +249.00 [0m|[35m         27.8 [0m|[36;1m             69.000% [0m|[31;1m            48.086% [0m|[32;1m                         +0.01945 [0m|[33m   9.8 [0m|
|[31m    112 [0m|[32m     4 [0m|[33m    -2.00 [0m|[34;1m               +247.00 [0m|[35m         28.0 [0m|[36;1m             69.000% [0m|[31;1m            47.879% [0m|[32;1m                         +0.01930 [0m|[33m   9.8 [0m|
|[31m    113 [0m|[32m     4 [0m|[33m    -2.00 [0m|[34;1m               +245.00 [0m|[35m         28.2 [0m|[36;1m             69.000% [0m|[31;1m            47.677% [0m|[32;1m                         +0.01914 [0m|[33m   9.9 [0m|
|[31m    114 [0m|[32m     4 [0m|[33m    -1.00 [0m|[34;1m               +244.00 [0m|[35m         28.5 [0m|[36;1m             69.000% [0m|[31;1m            47.368% [0m|[32;1m                         +0.01906 [0m|[33m   9.9 [0m|
|[31m    115 [0m|[32m     4 [0m|[33m    -1.00 [0m|[34;1m               +243.00 [0m|[35m         28.8 [0m|[36;1m             69.000% [0m|[31;1m            47.065% [0m|[32;1m                         +0.01898 [0m|[33m  10.0 [0m|
|[31m    116 [0m|[32m     4 [0m|[33m    -1.00 [0m|[34;1m               +242.00 [0m|[35m         29.0 [0m|[36;1m             69.000% [0m|[31;1m            46.767% [0m|[32;1m                         +0.01891 [0m|[33m  10.0 [0m|
|[31m    117 [0m|[32m     4 [0m|[33m    -2.00 [0m|[34;1m               +240.00 [0m|[35m         29.2 [0m|[36;1m             69.000% [0m|[31;1m            46.581% [0m|[32;1m                         +0.01875 [0m|[33m  10.0 [0m|
|[31m    118 [0m|[32m     4 [0m|[33m    -1.00 [0m|[34;1m               +239.00 [0m|[35m         29.5 [0m|[36;1m             69.000% [0m|[31;1m            46.292% [0m|[32;1m                         +0.01867 [0m|[33m  10.1 [0m|
|[31m    119 [0m|[32m     4 [0m|[33m    -2.00 [0m|[34;1m               +237.00 [0m|[35m         29.8 [0m|[36;1m             69.000% [0m|[31;1m            46.113% [0m|[32;1m                         +0.01852 [0m|[33m  10.1 [0m|
|[31m    120 [0m|[32m     4 [0m|[33m    -1.00 [0m|[34;1m               +236.00 [0m|[35m         30.0 [0m|[36;1m             69.000% [0m|[31;1m            45.833% [0m|[32;1m                         +0.01844 [0m|[33m  10.1 [0m|
|[31m    121 [0m|[32m     4 [0m|[33m    -1.00 [0m|[34;1m               +235.00 [0m|[35m         30.2 [0m|[36;1m             69.000% [0m|[31;1m            45.558% [0m|[32;1m                         +0.01836 [0m|[33m  10.1 [0m|
|[31m    122 [0m|[32m     4 [0m|[33m    -1.00 [0m|[34;1m               +234.00 [0m|[35m         30.5 [0m|[36;1m             69.000% [0m|[31;1m            45.287% [0m|[32;1m                         +0.01828 [0m|[33m  10.2 [0m|
|[31m    123 [0m|[32m     4 [0m|[33m    -1.00 [0m|[34;1m               +233.00 [0m|[35m         30.8 [0m|[36;1m             69.000% [0m|[31;1m            45.020% [0m|[32;1m                         +0.01820 [0m|[33m  10.2 [0m|
|[31m    124 [0m|[32m     4 [0m|[33m    -1.00 [0m|[34;1m               +232.00 [0m|[35m         31.0 [0m|[36;1m             69.000% [0m|[31;1m            44.758% [0m|[32;1m                         +0.01812 [0m|[33m  10.3 [0m|
|[31m    125 [0m|[32m     4 [0m|[33m    -1.00 [0m|[34;1m               +231.00 [0m|[35m         31.2 [0m|[36;1m             69.000% [0m|[31;1m            44.500% [0m|[32;1m                         +0.01805 [0m|[33m  10.3 [0m|
|[31m    126 [0m|[32m     4 [0m|[33m    -1.00 [0m|[34;1m               +230.00 [0m|[35m         31.5 [0m|[36;1m             69.000% [0m|[31;1m            44.246% [0m|[32;1m                         +0.01797 [0m|[33m  10.3 [0m|
|[31m    127 [0m|[32m     4 [0m|[33m    -1.00 [0m|[34;1m               +229.00 [0m|[35m         31.8 [0m|[36;1m             69.000% [0m|[31;1m            43.996% [0m|[32;1m                         +0.01789 [0m|[33m  10.3 [0m|
|[31m    128 [0m|[32m     4 [0m|[33m    -1.00 [0m|[34;1m               +228.00 [0m|[35m         32.0 [0m|[36;1m             69.000% [0m|[31;1m            43.750% [0m|[32;1m                         +0.01781 [0m|[33m  10.4 [0m|
|[31m    129 [0m|[32m     4 [0m|[33m    -1.00 [0m|[34;1m               +227.00 [0m|[35m         32.2 [0m|[36;1m             69.000% [0m|[31;1m            43.508% [0m|[32;1m                         +0.01773 [0m|[33m  10.4 [0m|
|[31m    130 [0m|[32m     4 [0m|[33m    -1.00 [0m|[34;1m               +226.00 [0m|[35m         32.5 [0m|[36;1m             69.000% [0m|[31;1m            43.269% [0m|[32;1m                         +0.01766 [0m|[33m  10.5 [0m|
|[31m    131 [0m|[32m     4 [0m|[33m    -1.00 [0m|[34;1m               +225.00 [0m|[35m         32.8 [0m|[36;1m             69.000% [0m|[31;1m            43.034% [0m|[32;1m                         +0.01758 [0m|[33m  10.4 [0m|
|[31m    132 [0m|[32m     4 [0m|[33m    -1.00 [0m|[34;1m               +224.00 [0m|[35m         33.0 [0m|[36;1m             69.000% [0m|[31;1m            42.803% [0m|[32;1m                         +0.01750 [0m|[33m  10.5 [0m|
|[31m    133 [0m|[32m     4 [0m|[33m    -1.00 [0m|[34;1m               +223.00 [0m|[35m         33.2 [0m|[36;1m             69.000% [0m|[31;1m            42.575% [0m|[32;1m                         +0.01742 [0m|[33m  10.5 [0m|
|[31m    134 [0m|[32m     4 [0m|[33m    -1.00 [0m|[34;1m               +222.00 [0m|[35m         33.5 [0m|[36;1m             69.000% [0m|[31;1m            42.351% [0m|[32;1m                         +0.01734 [0m|[33m  10.6 [0m|
|[31m    135 [0m|[32m     4 [0m|[33m    -1.00 [0m|[34;1m               +221.00 [0m|[35m         33.8 [0m|[36;1m             69.000% [0m|[31;1m            42.130% [0m|[32;1m                         +0.01727 [0m|[33m  10.6 [0m|
|[31m    136 [0m|[32m     4 [0m|[33m    -1.00 [0m|[34;1m               +220.00 [0m|[35m         34.0 [0m|[36;1m             69.000% [0m|[31;1m            41.912% [0m|[32;1m                         +0.01719 [0m|[33m  10.6 [0m|
|[31m    137 [0m|[32m     4 [0m|[33m    -1.00 [0m|[34;1m               +219.00 [0m|[35m         34.2 [0m|[36;1m             69.000% [0m|[31;1m            41.697% [0m|[32;1m                         +0.01711 [0m|[33m  10.7 [0m|
|[31m    138 [0m|[32m     4 [0m|[33m    -1.00 [0m|[34;1m               +218.00 [0m|[35m         34.5 [0m|[36;1m             69.000% [0m|[31;1m            41.486% [0m|[32;1m                         +0.01703 [0m|[33m  10.7 [0m|
|[31m    139 [0m|[32m     4 [0m|[33m    -1.00 [0m|[34;1m               +217.00 [0m|[35m         34.8 [0m|[36;1m             69.000% [0m|[31;1m            41.277% [0m|[32;1m                         +0.01695 [0m|[33m  10.8 [0m|
|[31m    140 [0m|[32m     4 [0m|[33m    -1.00 [0m|[34;1m               +216.00 [0m|[35m         35.0 [0m|[36;1m             69.000% [0m|[31;1m            41.071% [0m|[32;1m                         +0.01688 [0m|[33m  10.8 [0m|
|[31m    141 [0m|[32m     4 [0m|[33m    -1.00 [0m|[34;1m               +215.00 [0m|[35m         35.2 [0m|[36;1m             69.000% [0m|[31;1m            40.869% [0m|[32;1m                         +0.01680 [0m|[33m  10.8 [0m|
|[31m    142 [0m|[32m     4 [0m|[33m    -1.00 [0m|[34;1m               +214.00 [0m|[35m         35.5 [0m|[36;1m             69.000% [0m|[31;1m            40.669% [0m|[32;1m                         +0.01672 [0m|[33m  10.9 [0m|
|[31m    143 [0m|[32m     4 [0m|[33m    -1.00 [0m|[34;1m               +213.00 [0m|[35m         35.8 [0m|[36;1m             69.000% [0m|[31;1m            40.472% [0m|[32;1m                         +0.01664 [0m|[33m  10.9 [0m|
|[31m    144 [0m|[32m     4 [0m|[33m    -1.00 [0m|[34;1m               +212.00 [0m|[35m         36.0 [0m|[36;1m             69.000% [0m|[31;1m            40.278% [0m|[32;1m                         +0.01656 [0m|[33m  11.0 [0m|
|[31m    145 [0m|[32m     4 [0m|[33m    -1.00 [0m|[34;1m               +211.00 [0m|[35m         36.2 [0m|[36;1m             69.000% [0m|[31;1m            40.086% [0m|[32;1m                         +0.01648 [0m|[33m  11.0 [0m|
|[31m    146 [0m|[32m     4 [0m|[33m    -1.00 [0m|[34;1m               +210.00 [0m|[35m         36.5 [0m|[36;1m             69.000% [0m|[31;1m            39.897% [0m|[32;1m                         +0.01641 [0m|[33m  11.0 [0m|
|[31m    147 [0m|[32m     6 [0m|[33m  +265.00 [0m|[34;1m               +475.00 [0m|[35m         24.5 [0m|[36;1m             57.000% [0m|[31;1m            39.711% [0m|[32;1m                         +0.03711 [0m|[33m  11.1 [0m|
|[31m    148 [0m|[32m     6 [0m|[33m    -1.00 [0m|[34;1m               +474.00 [0m|[35m         24.7 [0m|[36;1m             57.000% [0m|[31;1m            39.527% [0m|[32;1m                         +0.03703 [0m|[33m  11.1 [0m|
|[31m    149 [0m|[32m     8 [0m|[33m  +347.00 [0m|[34;1m               +821.00 [0m|[35m         18.6 [0m|[36;1m             61.250% [0m|[31;1m            39.346% [0m|[32;1m                         +0.06414 [0m|[33m  11.1 [0m|
|[31m    150 [0m|[32m     8 [0m|[33m    -1.00 [0m|[34;1m               +820.00 [0m|[35m         18.8 [0m|[36;1m             61.250% [0m|[31;1m            39.167% [0m|[32;1m                         +0.06406 [0m|[33m  11.1 [0m|
|[31m    151 [0m|[32m     8 [0m|[33m    -1.00 [0m|[34;1m               +819.00 [0m|[35m         18.9 [0m|[36;1m             61.250% [0m|[31;1m            38.990% [0m|[32;1m                         +0.06398 [0m|[33m  11.1 [0m|
|[31m    152 [0m|[32m     8 [0m|[33m    -1.00 [0m|[34;1m               +818.00 [0m|[35m         19.0 [0m|[36;1m             61.250% [0m|[31;1m            38.816% [0m|[32;1m                         +0.06391 [0m|[33m  11.2 [0m|
|[31m    153 [0m|[32m     8 [0m|[33m    -1.00 [0m|[34;1m               +817.00 [0m|[35m         19.1 [0m|[36;1m             61.250% [0m|[31;1m            38.644% [0m|[32;1m                         +0.06383 [0m|[33m  11.2 [0m|
|[31m    154 [0m|[32m     8 [0m|[33m    -1.00 [0m|[34;1m               +816.00 [0m|[35m         19.2 [0m|[36;1m             61.250% [0m|[31;1m            38.474% [0m|[32;1m                         +0.06375 [0m|[33m  11.3 [0m|
|[31m    155 [0m|[32m     8 [0m|[33m    -1.00 [0m|[34;1m               +815.00 [0m|[35m         19.4 [0m|[36;1m             61.250% [0m|[31;1m            38.306% [0m|[32;1m                         +0.06367 [0m|[33m  11.3 [0m|
|[31m    156 [0m|[32m     8 [0m|[33m    -1.00 [0m|[34;1m               +814.00 [0m|[35m         19.5 [0m|[36;1m             61.250% [0m|[31;1m            38.141% [0m|[32;1m                         +0.06359 [0m|[33m  11.3 [0m|
|[31m    157 [0m|[32m     8 [0m|[33m    -1.00 [0m|[34;1m               +813.00 [0m|[35m         19.6 [0m|[36;1m             61.250% [0m|[31;1m            37.978% [0m|[32;1m                         +0.06352 [0m|[33m  11.3 [0m|
|[31m    158 [0m|[32m     8 [0m|[33m    -1.00 [0m|[34;1m               +812.00 [0m|[35m         19.8 [0m|[36;1m             61.250% [0m|[31;1m            37.816% [0m|[32;1m                         +0.06344 [0m|[33m  11.4 [0m|
|[31m    159 [0m|[32m     8 [0m|[33m    -1.00 [0m|[34;1m               +811.00 [0m|[35m         19.9 [0m|[36;1m             61.250% [0m|[31;1m            37.657% [0m|[32;1m                         +0.06336 [0m|[33m  11.4 [0m|
|[31m    160 [0m|[32m     9 [0m|[33m  +199.00 [0m|[34;1m              +1010.00 [0m|[35m         17.8 [0m|[36;1m             65.556% [0m|[31;1m            37.500% [0m|[32;1m                         +0.07891 [0m|[33m  11.4 [0m|
|[31m    161 [0m|[32m     9 [0m|[33m    -1.00 [0m|[34;1m              +1009.00 [0m|[35m         17.9 [0m|[36;1m             65.556% [0m|[31;1m            37.345% [0m|[32;1m                         +0.07883 [0m|[33m  11.4 [0m|
|[31m    162 [0m|[32m     9 [0m|[33m    -1.00 [0m|[34;1m              +1008.00 [0m|[35m         18.0 [0m|[36;1m             65.556% [0m|[31;1m            37.191% [0m|[32;1m                         +0.07875 [0m|[33m  11.5 [0m|
|[31m    163 [0m|[32m     9 [0m|[33m    -1.00 [0m|[34;1m              +1007.00 [0m|[35m         18.1 [0m|[36;1m             65.556% [0m|[31;1m            37.040% [0m|[32;1m                         +0.07867 [0m|[33m  11.5 [0m|
|[31m    164 [0m|[32m     9 [0m|[33m    -1.00 [0m|[34;1m              +1006.00 [0m|[35m         18.2 [0m|[36;1m             65.556% [0m|[31;1m            36.890% [0m|[32;1m                         +0.07859 [0m|[33m  11.5 [0m|
|[31m    165 [0m|[32m     9 [0m|[33m    -1.00 [0m|[34;1m              +1005.00 [0m|[35m         18.3 [0m|[36;1m             65.556% [0m|[31;1m            36.742% [0m|[32;1m                         +0.07852 [0m|[33m  11.6 [0m|
|[31m    166 [0m|[32m     9 [0m|[33m    -1.00 [0m|[34;1m              +1004.00 [0m|[35m         18.4 [0m|[36;1m             65.556% [0m|[31;1m            36.596% [0m|[32;1m                         +0.07844 [0m|[33m  11.6 [0m|
|[31m    167 [0m|[32m     9 [0m|[33m    -1.00 [0m|[34;1m              +1003.00 [0m|[35m         18.6 [0m|[36;1m             65.556% [0m|[31;1m            36.452% [0m|[32;1m                         +0.07836 [0m|[33m  11.6 [0m|
|[31m    168 [0m|[32m     9 [0m|[33m    -2.00 [0m|[34;1m              +1001.00 [0m|[35m         18.7 [0m|[36;1m             65.556% [0m|[31;1m            36.384% [0m|[32;1m                         +0.07820 [0m|[33m  11.6 [0m|
|[31m    169 [0m|[32m    11 [0m|[33m  +324.00 [0m|[34;1m              +1325.00 [0m|[35m         15.4 [0m|[36;1m             65.091% [0m|[31;1m            36.317% [0m|[32;1m                         +0.10352 [0m|[33m  11.7 [0m|
|[31m    170 [0m|[32m    14 [0m|[33m  +515.00 [0m|[34;1m              +1840.00 [0m|[35m         12.1 [0m|[36;1m             66.643% [0m|[31;1m            36.250% [0m|[32;1m                         +0.14375 [0m|[33m  11.7 [0m|
|[31m    171 [0m|[32m    14 [0m|[33m    -1.00 [0m|[34;1m              +1839.00 [0m|[35m         12.2 [0m|[36;1m             66.643% [0m|[31;1m            36.111% [0m|[32;1m                         +0.14367 [0m|[33m  11.7 [0m|
|[31m    172 [0m|[32m    14 [0m|[33m    -1.00 [0m|[34;1m              +1838.00 [0m|[35m         12.3 [0m|[36;1m             66.643% [0m|[31;1m            35.974% [0m|[32;1m                         +0.14359 [0m|[33m  11.7 [0m|
|[31m    173 [0m|[32m    14 [0m|[33m    -1.00 [0m|[34;1m              +1837.00 [0m|[35m         12.4 [0m|[36;1m             66.643% [0m|[31;1m            35.838% [0m|[32;1m                         +0.14352 [0m|[33m  11.8 [0m|
|[31m    174 [0m|[32m    14 [0m|[33m    -1.00 [0m|[34;1m              +1836.00 [0m|[35m         12.4 [0m|[36;1m             66.643% [0m|[31;1m            35.704% [0m|[32;1m                         +0.14344 [0m|[33m  11.8 [0m|
|[31m    175 [0m|[32m    14 [0m|[33m    -1.00 [0m|[34;1m              +1835.00 [0m|[35m         12.5 [0m|[36;1m             66.643% [0m|[31;1m            35.571% [0m|[32;1m                         +0.14336 [0m|[33m  11.9 [0m|
|[31m    176 [0m|[32m    15 [0m|[33m  +190.00 [0m|[34;1m              +2025.00 [0m|[35m         11.7 [0m|[36;1m             68.267% [0m|[31;1m            35.440% [0m|[32;1m                         +0.15820 [0m|[33m  11.9 [0m|
|[31m    177 [0m|[32m    15 [0m|[33m    -1.00 [0m|[34;1m              +2024.00 [0m|[35m         11.8 [0m|[36;1m             68.267% [0m|[31;1m            35.311% [0m|[32;1m                         +0.15812 [0m|[33m  11.9 [0m|
|[31m    178 [0m|[32m    15 [0m|[33m    -1.00 [0m|[34;1m              +2023.00 [0m|[35m         11.9 [0m|[36;1m             68.267% [0m|[31;1m            35.183% [0m|[32;1m                         +0.15805 [0m|[33m  11.9 [0m|
|[31m    179 [0m|[32m    15 [0m|[33m    -1.00 [0m|[34;1m              +2022.00 [0m|[35m         11.9 [0m|[36;1m             68.267% [0m|[31;1m            35.056% [0m|[32;1m                         +0.15797 [0m|[33m  12.0 [0m|
|[31m    180 [0m|[32m    15 [0m|[33m    -1.00 [0m|[34;1m              +2021.00 [0m|[35m         12.0 [0m|[36;1m             68.267% [0m|[31;1m            34.931% [0m|[32;1m                         +0.15789 [0m|[33m  12.0 [0m|
|[31m    181 [0m|[32m    15 [0m|[33m    -1.00 [0m|[34;1m              +2020.00 [0m|[35m         12.1 [0m|[36;1m             68.267% [0m|[31;1m            34.807% [0m|[32;1m                         +0.15781 [0m|[33m  11.9 [0m|
|[31m    182 [0m|[32m    15 [0m|[33m    -1.00 [0m|[34;1m              +2019.00 [0m|[35m         12.1 [0m|[36;1m             68.267% [0m|[31;1m            34.684% [0m|[32;1m                         +0.15773 [0m|[33m  12.0 [0m|
|[31m    183 [0m|[32m    15 [0m|[33m    -1.00 [0m|[34;1m              +2018.00 [0m|[35m         12.2 [0m|[36;1m             68.267% [0m|[31;1m            34.563% [0m|[32;1m                         +0.15766 [0m|[33m  12.0 [0m|
|[31m    184 [0m|[32m    15 [0m|[33m    -1.00 [0m|[34;1m              +2017.00 [0m|[35m         12.3 [0m|[36;1m             68.267% [0m|[31;1m            34.443% [0m|[32;1m                         +0.15758 [0m|[33m  12.1 [0m|
|[31m    185 [0m|[32m    15 [0m|[33m    -1.00 [0m|[34;1m              +2016.00 [0m|[35m         12.3 [0m|[36;1m             68.267% [0m|[31;1m            34.324% [0m|[32;1m                         +0.15750 [0m|[33m  12.1 [0m|
|[31m    186 [0m|[32m    15 [0m|[33m    -1.00 [0m|[34;1m              +2015.00 [0m|[35m         12.4 [0m|[36;1m             68.267% [0m|[31;1m            34.207% [0m|[32;1m                         +0.15742 [0m|[33m  12.1 [0m|
|[31m    187 [0m|[32m    15 [0m|[33m    -1.00 [0m|[34;1m              +2014.00 [0m|[35m         12.5 [0m|[36;1m             68.267% [0m|[31;1m            34.091% [0m|[32;1m                         +0.15734 [0m|[33m  12.1 [0m|
|[31m    188 [0m|[32m    15 [0m|[33m    -1.00 [0m|[34;1m              +2013.00 [0m|[35m         12.5 [0m|[36;1m             68.267% [0m|[31;1m            33.976% [0m|[32;1m                         +0.15727 [0m|[33m  12.2 [0m|
|[31m    189 [0m|[32m    15 [0m|[33m    -1.00 [0m|[34;1m              +2012.00 [0m|[35m         12.6 [0m|[36;1m             68.267% [0m|[31;1m            33.862% [0m|[32;1m                         +0.15719 [0m|[33m  12.2 [0m|
|[31m    190 [0m|[32m    15 [0m|[33m    -2.00 [0m|[34;1m              +2010.00 [0m|[35m         12.7 [0m|[36;1m             68.267% [0m|[31;1m            33.816% [0m|[32;1m                         +0.15703 [0m|[33m  12.2 [0m|
|[31m    191 [0m|[32m    15 [0m|[33m    -2.00 [0m|[34;1m              +2008.00 [0m|[35m         12.7 [0m|[36;1m             68.267% [0m|[31;1m            33.770% [0m|[32;1m                         +0.15687 [0m|[33m  12.0 [0m|
|[31m    192 [0m|[32m    15 [0m|[33m    -2.00 [0m|[34;1m              +2006.00 [0m|[35m         12.8 [0m|[36;1m             68.267% [0m|[31;1m            33.724% [0m|[32;1m                         +0.15672 [0m|[33m  12.0 [0m|
|[31m    193 [0m|[32m    15 [0m|[33m    -2.00 [0m|[34;1m              +2004.00 [0m|[35m         12.9 [0m|[36;1m             68.267% [0m|[31;1m            33.679% [0m|[32;1m                         +0.15656 [0m|[33m  12.1 [0m|
|[31m    194 [0m|[32m    15 [0m|[33m    -3.00 [0m|[34;1m              +2001.00 [0m|[35m         12.9 [0m|[36;1m             68.267% [0m|[31;1m            33.698% [0m|[32;1m                         +0.15633 [0m|[33m  12.1 [0m|
|[31m    195 [0m|[32m    15 [0m|[33m    -2.00 [0m|[34;1m              +1999.00 [0m|[35m         13.0 [0m|[36;1m             68.267% [0m|[31;1m            33.654% [0m|[32;1m                         +0.15617 [0m|[33m  12.1 [0m|
|[31m    196 [0m|[32m    16 [0m|[33m  +198.00 [0m|[34;1m              +2197.00 [0m|[35m         12.2 [0m|[36;1m             70.250% [0m|[31;1m            33.610% [0m|[32;1m                         +0.17164 [0m|[33m  12.1 [0m|
|[31m    197 [0m|[32m    16 [0m|[33m    -2.00 [0m|[34;1m              +2195.00 [0m|[35m         12.3 [0m|[36;1m             70.250% [0m|[31;1m            33.566% [0m|[32;1m                         +0.17148 [0m|[33m  12.1 [0m|
|[31m    198 [0m|[32m    16 [0m|[33m    -2.00 [0m|[34;1m              +2193.00 [0m|[35m         12.4 [0m|[36;1m             70.250% [0m|[31;1m            33.523% [0m|[32;1m                         +0.17133 [0m|[33m  12.1 [0m|
|[31m    199 [0m|[32m    16 [0m|[33m    -2.00 [0m|[34;1m              +2191.00 [0m|[35m         12.4 [0m|[36;1m             70.250% [0m|[31;1m            33.480% [0m|[32;1m                         +0.17117 [0m|[33m  12.2 [0m|
|[31m    200 [0m|[32m    16 [0m|[33m    -2.00 [0m|[34;1m              +2189.00 [0m|[35m         12.5 [0m|[36;1m             70.250% [0m|[31;1m            33.438% [0m|[32;1m                         +0.17102 [0m|[33m  12.2 [0m|
|[31m    201 [0m|[32m    16 [0m|[33m    -2.00 [0m|[34;1m              +2187.00 [0m|[35m         12.6 [0m|[36;1m             70.250% [0m|[31;1m            33.396% [0m|[32;1m                         +0.17086 [0m|[33m  12.2 [0m|
|[31m    202 [0m|[32m    16 [0m|[33m    -2.00 [0m|[34;1m              +2185.00 [0m|[35m         12.6 [0m|[36;1m             70.250% [0m|[31;1m            33.354% [0m|[32;1m                         +0.17070 [0m|[33m  12.2 [0m|
|[31m    203 [0m|[32m    16 [0m|[33m    -3.00 [0m|[34;1m              +2182.00 [0m|[35m         12.7 [0m|[36;1m             70.250% [0m|[31;1m            33.374% [0m|[32;1m                         +0.17047 [0m|[33m  12.3 [0m|
|[31m    204 [0m|[32m    16 [0m|[33m    -3.00 [0m|[34;1m              +2179.00 [0m|[35m         12.8 [0m|[36;1m             70.250% [0m|[31;1m            33.395% [0m|[32;1m                         +0.17023 [0m|[33m  12.3 [0m|
|[31m    205 [0m|[32m    16 [0m|[33m    -2.00 [0m|[34;1m              +2177.00 [0m|[35m         12.8 [0m|[36;1m             70.250% [0m|[31;1m            33.354% [0m|[32;1m                         +0.17008 [0m|[33m  12.3 [0m|
|[31m    206 [0m|[32m    16 [0m|[33m    -2.00 [0m|[34;1m              +2175.00 [0m|[35m         12.9 [0m|[36;1m             70.250% [0m|[31;1m            33.313% [0m|[32;1m                         +0.16992 [0m|[33m  12.3 [0m|
|[31m    207 [0m|[32m    16 [0m|[33m    -2.00 [0m|[34;1m              +2173.00 [0m|[35m         12.9 [0m|[36;1m             70.250% [0m|[31;1m            33.273% [0m|[32;1m                         +0.16977 [0m|[33m  12.4 [0m|
|[31m    208 [0m|[32m    16 [0m|[33m    -3.00 [0m|[34;1m              +2170.00 [0m|[35m         13.0 [0m|[36;1m             70.250% [0m|[31;1m            33.293% [0m|[32;1m                         +0.16953 [0m|[33m  12.4 [0m|
|[31m    209 [0m|[32m    16 [0m|[33m    -2.00 [0m|[34;1m              +2168.00 [0m|[35m         13.1 [0m|[36;1m             70.250% [0m|[31;1m            33.254% [0m|[32;1m                         +0.16937 [0m|[33m  12.4 [0m|
|[31m    210 [0m|[32m    16 [0m|[33m    -2.00 [0m|[34;1m              +2166.00 [0m|[35m         13.1 [0m|[36;1m             70.250% [0m|[31;1m            33.214% [0m|[32;1m                         +0.16922 [0m|[33m  12.4 [0m|
|[31m    211 [0m|[32m    16 [0m|[33m    -2.00 [0m|[34;1m              +2164.00 [0m|[35m         13.2 [0m|[36;1m             70.250% [0m|[31;1m            33.175% [0m|[32;1m                         +0.16906 [0m|[33m  12.4 [0m|
|[31m    212 [0m|[32m    16 [0m|[33m    -2.00 [0m|[34;1m              +2162.00 [0m|[35m         13.2 [0m|[36;1m             70.250% [0m|[31;1m            33.137% [0m|[32;1m                         +0.16891 [0m|[33m  12.5 [0m|
|[31m    213 [0m|[32m    16 [0m|[33m    -2.00 [0m|[34;1m              +2160.00 [0m|[35m         13.3 [0m|[36;1m             70.250% [0m|[31;1m            33.099% [0m|[32;1m                         +0.16875 [0m|[33m  12.5 [0m|
|[31m    214 [0m|[32m    16 [0m|[33m    -2.00 [0m|[34;1m              +2158.00 [0m|[35m         13.4 [0m|[36;1m             70.250% [0m|[31;1m            33.061% [0m|[32;1m                         +0.16859 [0m|[33m  12.5 [0m|
|[31m    215 [0m|[32m    16 [0m|[33m    -1.00 [0m|[34;1m              +2157.00 [0m|[35m         13.4 [0m|[36;1m             70.250% [0m|[31;1m            32.965% [0m|[32;1m                         +0.16852 [0m|[33m  12.6 [0m|
|[31m    216 [0m|[32m    16 [0m|[33m    -2.00 [0m|[34;1m              +2155.00 [0m|[35m         13.5 [0m|[36;1m             70.250% [0m|[31;1m            32.928% [0m|[32;1m                         +0.16836 [0m|[33m  12.6 [0m|
|[31m    217 [0m|[32m    16 [0m|[33m    -2.00 [0m|[34;1m              +2153.00 [0m|[35m         13.6 [0m|[36;1m             70.250% [0m|[31;1m            32.892% [0m|[32;1m                         +0.16820 [0m|[33m  12.6 [0m|
|[31m    218 [0m|[32m    16 [0m|[33m    -3.00 [0m|[34;1m              +2150.00 [0m|[35m         13.6 [0m|[36;1m             70.250% [0m|[31;1m            32.913% [0m|[32;1m                         +0.16797 [0m|[33m  12.6 [0m|
|[31m    219 [0m|[32m    16 [0m|[33m    -3.00 [0m|[34;1m              +2147.00 [0m|[35m         13.7 [0m|[36;1m             70.250% [0m|[31;1m            32.934% [0m|[32;1m                         +0.16773 [0m|[33m  12.7 [0m|
|[31m    220 [0m|[32m    16 [0m|[33m    -3.00 [0m|[34;1m              +2144.00 [0m|[35m         13.8 [0m|[36;1m             70.250% [0m|[31;1m            32.955% [0m|[32;1m                         +0.16750 [0m|[33m  12.7 [0m|
|[31m    221 [0m|[32m    16 [0m|[33m    -3.00 [0m|[34;1m              +2141.00 [0m|[35m         13.8 [0m|[36;1m             70.250% [0m|[31;1m            32.975% [0m|[32;1m                         +0.16727 [0m|[33m  12.6 [0m|
|[31m    222 [0m|[32m    16 [0m|[33m    -3.00 [0m|[34;1m              +2138.00 [0m|[35m         13.9 [0m|[36;1m             70.250% [0m|[31;1m            32.995% [0m|[32;1m                         +0.16703 [0m|[33m  12.6 [0m|
|[31m    223 [0m|[32m    16 [0m|[33m    -3.00 [0m|[34;1m              +2135.00 [0m|[35m         13.9 [0m|[36;1m             70.250% [0m|[31;1m            33.016% [0m|[32;1m                         +0.16680 [0m|[33m  12.7 [0m|
|[31m    224 [0m|[32m    16 [0m|[33m    -3.00 [0m|[34;1m              +2132.00 [0m|[35m         14.0 [0m|[36;1m             70.250% [0m|[31;1m            33.036% [0m|[32;1m                         +0.16656 [0m|[33m  12.7 [0m|
|[31m    225 [0m|[32m    16 [0m|[33m    -3.00 [0m|[34;1m              +2129.00 [0m|[35m         14.1 [0m|[36;1m             70.250% [0m|[31;1m            33.056% [0m|[32;1m                         +0.16633 [0m|[33m  12.7 [0m|
|[31m    226 [0m|[32m    16 [0m|[33m    -3.00 [0m|[34;1m              +2126.00 [0m|[35m         14.1 [0m|[36;1m             70.250% [0m|[31;1m            33.075% [0m|[32;1m                         +0.16609 [0m|[33m  12.7 [0m|
|[31m    227 [0m|[32m    16 [0m|[33m    -3.00 [0m|[34;1m              +2123.00 [0m|[35m         14.2 [0m|[36;1m             70.250% [0m|[31;1m            33.095% [0m|[32;1m                         +0.16586 [0m|[33m  12.7 [0m|
|[31m    228 [0m|[32m    16 [0m|[33m    -3.00 [0m|[34;1m              +2120.00 [0m|[35m         14.2 [0m|[36;1m             70.250% [0m|[31;1m            33.114% [0m|[32;1m                         +0.16562 [0m|[33m  12.8 [0m|
|[31m    229 [0m|[32m    16 [0m|[33m    -3.00 [0m|[34;1m              +2117.00 [0m|[35m         14.3 [0m|[36;1m             70.250% [0m|[31;1m            33.133% [0m|[32;1m                         +0.16539 [0m|[33m  12.8 [0m|
|[31m    230 [0m|[32m    16 [0m|[33m    -3.00 [0m|[34;1m              +2114.00 [0m|[35m         14.4 [0m|[36;1m             70.250% [0m|[31;1m            33.152% [0m|[32;1m                         +0.16516 [0m|[33m  12.8 [0m|
|[31m    231 [0m|[32m    16 [0m|[33m    -3.00 [0m|[34;1m              +2111.00 [0m|[35m         14.4 [0m|[36;1m             70.250% [0m|[31;1m            33.171% [0m|[32;1m                         +0.16492 [0m|[33m  12.7 [0m|
|[31m    232 [0m|[32m    16 [0m|[33m    -4.00 [0m|[34;1m              +2107.00 [0m|[35m         14.5 [0m|[36;1m             70.250% [0m|[31;1m            33.244% [0m|[32;1m                         +0.16461 [0m|[33m  12.8 [0m|
|[31m    233 [0m|[32m    16 [0m|[33m    -4.00 [0m|[34;1m              +2103.00 [0m|[35m         14.6 [0m|[36;1m             70.250% [0m|[31;1m            33.315% [0m|[32;1m                         +0.16430 [0m|[33m  12.8 [0m|
|[31m    234 [0m|[32m    16 [0m|[33m    -4.00 [0m|[34;1m              +2099.00 [0m|[35m         14.6 [0m|[36;1m             70.250% [0m|[31;1m            33.387% [0m|[32;1m                         +0.16398 [0m|[33m  12.8 [0m|
|[31m    235 [0m|[32m    16 [0m|[33m    -4.00 [0m|[34;1m              +2095.00 [0m|[35m         14.7 [0m|[36;1m             70.250% [0m|[31;1m            33.457% [0m|[32;1m                         +0.16367 [0m|[33m  12.9 [0m|
|[31m    236 [0m|[32m    16 [0m|[33m    -4.00 [0m|[34;1m              +2091.00 [0m|[35m         14.8 [0m|[36;1m             70.250% [0m|[31;1m            33.528% [0m|[32;1m                         +0.16336 [0m|[33m  12.8 [0m|
|[31m    237 [0m|[32m    16 [0m|[33m    -4.00 [0m|[34;1m              +2087.00 [0m|[35m         14.8 [0m|[36;1m             70.250% [0m|[31;1m            33.597% [0m|[32;1m                         +0.16305 [0m|[33m  12.9 [0m|
|[31m    238 [0m|[32m    16 [0m|[33m    -4.00 [0m|[34;1m              +2083.00 [0m|[35m         14.9 [0m|[36;1m             70.250% [0m|[31;1m            33.666% [0m|[32;1m                         +0.16273 [0m|[33m  12.9 [0m|
|[31m    239 [0m|[32m    16 [0m|[33m    -4.00 [0m|[34;1m              +2079.00 [0m|[35m         14.9 [0m|[36;1m             70.250% [0m|[31;1m            33.734% [0m|[32;1m                         +0.16242 [0m|[33m  12.9 [0m|
|[31m    240 [0m|[32m    16 [0m|[33m    -4.00 [0m|[34;1m              +2075.00 [0m|[35m         15.0 [0m|[36;1m             70.250% [0m|[31;1m            33.802% [0m|[32;1m                         +0.16211 [0m|[33m  12.9 [0m|
|[31m    241 [0m|[32m    16 [0m|[33m    -5.00 [0m|[34;1m              +2070.00 [0m|[35m         15.1 [0m|[36;1m             70.250% [0m|[31;1m            33.921% [0m|[32;1m                         +0.16172 [0m|[33m  12.9 [0m|
|[31m    242 [0m|[32m    16 [0m|[33m    -4.00 [0m|[34;1m              +2066.00 [0m|[35m         15.1 [0m|[36;1m             70.250% [0m|[31;1m            33.988% [0m|[32;1m                         +0.16141 [0m|[33m  12.9 [0m|
|[31m    243 [0m|[32m    16 [0m|[33m    -4.00 [0m|[34;1m              +2062.00 [0m|[35m         15.2 [0m|[36;1m             70.250% [0m|[31;1m            34.053% [0m|[32;1m                         +0.16109 [0m|[33m  13.0 [0m|
|[31m    244 [0m|[32m    16 [0m|[33m    -4.00 [0m|[34;1m              +2058.00 [0m|[35m         15.2 [0m|[36;1m             70.250% [0m|[31;1m            34.119% [0m|[32;1m                         +0.16078 [0m|[33m  13.0 [0m|
|[31m    245 [0m|[32m    16 [0m|[33m    -4.00 [0m|[34;1m              +2054.00 [0m|[35m         15.3 [0m|[36;1m             70.250% [0m|[31;1m            34.184% [0m|[32;1m                         +0.16047 [0m|[33m  13.0 [0m|
|[31m    246 [0m|[32m    16 [0m|[33m    -4.00 [0m|[34;1m              +2050.00 [0m|[35m         15.4 [0m|[36;1m             70.250% [0m|[31;1m            34.248% [0m|[32;1m                         +0.16016 [0m|[33m  13.0 [0m|
|[31m    247 [0m|[32m    16 [0m|[33m    -4.00 [0m|[34;1m              +2046.00 [0m|[35m         15.4 [0m|[36;1m             70.250% [0m|[31;1m            34.312% [0m|[32;1m                         +0.15984 [0m|[33m  13.1 [0m|
|[31m    248 [0m|[32m    16 [0m|[33m    -4.00 [0m|[34;1m              +2042.00 [0m|[35m         15.5 [0m|[36;1m             70.250% [0m|[31;1m            34.375% [0m|[32;1m                         +0.15953 [0m|[33m  13.1 [0m|
|[31m    249 [0m|[32m    16 [0m|[33m    -4.00 [0m|[34;1m              +2038.00 [0m|[35m         15.6 [0m|[36;1m             70.250% [0m|[31;1m            34.438% [0m|[32;1m                         +0.15922 [0m|[33m  13.1 [0m|
|[31m    250 [0m|[32m    16 [0m|[33m    -4.00 [0m|[34;1m              +2034.00 [0m|[35m         15.6 [0m|[36;1m             70.250% [0m|[31;1m            34.500% [0m|[32;1m                         +0.15891 [0m|[33m  13.1 [0m|
|[31m    251 [0m|[32m    16 [0m|[33m    -4.00 [0m|[34;1m              +2030.00 [0m|[35m         15.7 [0m|[36;1m             70.250% [0m|[31;1m            34.562% [0m|[32;1m                         +0.15859 [0m|[33m  13.1 [0m|
|[31m    252 [0m|[32m    16 [0m|[33m    -4.00 [0m|[34;1m              +2026.00 [0m|[35m         15.8 [0m|[36;1m             70.250% [0m|[31;1m            34.623% [0m|[32;1m                         +0.15828 [0m|[33m  13.1 [0m|
|[31m    253 [0m|[32m    16 [0m|[33m    -4.00 [0m|[34;1m              +2022.00 [0m|[35m         15.8 [0m|[36;1m             70.250% [0m|[31;1m            34.684% [0m|[32;1m                         +0.15797 [0m|[33m  13.1 [0m|
|[31m    254 [0m|[32m    16 [0m|[33m    -4.00 [0m|[34;1m              +2018.00 [0m|[35m         15.9 [0m|[36;1m             70.250% [0m|[31;1m            34.744% [0m|[32;1m                         +0.15766 [0m|[33m  13.2 [0m|
|[31m    255 [0m|[32m    16 [0m|[33m    -3.00 [0m|[34;1m              +2015.00 [0m|[35m         15.9 [0m|[36;1m             70.250% [0m|[31;1m            34.755% [0m|[32;1m                         +0.15742 [0m|[33m  13.2 [0m|
|[31m    256 [0m|[32m    16 [0m|[33m    -3.00 [0m|[34;1m              +2012.00 [0m|[35m         16.0 [0m|[36;1m             70.250% [0m|[31;1m            34.766% [0m|[32;1m                         +0.15719 [0m|[33m  13.2 [0m|
|[31m    257 [0m|[32m    16 [0m|[33m    -4.00 [0m|[34;1m              +2008.00 [0m|[35m         16.1 [0m|[36;1m             70.250% [0m|[31;1m            34.825% [0m|[32;1m                         +0.15687 [0m|[33m  13.2 [0m|
|[31m    258 [0m|[32m    16 [0m|[33m    -5.00 [0m|[34;1m              +2003.00 [0m|[35m         16.1 [0m|[36;1m             70.250% [0m|[31;1m            34.932% [0m|[32;1m                         +0.15648 [0m|[33m  13.2 [0m|
|[31m    259 [0m|[32m    16 [0m|[33m    -5.00 [0m|[34;1m              +1998.00 [0m|[35m         16.2 [0m|[36;1m             70.250% [0m|[31;1m            35.039% [0m|[32;1m                         +0.15609 [0m|[33m  13.3 [0m|
|[31m    260 [0m|[32m    16 [0m|[33m    -4.00 [0m|[34;1m              +1994.00 [0m|[35m         16.2 [0m|[36;1m             70.250% [0m|[31;1m            35.096% [0m|[32;1m                         +0.15578 [0m|[33m  13.3 [0m|
|[31m    261 [0m|[32m    16 [0m|[33m    -3.00 [0m|[34;1m              +1991.00 [0m|[35m         16.3 [0m|[36;1m             70.250% [0m|[31;1m            35.105% [0m|[32;1m                         +0.15555 [0m|[33m  13.2 [0m|
|[31m    262 [0m|[32m    16 [0m|[33m    -3.00 [0m|[34;1m              +1988.00 [0m|[35m         16.4 [0m|[36;1m             70.250% [0m|[31;1m            35.115% [0m|[32;1m                         +0.15531 [0m|[33m  13.3 [0m|
|[31m    263 [0m|[32m    16 [0m|[33m    -3.00 [0m|[34;1m              +1985.00 [0m|[35m         16.4 [0m|[36;1m             70.250% [0m|[31;1m            35.124% [0m|[32;1m                         +0.15508 [0m|[33m  13.3 [0m|
|[31m    264 [0m|[32m    17 [0m|[33m  +197.00 [0m|[34;1m              +2182.00 [0m|[35m         15.5 [0m|[36;1m             72.000% [0m|[31;1m            35.133% [0m|[32;1m                         +0.17047 [0m|[33m  13.3 [0m|
|[31m    265 [0m|[32m    17 [0m|[33m    -2.00 [0m|[34;1m              +2180.00 [0m|[35m         15.6 [0m|[36;1m             72.000% [0m|[31;1m            35.094% [0m|[32;1m                         +0.17031 [0m|[33m  13.4 [0m|
|[31m    266 [0m|[32m    17 [0m|[33m    -3.00 [0m|[34;1m              +2177.00 [0m|[35m         15.6 [0m|[36;1m             72.000% [0m|[31;1m            35.103% [0m|[32;1m                         +0.17008 [0m|[33m  13.3 [0m|
|[31m    267 [0m|[32m    18 [0m|[33m  +120.00 [0m|[34;1m              +2297.00 [0m|[35m         14.8 [0m|[36;1m             69.278% [0m|[31;1m            35.112% [0m|[32;1m                         +0.17945 [0m|[33m  13.4 [0m|
|[31m    268 [0m|[32m    18 [0m|[33m    -3.00 [0m|[34;1m              +2294.00 [0m|[35m         14.9 [0m|[36;1m             69.278% [0m|[31;1m            35.121% [0m|[32;1m                         +0.17922 [0m|[33m  13.4 [0m|
|[31m    269 [0m|[32m    18 [0m|[33m    -3.00 [0m|[34;1m              +2291.00 [0m|[35m         14.9 [0m|[36;1m             69.278% [0m|[31;1m            35.130% [0m|[32;1m                         +0.17898 [0m|[33m  13.4 [0m|
|[31m    270 [0m|[32m    18 [0m|[33m    -3.00 [0m|[34;1m              +2288.00 [0m|[35m         15.0 [0m|[36;1m             69.278% [0m|[31;1m            35.139% [0m|[32;1m                         +0.17875 [0m|[33m  13.4 [0m|
|[31m    271 [0m|[32m    18 [0m|[33m    -3.00 [0m|[34;1m              +2285.00 [0m|[35m         15.1 [0m|[36;1m             69.278% [0m|[31;1m            35.148% [0m|[32;1m                         +0.17852 [0m|[33m  13.4 [0m|
|[31m    272 [0m|[32m    18 [0m|[33m    -3.00 [0m|[34;1m              +2282.00 [0m|[35m         15.1 [0m|[36;1m             69.278% [0m|[31;1m            35.156% [0m|[32;1m                         +0.17828 [0m|[33m  13.4 [0m|
|[31m    273 [0m|[32m    18 [0m|[33m    -3.00 [0m|[34;1m              +2279.00 [0m|[35m         15.2 [0m|[36;1m             69.278% [0m|[31;1m            35.165% [0m|[32;1m                         +0.17805 [0m|[33m  13.5 [0m|
|[31m    274 [0m|[32m    18 [0m|[33m    -3.00 [0m|[34;1m              +2276.00 [0m|[35m         15.2 [0m|[36;1m             69.278% [0m|[31;1m            35.173% [0m|[32;1m                         +0.17781 [0m|[33m  13.5 [0m|
|[31m    275 [0m|[32m    18 [0m|[33m    -3.00 [0m|[34;1m              +2273.00 [0m|[35m         15.3 [0m|[36;1m             69.278% [0m|[31;1m            35.182% [0m|[32;1m                         +0.17758 [0m|[33m  13.5 [0m|
|[31m    276 [0m|[32m    18 [0m|[33m    -3.00 [0m|[34;1m              +2270.00 [0m|[35m         15.3 [0m|[36;1m             69.278% [0m|[31;1m            35.190% [0m|[32;1m                         +0.17734 [0m|[33m  13.5 [0m|
|[31m    277 [0m|[32m    18 [0m|[33m    -3.00 [0m|[34;1m              +2267.00 [0m|[35m         15.4 [0m|[36;1m             69.278% [0m|[31;1m            35.199% [0m|[32;1m                         +0.17711 [0m|[33m  13.5 [0m|
|[31m    278 [0m|[32m    18 [0m|[33m    -2.00 [0m|[34;1m              +2265.00 [0m|[35m         15.4 [0m|[36;1m             69.278% [0m|[31;1m            35.162% [0m|[32;1m                         +0.17695 [0m|[33m  13.5 [0m|
|[31m    279 [0m|[32m    18 [0m|[33m    -2.00 [0m|[34;1m              +2263.00 [0m|[35m         15.5 [0m|[36;1m             69.278% [0m|[31;1m            35.125% [0m|[32;1m                         +0.17680 [0m|[33m  13.6 [0m|
|[31m    280 [0m|[32m    18 [0m|[33m    -3.00 [0m|[34;1m              +2260.00 [0m|[35m         15.6 [0m|[36;1m             69.278% [0m|[31;1m            35.134% [0m|[32;1m                         +0.17656 [0m|[33m  13.6 [0m|
|[31m    281 [0m|[32m    18 [0m|[33m    -2.00 [0m|[34;1m              +2258.00 [0m|[35m         15.6 [0m|[36;1m             69.278% [0m|[31;1m            35.098% [0m|[32;1m                         +0.17641 [0m|[33m  13.5 [0m|
|[31m    282 [0m|[32m    18 [0m|[33m    -2.00 [0m|[34;1m              +2256.00 [0m|[35m         15.7 [0m|[36;1m             69.278% [0m|[31;1m            35.062% [0m|[32;1m                         +0.17625 [0m|[33m  13.6 [0m|
|[31m    283 [0m|[32m    18 [0m|[33m    -2.00 [0m|[34;1m              +2254.00 [0m|[35m         15.7 [0m|[36;1m             69.278% [0m|[31;1m            35.027% [0m|[32;1m                         +0.17609 [0m|[33m  13.6 [0m|
|[31m    284 [0m|[32m    18 [0m|[33m    -2.00 [0m|[34;1m              +2252.00 [0m|[35m         15.8 [0m|[36;1m             69.278% [0m|[31;1m            34.991% [0m|[32;1m                         +0.17594 [0m|[33m  13.6 [0m|
|[31m    285 [0m|[32m    18 [0m|[33m    -2.00 [0m|[34;1m              +2250.00 [0m|[35m         15.8 [0m|[36;1m             69.278% [0m|[31;1m            34.956% [0m|[32;1m                         +0.17578 [0m|[33m  13.6 [0m|
|[31m    286 [0m|[32m    18 [0m|[33m    -2.00 [0m|[34;1m              +2248.00 [0m|[35m         15.9 [0m|[36;1m             69.278% [0m|[31;1m            34.921% [0m|[32;1m                         +0.17563 [0m|[33m  13.6 [0m|
|[31m    287 [0m|[32m    18 [0m|[33m    -2.00 [0m|[34;1m              +2246.00 [0m|[35m         15.9 [0m|[36;1m             69.278% [0m|[31;1m            34.887% [0m|[32;1m                         +0.17547 [0m|[33m  13.7 [0m|
|[31m    288 [0m|[32m    18 [0m|[33m    -2.00 [0m|[34;1m              +2244.00 [0m|[35m         16.0 [0m|[36;1m             69.278% [0m|[31;1m            34.852% [0m|[32;1m                         +0.17531 [0m|[33m  13.7 [0m|
|[31m    289 [0m|[32m    18 [0m|[33m    -2.00 [0m|[34;1m              +2242.00 [0m|[35m         16.1 [0m|[36;1m             69.278% [0m|[31;1m            34.818% [0m|[32;1m                         +0.17516 [0m|[33m  13.7 [0m|
|[31m    290 [0m|[32m    18 [0m|[33m    -4.00 [0m|[34;1m              +2238.00 [0m|[35m         16.1 [0m|[36;1m             69.278% [0m|[31;1m            34.871% [0m|[32;1m                         +0.17484 [0m|[33m  13.7 [0m|
|[31m    291 [0m|[32m    18 [0m|[33m    -4.00 [0m|[34;1m              +2234.00 [0m|[35m         16.2 [0m|[36;1m             69.278% [0m|[31;1m            34.923% [0m|[32;1m                         +0.17453 [0m|[33m  13.7 [0m|
|[31m    292 [0m|[32m    18 [0m|[33m    -3.00 [0m|[34;1m              +2231.00 [0m|[35m         16.2 [0m|[36;1m             69.278% [0m|[31;1m            34.932% [0m|[32;1m                         +0.17430 [0m|[33m  13.7 [0m|
|[31m    293 [0m|[32m    18 [0m|[33m    -3.00 [0m|[34;1m              +2228.00 [0m|[35m         16.3 [0m|[36;1m             69.278% [0m|[31;1m            34.940% [0m|[32;1m                         +0.17406 [0m|[33m  13.7 [0m|
|[31m    294 [0m|[32m    18 [0m|[33m    -3.00 [0m|[34;1m              +2225.00 [0m|[35m         16.3 [0m|[36;1m             69.278% [0m|[31;1m            34.949% [0m|[32;1m                         +0.17383 [0m|[33m  13.8 [0m|
|[31m    295 [0m|[32m    18 [0m|[33m    -3.00 [0m|[34;1m              +2222.00 [0m|[35m         16.4 [0m|[36;1m             69.278% [0m|[31;1m            34.958% [0m|[32;1m                         +0.17359 [0m|[33m  13.8 [0m|
|[31m    296 [0m|[32m    18 [0m|[33m    -3.00 [0m|[34;1m              +2219.00 [0m|[35m         16.4 [0m|[36;1m             69.278% [0m|[31;1m            34.966% [0m|[32;1m                         +0.17336 [0m|[33m  13.8 [0m|
|[31m    297 [0m|[32m    18 [0m|[33m    -3.00 [0m|[34;1m              +2216.00 [0m|[35m         16.5 [0m|[36;1m             69.278% [0m|[31;1m            34.975% [0m|[32;1m                         +0.17313 [0m|[33m  13.8 [0m|
|[31m    298 [0m|[32m    18 [0m|[33m    -3.00 [0m|[34;1m              +2213.00 [0m|[35m         16.6 [0m|[36;1m             69.278% [0m|[31;1m            34.983% [0m|[32;1m                         +0.17289 [0m|[33m  13.8 [0m|
|[31m    299 [0m|[32m    18 [0m|[33m    -3.00 [0m|[34;1m              +2210.00 [0m|[35m         16.6 [0m|[36;1m             69.278% [0m|[31;1m            34.992% [0m|[32;1m                         +0.17266 [0m|[33m  13.9 [0m|
|[31m    300 [0m|[32m    18 [0m|[33m    -3.00 [0m|[34;1m              +2207.00 [0m|[35m         16.7 [0m|[36;1m             69.278% [0m|[31;1m            35.000% [0m|[32;1m                         +0.17242 [0m|[33m  13.9 [0m|
|[31m    301 [0m|[32m    18 [0m|[33m    -3.00 [0m|[34;1m              +2204.00 [0m|[35m         16.7 [0m|[36;1m             69.278% [0m|[31;1m            35.008% [0m|[32;1m                         +0.17219 [0m|[33m  13.9 [0m|
|[31m    302 [0m|[32m    18 [0m|[33m    -3.00 [0m|[34;1m              +2201.00 [0m|[35m         16.8 [0m|[36;1m             69.278% [0m|[31;1m            35.017% [0m|[32;1m                         +0.17195 [0m|[33m  13.9 [0m|
|[31m    303 [0m|[32m    18 [0m|[33m    -3.00 [0m|[34;1m              +2198.00 [0m|[35m         16.8 [0m|[36;1m             69.278% [0m|[31;1m            35.025% [0m|[32;1m                         +0.17172 [0m|[33m  13.9 [0m|
|[31m    304 [0m|[32m    18 [0m|[33m    -3.00 [0m|[34;1m              +2195.00 [0m|[35m         16.9 [0m|[36;1m             69.278% [0m|[31;1m            35.033% [0m|[32;1m                         +0.17148 [0m|[33m  13.9 [0m|
|[31m    305 [0m|[32m    18 [0m|[33m    -4.00 [0m|[34;1m              +2191.00 [0m|[35m         16.9 [0m|[36;1m             69.278% [0m|[31;1m            35.082% [0m|[32;1m                         +0.17117 [0m|[33m  13.9 [0m|
|[31m    306 [0m|[32m    18 [0m|[33m    -4.00 [0m|[34;1m              +2187.00 [0m|[35m         17.0 [0m|[36;1m             69.278% [0m|[31;1m            35.131% [0m|[32;1m                         +0.17086 [0m|[33m  13.9 [0m|
|[31m    307 [0m|[32m    18 [0m|[33m    -4.00 [0m|[34;1m              +2183.00 [0m|[35m         17.1 [0m|[36;1m             69.278% [0m|[31;1m            35.179% [0m|[32;1m                         +0.17055 [0m|[33m  13.9 [0m|
|[31m    308 [0m|[32m    18 [0m|[33m    -4.00 [0m|[34;1m              +2179.00 [0m|[35m         17.1 [0m|[36;1m             69.278% [0m|[31;1m            35.227% [0m|[32;1m                         +0.17023 [0m|[33m  14.0 [0m|
|[31m    309 [0m|[32m    18 [0m|[33m    -4.00 [0m|[34;1m              +2175.00 [0m|[35m         17.2 [0m|[36;1m             69.278% [0m|[31;1m            35.275% [0m|[32;1m                         +0.16992 [0m|[33m  14.0 [0m|
|[31m    310 [0m|[32m    18 [0m|[33m    -4.00 [0m|[34;1m              +2171.00 [0m|[35m         17.2 [0m|[36;1m             69.278% [0m|[31;1m            35.323% [0m|[32;1m                         +0.16961 [0m|[33m  14.0 [0m|
|[31m    311 [0m|[32m    18 [0m|[33m    -4.00 [0m|[34;1m              +2167.00 [0m|[35m         17.3 [0m|[36;1m             69.278% [0m|[31;1m            35.370% [0m|[32;1m                         +0.16930 [0m|[33m  13.9 [0m|
|[31m    312 [0m|[32m    18 [0m|[33m    -4.00 [0m|[34;1m              +2163.00 [0m|[35m         17.3 [0m|[36;1m             69.278% [0m|[31;1m            35.417% [0m|[32;1m                         +0.16898 [0m|[33m  14.0 [0m|
|[31m    313 [0m|[32m    19 [0m|[33m  +196.00 [0m|[34;1m              +2359.00 [0m|[35m         16.5 [0m|[36;1m             70.895% [0m|[31;1m            35.463% [0m|[32;1m                         +0.18430 [0m|[33m  14.0 [0m|
|[31m    314 [0m|[32m    19 [0m|[33m    -4.00 [0m|[34;1m              +2355.00 [0m|[35m         16.5 [0m|[36;1m             70.895% [0m|[31;1m            35.510% [0m|[32;1m                         +0.18398 [0m|[33m  14.0 [0m|
|[31m    315 [0m|[32m    19 [0m|[33m    -4.00 [0m|[34;1m              +2351.00 [0m|[35m         16.6 [0m|[36;1m             70.895% [0m|[31;1m            35.556% [0m|[32;1m                         +0.18367 [0m|[33m  14.0 [0m|
|[31m    316 [0m|[32m    19 [0m|[33m    -4.00 [0m|[34;1m              +2347.00 [0m|[35m         16.6 [0m|[36;1m             70.895% [0m|[31;1m            35.601% [0m|[32;1m                         +0.18336 [0m|[33m  14.0 [0m|
|[31m    317 [0m|[32m    19 [0m|[33m    -4.00 [0m|[34;1m              +2343.00 [0m|[35m         16.7 [0m|[36;1m             70.895% [0m|[31;1m            35.647% [0m|[32;1m                         +0.18305 [0m|[33m  14.0 [0m|
|[31m    318 [0m|[32m    19 [0m|[33m    -4.00 [0m|[34;1m              +2339.00 [0m|[35m         16.7 [0m|[36;1m             70.895% [0m|[31;1m            35.692% [0m|[32;1m                         +0.18273 [0m|[33m  14.1 [0m|
|[31m    319 [0m|[32m    19 [0m|[33m    -4.00 [0m|[34;1m              +2335.00 [0m|[35m         16.8 [0m|[36;1m             70.895% [0m|[31;1m            35.737% [0m|[32;1m                         +0.18242 [0m|[33m  14.1 [0m|
|[31m    320 [0m|[32m    19 [0m|[33m    -4.00 [0m|[34;1m              +2331.00 [0m|[35m         16.8 [0m|[36;1m             70.895% [0m|[31;1m            35.781% [0m|[32;1m                         +0.18211 [0m|[33m  14.1 [0m|
|[31m    321 [0m|[32m    19 [0m|[33m    -4.00 [0m|[34;1m              +2327.00 [0m|[35m         16.9 [0m|[36;1m             70.895% [0m|[31;1m            35.826% [0m|[32;1m                         +0.18180 [0m|[33m  14.1 [0m|
|[31m    322 [0m|[32m    19 [0m|[33m    -4.00 [0m|[34;1m              +2323.00 [0m|[35m         16.9 [0m|[36;1m             70.895% [0m|[31;1m            35.870% [0m|[32;1m                         +0.18148 [0m|[33m  14.1 [0m|
|[31m    323 [0m|[32m    19 [0m|[33m    -4.00 [0m|[34;1m              +2319.00 [0m|[35m         17.0 [0m|[36;1m             70.895% [0m|[31;1m            35.913% [0m|[32;1m                         +0.18117 [0m|[33m  14.1 [0m|
|[31m    324 [0m|[32m    19 [0m|[33m    -4.00 [0m|[34;1m              +2315.00 [0m|[35m         17.1 [0m|[36;1m             70.895% [0m|[31;1m            35.957% [0m|[32;1m                         +0.18086 [0m|[33m  14.1 [0m|
|[31m    325 [0m|[32m    19 [0m|[33m    -4.00 [0m|[34;1m              +2311.00 [0m|[35m         17.1 [0m|[36;1m             70.895% [0m|[31;1m            36.000% [0m|[32;1m                         +0.18055 [0m|[33m  14.2 [0m|
|[31m    326 [0m|[32m    19 [0m|[33m    -4.00 [0m|[34;1m              +2307.00 [0m|[35m         17.2 [0m|[36;1m             70.895% [0m|[31;1m            36.043% [0m|[32;1m                         +0.18023 [0m|[33m  14.1 [0m|
|[31m    327 [0m|[32m    19 [0m|[33m    -4.00 [0m|[34;1m              +2303.00 [0m|[35m         17.2 [0m|[36;1m             70.895% [0m|[31;1m            36.086% [0m|[32;1m                         +0.17992 [0m|[33m  14.1 [0m|
|[31m    328 [0m|[32m    21 [0m|[33m  +385.00 [0m|[34;1m              +2688.00 [0m|[35m         15.6 [0m|[36;1m             73.143% [0m|[31;1m            36.128% [0m|[32;1m                         +0.21000 [0m|[33m  14.2 [0m|
|[31m    329 [0m|[32m    22 [0m|[33m  +119.00 [0m|[34;1m              +2807.00 [0m|[35m         15.0 [0m|[36;1m             70.864% [0m|[31;1m            36.170% [0m|[32;1m                         +0.21930 [0m|[33m  14.2 [0m|
|[31m    330 [0m|[32m    22 [0m|[33m    -4.00 [0m|[34;1m              +2803.00 [0m|[35m         15.0 [0m|[36;1m             70.864% [0m|[31;1m            36.212% [0m|[32;1m                         +0.21898 [0m|[33m  14.2 [0m|
|[31m    331 [0m|[32m    22 [0m|[33m    -4.00 [0m|[34;1m              +2799.00 [0m|[35m         15.0 [0m|[36;1m             70.864% [0m|[31;1m            36.254% [0m|[32;1m                         +0.21867 [0m|[33m  14.1 [0m|
|[31m    332 [0m|[32m    22 [0m|[33m    -4.00 [0m|[34;1m              +2795.00 [0m|[35m         15.1 [0m|[36;1m             70.864% [0m|[31;1m            36.295% [0m|[32;1m                         +0.21836 [0m|[33m  14.2 [0m|
|[31m    333 [0m|[32m    22 [0m|[33m    -4.00 [0m|[34;1m              +2791.00 [0m|[35m         15.1 [0m|[36;1m             70.864% [0m|[31;1m            36.336% [0m|[32;1m                         +0.21805 [0m|[33m  14.2 [0m|
|[31m    334 [0m|[32m    22 [0m|[33m    -4.00 [0m|[34;1m              +2787.00 [0m|[35m         15.2 [0m|[36;1m             70.864% [0m|[31;1m            36.377% [0m|[32;1m                         +0.21773 [0m|[33m  14.2 [0m|
|[31m    335 [0m|[32m    22 [0m|[33m    -4.00 [0m|[34;1m              +2783.00 [0m|[35m         15.2 [0m|[36;1m             70.864% [0m|[31;1m            36.418% [0m|[32;1m                         +0.21742 [0m|[33m  14.3 [0m|
|[31m    336 [0m|[32m    22 [0m|[33m    -5.00 [0m|[34;1m              +2778.00 [0m|[35m         15.3 [0m|[36;1m             70.864% [0m|[31;1m            36.496% [0m|[32;1m                         +0.21703 [0m|[33m  14.2 [0m|
|[31m    337 [0m|[32m    22 [0m|[33m    -5.00 [0m|[34;1m              +2773.00 [0m|[35m         15.3 [0m|[36;1m             70.864% [0m|[31;1m            36.573% [0m|[32;1m                         +0.21664 [0m|[33m  14.3 [0m|
|[31m    338 [0m|[32m    22 [0m|[33m    -5.00 [0m|[34;1m              +2768.00 [0m|[35m         15.4 [0m|[36;1m             70.864% [0m|[31;1m            36.649% [0m|[32;1m                         +0.21625 [0m|[33m  14.3 [0m|
|[31m    339 [0m|[32m    22 [0m|[33m    -6.00 [0m|[34;1m              +2762.00 [0m|[35m         15.4 [0m|[36;1m             70.864% [0m|[31;1m            36.763% [0m|[32;1m                         +0.21578 [0m|[33m  14.3 [0m|
|[31m    340 [0m|[32m    22 [0m|[33m    -6.00 [0m|[34;1m              +2756.00 [0m|[35m         15.5 [0m|[36;1m             70.864% [0m|[31;1m            36.875% [0m|[32;1m                         +0.21531 [0m|[33m  14.3 [0m|
|[31m    341 [0m|[32m    22 [0m|[33m    -6.00 [0m|[34;1m              +2750.00 [0m|[35m         15.5 [0m|[36;1m             70.864% [0m|[31;1m            36.987% [0m|[32;1m                         +0.21484 [0m|[33m  14.3 [0m|
|[31m    342 [0m|[32m    22 [0m|[33m    -6.00 [0m|[34;1m              +2744.00 [0m|[35m         15.5 [0m|[36;1m             70.864% [0m|[31;1m            37.098% [0m|[32;1m                         +0.21438 [0m|[33m  14.3 [0m|
|[31m    343 [0m|[32m    22 [0m|[33m    -6.00 [0m|[34;1m              +2738.00 [0m|[35m         15.6 [0m|[36;1m             70.864% [0m|[31;1m            37.208% [0m|[32;1m                         +0.21391 [0m|[33m  14.3 [0m|
|[31m    344 [0m|[32m    22 [0m|[33m    -6.00 [0m|[34;1m              +2732.00 [0m|[35m         15.6 [0m|[36;1m             70.864% [0m|[31;1m            37.318% [0m|[32;1m                         +0.21344 [0m|[33m  14.4 [0m|
|[31m    345 [0m|[32m    22 [0m|[33m    -6.00 [0m|[34;1m              +2726.00 [0m|[35m         15.7 [0m|[36;1m             70.864% [0m|[31;1m            37.428% [0m|[32;1m                         +0.21297 [0m|[33m  14.4 [0m|
|[31m    346 [0m|[32m    22 [0m|[33m    -6.00 [0m|[34;1m              +2720.00 [0m|[35m         15.7 [0m|[36;1m             70.864% [0m|[31;1m            37.536% [0m|[32;1m                         +0.21250 [0m|[33m  14.4 [0m|
|[31m    347 [0m|[32m    22 [0m|[33m    -6.00 [0m|[34;1m              +2714.00 [0m|[35m         15.8 [0m|[36;1m             70.864% [0m|[31;1m            37.644% [0m|[32;1m                         +0.21203 [0m|[33m  14.4 [0m|
|[31m    348 [0m|[32m    23 [0m|[33m  +164.00 [0m|[34;1m              +2878.00 [0m|[35m         15.1 [0m|[36;1m             70.826% [0m|[31;1m            37.751% [0m|[32;1m                         +0.22484 [0m|[33m  14.4 [0m|
|[31m    349 [0m|[32m    23 [0m|[33m    -6.00 [0m|[34;1m              +2872.00 [0m|[35m         15.2 [0m|[36;1m             70.826% [0m|[31;1m            37.858% [0m|[32;1m                         +0.22437 [0m|[33m  14.4 [0m|
|[31m    350 [0m|[32m    23 [0m|[33m    -6.00 [0m|[34;1m              +2866.00 [0m|[35m         15.2 [0m|[36;1m             70.826% [0m|[31;1m            37.964% [0m|[32;1m                         +0.22391 [0m|[33m  14.4 [0m|
|[31m    351 [0m|[32m    23 [0m|[33m    -6.00 [0m|[34;1m              +2860.00 [0m|[35m         15.3 [0m|[36;1m             70.826% [0m|[31;1m            38.070% [0m|[32;1m                         +0.22344 [0m|[33m  14.4 [0m|
|[31m    352 [0m|[32m    23 [0m|[33m    -6.00 [0m|[34;1m              +2854.00 [0m|[35m         15.3 [0m|[36;1m             70.826% [0m|[31;1m            38.175% [0m|[32;1m                         +0.22297 [0m|[33m  14.4 [0m|
|[31m    353 [0m|[32m    25 [0m|[33m  +266.00 [0m|[34;1m              +3120.00 [0m|[35m         14.1 [0m|[36;1m             68.040% [0m|[31;1m            38.279% [0m|[32;1m                         +0.24375 [0m|[33m  14.4 [0m|
|[31m    354 [0m|[32m    25 [0m|[33m    -6.00 [0m|[34;1m              +3114.00 [0m|[35m         14.2 [0m|[36;1m             68.040% [0m|[31;1m            38.383% [0m|[32;1m                         +0.24328 [0m|[33m  14.4 [0m|
|[31m    355 [0m|[32m    25 [0m|[33m    -6.00 [0m|[34;1m              +3108.00 [0m|[35m         14.2 [0m|[36;1m             68.040% [0m|[31;1m            38.486% [0m|[32;1m                         +0.24281 [0m|[33m  14.5 [0m|
|[31m    356 [0m|[32m    25 [0m|[33m    -6.00 [0m|[34;1m              +3102.00 [0m|[35m         14.2 [0m|[36;1m             68.040% [0m|[31;1m            38.588% [0m|[32;1m                         +0.24234 [0m|[33m  14.4 [0m|
|[31m    357 [0m|[32m    25 [0m|[33m    -6.00 [0m|[34;1m              +3096.00 [0m|[35m         14.3 [0m|[36;1m             68.040% [0m|[31;1m            38.690% [0m|[32;1m                         +0.24188 [0m|[33m  14.5 [0m|
|[31m    358 [0m|[32m    25 [0m|[33m    -6.00 [0m|[34;1m              +3090.00 [0m|[35m         14.3 [0m|[36;1m             68.040% [0m|[31;1m            38.792% [0m|[32;1m                         +0.24141 [0m|[33m  14.5 [0m|
|[31m    359 [0m|[32m    25 [0m|[33m    -6.00 [0m|[34;1m              +3084.00 [0m|[35m         14.4 [0m|[36;1m             68.040% [0m|[31;1m            38.893% [0m|[32;1m                         +0.24094 [0m|[33m  14.5 [0m|
|[31m    360 [0m|[32m    25 [0m|[33m    -6.00 [0m|[34;1m              +3078.00 [0m|[35m         14.4 [0m|[36;1m             68.040% [0m|[31;1m            38.993% [0m|[32;1m                         +0.24047 [0m|[33m  14.5 [0m|
|[31m    361 [0m|[32m    25 [0m|[33m    -6.00 [0m|[34;1m              +3072.00 [0m|[35m         14.4 [0m|[36;1m             68.040% [0m|[31;1m            39.093% [0m|[32;1m                         +0.24000 [0m|[33m  14.5 [0m|
|[31m    362 [0m|[32m    25 [0m|[33m    -6.00 [0m|[34;1m              +3066.00 [0m|[35m         14.5 [0m|[36;1m             68.040% [0m|[31;1m            39.192% [0m|[32;1m                         +0.23953 [0m|[33m  14.5 [0m|
|[31m    363 [0m|[32m    25 [0m|[33m    -6.00 [0m|[34;1m              +3060.00 [0m|[35m         14.5 [0m|[36;1m             68.040% [0m|[31;1m            39.291% [0m|[32;1m                         +0.23906 [0m|[33m  14.5 [0m|
|[31m    364 [0m|[32m    25 [0m|[33m    -5.00 [0m|[34;1m              +3055.00 [0m|[35m         14.6 [0m|[36;1m             68.040% [0m|[31;1m            39.354% [0m|[32;1m                         +0.23867 [0m|[33m  14.5 [0m|
|[31m    365 [0m|[32m    25 [0m|[33m    -6.00 [0m|[34;1m              +3049.00 [0m|[35m         14.6 [0m|[36;1m             68.040% [0m|[31;1m            39.452% [0m|[32;1m                         +0.23820 [0m|[33m  14.6 [0m|
|[31m    366 [0m|[32m    25 [0m|[33m    -5.00 [0m|[34;1m              +3044.00 [0m|[35m         14.6 [0m|[36;1m             68.040% [0m|[31;1m            39.515% [0m|[32;1m                         +0.23781 [0m|[33m  14.5 [0m|
|[31m    367 [0m|[32m    25 [0m|[33m    -4.00 [0m|[34;1m              +3040.00 [0m|[35m         14.7 [0m|[36;1m             68.040% [0m|[31;1m            39.544% [0m|[32;1m                         +0.23750 [0m|[33m  14.5 [0m|
|[31m    368 [0m|[32m    25 [0m|[33m    -4.00 [0m|[34;1m              +3036.00 [0m|[35m         14.7 [0m|[36;1m             68.040% [0m|[31;1m            39.572% [0m|[32;1m                         +0.23719 [0m|[33m  14.6 [0m|
|[31m    369 [0m|[32m    25 [0m|[33m    -4.00 [0m|[34;1m              +3032.00 [0m|[35m         14.8 [0m|[36;1m             68.040% [0m|[31;1m            39.600% [0m|[32;1m                         +0.23688 [0m|[33m  14.6 [0m|
|[31m    370 [0m|[32m    25 [0m|[33m    -4.00 [0m|[34;1m              +3028.00 [0m|[35m         14.8 [0m|[36;1m             68.040% [0m|[31;1m            39.628% [0m|[32;1m                         +0.23656 [0m|[33m  14.6 [0m|
|[31m    371 [0m|[32m    25 [0m|[33m    -4.00 [0m|[34;1m              +3024.00 [0m|[35m         14.8 [0m|[36;1m             68.040% [0m|[31;1m            39.656% [0m|[32;1m                         +0.23625 [0m|[33m  14.6 [0m|
|[31m    372 [0m|[32m    25 [0m|[33m    -4.00 [0m|[34;1m              +3020.00 [0m|[35m         14.9 [0m|[36;1m             68.040% [0m|[31;1m            39.684% [0m|[32;1m                         +0.23594 [0m|[33m  14.6 [0m|
|[31m    373 [0m|[32m    25 [0m|[33m    -4.00 [0m|[34;1m              +3016.00 [0m|[35m         14.9 [0m|[36;1m             68.040% [0m|[31;1m            39.712% [0m|[32;1m                         +0.23563 [0m|[33m  14.6 [0m|
|[31m    374 [0m|[32m    25 [0m|[33m    -4.00 [0m|[34;1m              +3012.00 [0m|[35m         15.0 [0m|[36;1m             68.040% [0m|[31;1m            39.739% [0m|[32;1m                         +0.23531 [0m|[33m  14.6 [0m|
|[31m    375 [0m|[32m    25 [0m|[33m    -5.00 [0m|[34;1m              +3007.00 [0m|[35m         15.0 [0m|[36;1m             68.040% [0m|[31;1m            39.800% [0m|[32;1m                         +0.23492 [0m|[33m  14.6 [0m|
|[31m    376 [0m|[32m    25 [0m|[33m    -5.00 [0m|[34;1m              +3002.00 [0m|[35m         15.0 [0m|[36;1m             68.040% [0m|[31;1m            39.860% [0m|[32;1m                         +0.23453 [0m|[33m  14.6 [0m|
|[31m    377 [0m|[32m    25 [0m|[33m    -5.00 [0m|[34;1m              +2997.00 [0m|[35m         15.1 [0m|[36;1m             68.040% [0m|[31;1m            39.920% [0m|[32;1m                         +0.23414 [0m|[33m  14.6 [0m|
|[31m    378 [0m|[32m    25 [0m|[33m    -6.00 [0m|[34;1m              +2991.00 [0m|[35m         15.1 [0m|[36;1m             68.040% [0m|[31;1m            40.013% [0m|[32;1m                         +0.23367 [0m|[33m  14.7 [0m|
|[31m    379 [0m|[32m    25 [0m|[33m    -6.00 [0m|[34;1m              +2985.00 [0m|[35m         15.2 [0m|[36;1m             68.040% [0m|[31;1m            40.106% [0m|[32;1m                         +0.23320 [0m|[33m  14.7 [0m|
|[31m    380 [0m|[32m    25 [0m|[33m    -6.00 [0m|[34;1m              +2979.00 [0m|[35m         15.2 [0m|[36;1m             68.040% [0m|[31;1m            40.197% [0m|[32;1m                         +0.23273 [0m|[33m  14.7 [0m|
|[31m    381 [0m|[32m    25 [0m|[33m    -5.00 [0m|[34;1m              +2974.00 [0m|[35m         15.2 [0m|[36;1m             68.040% [0m|[31;1m            40.256% [0m|[32;1m                         +0.23234 [0m|[33m  14.7 [0m|
|[31m    382 [0m|[32m    25 [0m|[33m    -5.00 [0m|[34;1m              +2969.00 [0m|[35m         15.3 [0m|[36;1m             68.040% [0m|[31;1m            40.314% [0m|[32;1m                         +0.23195 [0m|[33m  14.7 [0m|
|[31m    383 [0m|[32m    25 [0m|[33m    -4.00 [0m|[34;1m              +2965.00 [0m|[35m         15.3 [0m|[36;1m             68.040% [0m|[31;1m            40.339% [0m|[32;1m                         +0.23164 [0m|[33m  14.7 [0m|
|[31m    384 [0m|[32m    25 [0m|[33m    -3.00 [0m|[34;1m              +2962.00 [0m|[35m         15.4 [0m|[36;1m             68.040% [0m|[31;1m            40.332% [0m|[32;1m                         +0.23141 [0m|[33m  14.7 [0m|
|[31m    385 [0m|[32m    25 [0m|[33m    -3.00 [0m|[34;1m              +2959.00 [0m|[35m         15.4 [0m|[36;1m             68.040% [0m|[31;1m            40.325% [0m|[32;1m                         +0.23117 [0m|[33m  14.8 [0m|
|[31m    386 [0m|[32m    25 [0m|[33m    -4.00 [0m|[34;1m              +2955.00 [0m|[35m         15.4 [0m|[36;1m             68.040% [0m|[31;1m            40.350% [0m|[32;1m                         +0.23086 [0m|[33m  14.7 [0m|
|[31m    387 [0m|[32m    25 [0m|[33m    -4.00 [0m|[34;1m              +2951.00 [0m|[35m         15.5 [0m|[36;1m             68.040% [0m|[31;1m            40.375% [0m|[32;1m                         +0.23055 [0m|[33m  14.7 [0m|
|[31m    388 [0m|[32m    25 [0m|[33m    -4.00 [0m|[34;1m              +2947.00 [0m|[35m         15.5 [0m|[36;1m             68.040% [0m|[31;1m            40.399% [0m|[32;1m                         +0.23023 [0m|[33m  14.8 [0m|
|[31m    389 [0m|[32m    25 [0m|[33m    -4.00 [0m|[34;1m              +2943.00 [0m|[35m         15.6 [0m|[36;1m             68.040% [0m|[31;1m            40.424% [0m|[32;1m                         +0.22992 [0m|[33m  14.8 [0m|
|[31m    390 [0m|[32m    25 [0m|[33m    -4.00 [0m|[34;1m              +2939.00 [0m|[35m         15.6 [0m|[36;1m             68.040% [0m|[31;1m            40.449% [0m|[32;1m                         +0.22961 [0m|[33m  14.8 [0m|
|[31m    391 [0m|[32m    25 [0m|[33m    -3.00 [0m|[34;1m              +2936.00 [0m|[35m         15.6 [0m|[36;1m             68.040% [0m|[31;1m            40.441% [0m|[32;1m                         +0.22937 [0m|[33m  14.8 [0m|
|[31m    392 [0m|[32m    25 [0m|[33m    -2.00 [0m|[34;1m              +2934.00 [0m|[35m         15.7 [0m|[36;1m             68.040% [0m|[31;1m            40.402% [0m|[32;1m                         +0.22922 [0m|[33m  14.8 [0m|
|[31m    393 [0m|[32m    25 [0m|[33m    -2.00 [0m|[34;1m              +2932.00 [0m|[35m         15.7 [0m|[36;1m             68.040% [0m|[31;1m            40.363% [0m|[32;1m                         +0.22906 [0m|[33m  14.8 [0m|
|[31m    394 [0m|[32m    25 [0m|[33m    -2.00 [0m|[34;1m              +2930.00 [0m|[35m         15.8 [0m|[36;1m             68.040% [0m|[31;1m            40.324% [0m|[32;1m                         +0.22891 [0m|[33m  14.8 [0m|
|[31m    395 [0m|[32m    25 [0m|[33m    -2.00 [0m|[34;1m              +2928.00 [0m|[35m         15.8 [0m|[36;1m             68.040% [0m|[31;1m            40.285% [0m|[32;1m                         +0.22875 [0m|[33m  14.8 [0m|
|[31m    396 [0m|[32m    25 [0m|[33m    -2.00 [0m|[34;1m              +2926.00 [0m|[35m         15.8 [0m|[36;1m             68.040% [0m|[31;1m            40.246% [0m|[32;1m                         +0.22859 [0m|[33m  14.8 [0m|
|[31m    397 [0m|[32m    25 [0m|[33m    -3.00 [0m|[34;1m              +2923.00 [0m|[35m         15.9 [0m|[36;1m             68.040% [0m|[31;1m            40.239% [0m|[32;1m                         +0.22836 [0m|[33m  14.9 [0m|
|[31m    398 [0m|[32m    25 [0m|[33m    -2.00 [0m|[34;1m              +2921.00 [0m|[35m         15.9 [0m|[36;1m             68.040% [0m|[31;1m            40.201% [0m|[32;1m                         +0.22820 [0m|[33m  14.9 [0m|
|[31m    399 [0m|[32m    25 [0m|[33m    -3.00 [0m|[34;1m              +2918.00 [0m|[35m         16.0 [0m|[36;1m             68.040% [0m|[31;1m            40.194% [0m|[32;1m                         +0.22797 [0m|[33m  14.9 [0m|
|[31m    400 [0m|[32m    25 [0m|[33m    -4.00 [0m|[34;1m              +2914.00 [0m|[35m         16.0 [0m|[36;1m             68.040% [0m|[31;1m            40.219% [0m|[32;1m                         +0.22766 [0m|[33m  14.9 [0m|
|[31m    401 [0m|[32m    25 [0m|[33m    -3.00 [0m|[34;1m              +2911.00 [0m|[35m         16.0 [0m|[36;1m             68.040% [0m|[31;1m            40.212% [0m|[32;1m                         +0.22742 [0m|[33m  14.9 [0m|
|[31m    402 [0m|[32m    25 [0m|[33m    -2.00 [0m|[34;1m              +2909.00 [0m|[35m         16.1 [0m|[36;1m             68.040% [0m|[31;1m            40.174% [0m|[32;1m                         +0.22727 [0m|[33m  14.9 [0m|
|[31m    403 [0m|[32m    25 [0m|[33m    -2.00 [0m|[34;1m              +2907.00 [0m|[35m         16.1 [0m|[36;1m             68.040% [0m|[31;1m            40.136% [0m|[32;1m                         +0.22711 [0m|[33m  14.9 [0m|
|[31m    404 [0m|[32m    25 [0m|[33m    -2.00 [0m|[34;1m              +2905.00 [0m|[35m         16.2 [0m|[36;1m             68.040% [0m|[31;1m            40.099% [0m|[32;1m                         +0.22695 [0m|[33m  14.9 [0m|
|[31m    405 [0m|[32m    26 [0m|[33m  +109.00 [0m|[34;1m              +3014.00 [0m|[35m         15.6 [0m|[36;1m             65.846% [0m|[31;1m            40.062% [0m|[32;1m                         +0.23547 [0m|[33m  15.0 [0m|
|[31m    406 [0m|[32m    27 [0m|[33m  +123.00 [0m|[34;1m              +3137.00 [0m|[35m         15.0 [0m|[36;1m             64.333% [0m|[31;1m            40.025% [0m|[32;1m                         +0.24508 [0m|[33m  14.9 [0m|
|[31m    407 [0m|[32m    27 [0m|[33m    -2.00 [0m|[34;1m              +3135.00 [0m|[35m         15.1 [0m|[36;1m             64.333% [0m|[31;1m            39.988% [0m|[32;1m                         +0.24492 [0m|[33m  14.9 [0m|
|[31m    408 [0m|[32m    27 [0m|[33m    -2.00 [0m|[34;1m              +3133.00 [0m|[35m         15.1 [0m|[36;1m             64.333% [0m|[31;1m            39.951% [0m|[32;1m                         +0.24477 [0m|[33m  14.9 [0m|
|[31m    409 [0m|[32m    27 [0m|[33m    -2.00 [0m|[34;1m              +3131.00 [0m|[35m         15.1 [0m|[36;1m             64.333% [0m|[31;1m            39.914% [0m|[32;1m                         +0.24461 [0m|[33m  15.0 [0m|
|[31m    410 [0m|[32m    27 [0m|[33m    -2.00 [0m|[34;1m              +3129.00 [0m|[35m         15.2 [0m|[36;1m             64.333% [0m|[31;1m            39.878% [0m|[32;1m                         +0.24445 [0m|[33m  15.0 [0m|
|[31m    411 [0m|[32m    27 [0m|[33m    -2.00 [0m|[34;1m              +3127.00 [0m|[35m         15.2 [0m|[36;1m             64.333% [0m|[31;1m            39.842% [0m|[32;1m                         +0.24430 [0m|[33m  14.9 [0m|
|[31m    412 [0m|[32m    27 [0m|[33m    -2.00 [0m|[34;1m              +3125.00 [0m|[35m         15.3 [0m|[36;1m             64.333% [0m|[31;1m            39.806% [0m|[32;1m                         +0.24414 [0m|[33m  15.0 [0m|
|[31m    413 [0m|[32m    27 [0m|[33m    -2.00 [0m|[34;1m              +3123.00 [0m|[35m         15.3 [0m|[36;1m             64.333% [0m|[31;1m            39.770% [0m|[32;1m                         +0.24398 [0m|[33m  15.0 [0m|
|[31m    414 [0m|[32m    27 [0m|[33m    -1.00 [0m|[34;1m              +3122.00 [0m|[35m         15.3 [0m|[36;1m             64.333% [0m|[31;1m            39.704% [0m|[32;1m                         +0.24391 [0m|[33m  15.0 [0m|
|[31m    415 [0m|[32m    27 [0m|[33m    -1.00 [0m|[34;1m              +3121.00 [0m|[35m         15.4 [0m|[36;1m             64.333% [0m|[31;1m            39.639% [0m|[32;1m                         +0.24383 [0m|[33m  15.0 [0m|
|[31m    416 [0m|[32m    27 [0m|[33m    -1.00 [0m|[34;1m              +3120.00 [0m|[35m         15.4 [0m|[36;1m             64.333% [0m|[31;1m            39.573% [0m|[32;1m                         +0.24375 [0m|[33m  15.0 [0m|
|[31m    417 [0m|[32m    27 [0m|[33m    -2.00 [0m|[34;1m              +3118.00 [0m|[35m         15.4 [0m|[36;1m             64.333% [0m|[31;1m            39.538% [0m|[32;1m                         +0.24359 [0m|[33m  15.0 [0m|
|[31m    418 [0m|[32m    27 [0m|[33m    -2.00 [0m|[34;1m              +3116.00 [0m|[35m         15.5 [0m|[36;1m             64.333% [0m|[31;1m            39.504% [0m|[32;1m                         +0.24344 [0m|[33m  15.0 [0m|
|[31m    419 [0m|[32m    27 [0m|[33m    -2.00 [0m|[34;1m              +3114.00 [0m|[35m         15.5 [0m|[36;1m             64.333% [0m|[31;1m            39.469% [0m|[32;1m                         +0.24328 [0m|[33m  15.0 [0m|
|[31m    420 [0m|[32m    27 [0m|[33m    -2.00 [0m|[34;1m              +3112.00 [0m|[35m         15.6 [0m|[36;1m             64.333% [0m|[31;1m            39.435% [0m|[32;1m                         +0.24313 [0m|[33m  15.0 [0m|
|[31m    421 [0m|[32m    27 [0m|[33m    -2.00 [0m|[34;1m              +3110.00 [0m|[35m         15.6 [0m|[36;1m             64.333% [0m|[31;1m            39.400% [0m|[32;1m                         +0.24297 [0m|[33m  15.0 [0m|
|[31m    422 [0m|[32m    27 [0m|[33m    -2.00 [0m|[34;1m              +3108.00 [0m|[35m         15.6 [0m|[36;1m             64.333% [0m|[31;1m            39.366% [0m|[32;1m                         +0.24281 [0m|[33m  15.0 [0m|
|[31m    423 [0m|[32m    27 [0m|[33m    -2.00 [0m|[34;1m              +3106.00 [0m|[35m         15.7 [0m|[36;1m             64.333% [0m|[31;1m            39.332% [0m|[32;1m                         +0.24266 [0m|[33m  15.0 [0m|
|[31m    424 [0m|[32m    27 [0m|[33m    -2.00 [0m|[34;1m              +3104.00 [0m|[35m         15.7 [0m|[36;1m             64.333% [0m|[31;1m            39.298% [0m|[32;1m                         +0.24250 [0m|[33m  15.0 [0m|
|[31m    425 [0m|[32m    27 [0m|[33m    -2.00 [0m|[34;1m              +3102.00 [0m|[35m         15.7 [0m|[36;1m             64.333% [0m|[31;1m            39.265% [0m|[32;1m                         +0.24234 [0m|[33m  15.0 [0m|
|[31m    426 [0m|[32m    27 [0m|[33m    -2.00 [0m|[34;1m              +3100.00 [0m|[35m         15.8 [0m|[36;1m             64.333% [0m|[31;1m            39.231% [0m|[32;1m                         +0.24219 [0m|[33m  15.0 [0m|
|[31m    427 [0m|[32m    27 [0m|[33m    -2.00 [0m|[34;1m              +3098.00 [0m|[35m         15.8 [0m|[36;1m             64.333% [0m|[31;1m            39.198% [0m|[32;1m                         +0.24203 [0m|[33m  15.0 [0m|
|[31m    428 [0m|[32m    27 [0m|[33m    -2.00 [0m|[34;1m              +3096.00 [0m|[35m         15.9 [0m|[36;1m             64.333% [0m|[31;1m            39.165% [0m|[32;1m                         +0.24188 [0m|[33m  15.0 [0m|
|[31m    429 [0m|[32m    27 [0m|[33m    -2.00 [0m|[34;1m              +3094.00 [0m|[35m         15.9 [0m|[36;1m             64.333% [0m|[31;1m            39.132% [0m|[32;1m                         +0.24172 [0m|[33m  15.0 [0m|
|[31m    430 [0m|[32m    27 [0m|[33m    -2.00 [0m|[34;1m              +3092.00 [0m|[35m         15.9 [0m|[36;1m             64.333% [0m|[31;1m            39.099% [0m|[32;1m                         +0.24156 [0m|[33m  15.0 [0m|
|[31m    431 [0m|[32m    27 [0m|[33m    -1.00 [0m|[34;1m              +3091.00 [0m|[35m         16.0 [0m|[36;1m             64.333% [0m|[31;1m            39.037% [0m|[32;1m                         +0.24148 [0m|[33m  15.0 [0m|
|[31m    432 [0m|[32m    27 [0m|[33m    -1.00 [0m|[34;1m              +3090.00 [0m|[35m         16.0 [0m|[36;1m             64.333% [0m|[31;1m            38.976% [0m|[32;1m                         +0.24141 [0m|[33m  15.0 [0m|
|[31m    433 [0m|[32m    27 [0m|[33m    -1.00 [0m|[34;1m              +3089.00 [0m|[35m         16.0 [0m|[36;1m             64.333% [0m|[31;1m            38.915% [0m|[32;1m                         +0.24133 [0m|[33m  15.1 [0m|
|[31m    434 [0m|[32m    27 [0m|[33m    -2.00 [0m|[34;1m              +3087.00 [0m|[35m         16.1 [0m|[36;1m             64.333% [0m|[31;1m            38.882% [0m|[32;1m                         +0.24117 [0m|[33m  15.1 [0m|
|[31m    435 [0m|[32m    27 [0m|[33m    -2.00 [0m|[34;1m              +3085.00 [0m|[35m         16.1 [0m|[36;1m             64.333% [0m|[31;1m            38.851% [0m|[32;1m                         +0.24102 [0m|[33m  15.1 [0m|
|[31m    436 [0m|[32m    27 [0m|[33m    -1.00 [0m|[34;1m              +3084.00 [0m|[35m         16.1 [0m|[36;1m             64.333% [0m|[31;1m            38.790% [0m|[32;1m                         +0.24094 [0m|[33m  15.1 [0m|
|[31m    437 [0m|[32m    27 [0m|[33m    -1.00 [0m|[34;1m              +3083.00 [0m|[35m         16.2 [0m|[36;1m             64.333% [0m|[31;1m            38.730% [0m|[32;1m                         +0.24086 [0m|[33m  15.1 [0m|
|[31m    438 [0m|[32m    28 [0m|[33m  +152.00 [0m|[34;1m              +3235.00 [0m|[35m         15.6 [0m|[36;1m             63.929% [0m|[31;1m            38.670% [0m|[32;1m                         +0.25273 [0m|[33m  15.1 [0m|
|[31m    439 [0m|[32m    28 [0m|[33m    -1.00 [0m|[34;1m              +3234.00 [0m|[35m         15.7 [0m|[36;1m             63.929% [0m|[31;1m            38.610% [0m|[32;1m                         +0.25266 [0m|[33m  15.1 [0m|
|[31m    440 [0m|[32m    28 [0m|[33m    -2.00 [0m|[34;1m              +3232.00 [0m|[35m         15.7 [0m|[36;1m             63.929% [0m|[31;1m            38.580% [0m|[32;1m                         +0.25250 [0m|[33m  15.1 [0m|
|[31m    441 [0m|[32m    28 [0m|[33m    -2.00 [0m|[34;1m              +3230.00 [0m|[35m         15.8 [0m|[36;1m             63.929% [0m|[31;1m            38.549% [0m|[32;1m                         +0.25234 [0m|[33m  15.1 [0m|
|[31m    442 [0m|[32m    30 [0m|[33m  +244.00 [0m|[34;1m              +3474.00 [0m|[35m         14.7 [0m|[36;1m             61.167% [0m|[31;1m            38.490% [0m|[32;1m                         +0.27141 [0m|[33m  15.1 [0m|
|[31m    443 [0m|[32m    30 [0m|[33m    -1.00 [0m|[34;1m              +3473.00 [0m|[35m         14.8 [0m|[36;1m             61.167% [0m|[31;1m            38.431% [0m|[32;1m                         +0.27133 [0m|[33m  15.1 [0m|
|[31m    444 [0m|[32m    30 [0m|[33m    -1.00 [0m|[34;1m              +3472.00 [0m|[35m         14.8 [0m|[36;1m             61.167% [0m|[31;1m            38.373% [0m|[32;1m                         +0.27125 [0m|[33m  15.2 [0m|
|[31m    445 [0m|[32m    30 [0m|[33m    -1.00 [0m|[34;1m              +3471.00 [0m|[35m         14.8 [0m|[36;1m             61.167% [0m|[31;1m            38.315% [0m|[32;1m                         +0.27117 [0m|[33m  15.2 [0m|
|[31m    446 [0m|[32m    30 [0m|[33m    -1.00 [0m|[34;1m              +3470.00 [0m|[35m         14.9 [0m|[36;1m             61.167% [0m|[31;1m            38.257% [0m|[32;1m                         +0.27109 [0m|[33m  15.2 [0m|
|[31m    447 [0m|[32m    30 [0m|[33m    -1.00 [0m|[34;1m              +3469.00 [0m|[35m         14.9 [0m|[36;1m             61.167% [0m|[31;1m            38.199% [0m|[32;1m                         +0.27102 [0m|[33m  15.2 [0m|
|[31m    448 [0m|[32m    30 [0m|[33m    -1.00 [0m|[34;1m              +3468.00 [0m|[35m         14.9 [0m|[36;1m             61.167% [0m|[31;1m            38.142% [0m|[32;1m                         +0.27094 [0m|[33m  15.2 [0m|
|[31m    449 [0m|[32m    30 [0m|[33m    -1.00 [0m|[34;1m              +3467.00 [0m|[35m         15.0 [0m|[36;1m             61.167% [0m|[31;1m            38.085% [0m|[32;1m                         +0.27086 [0m|[33m  15.2 [0m|
|[31m    450 [0m|[32m    30 [0m|[33m    -1.00 [0m|[34;1m              +3466.00 [0m|[35m         15.0 [0m|[36;1m             61.167% [0m|[31;1m            38.028% [0m|[32;1m                         +0.27078 [0m|[33m  15.2 [0m|
|[31m    451 [0m|[32m    30 [0m|[33m    -1.00 [0m|[34;1m              +3465.00 [0m|[35m         15.0 [0m|[36;1m             61.167% [0m|[31;1m            37.971% [0m|[32;1m                         +0.27070 [0m|[33m  15.2 [0m|
|[31m    452 [0m|[32m    30 [0m|[33m    -1.00 [0m|[34;1m              +3464.00 [0m|[35m         15.1 [0m|[36;1m             61.167% [0m|[31;1m            37.915% [0m|[32;1m                         +0.27063 [0m|[33m  15.2 [0m|
|[31m    453 [0m|[32m    30 [0m|[33m    -1.00 [0m|[34;1m              +3463.00 [0m|[35m         15.1 [0m|[36;1m             61.167% [0m|[31;1m            37.859% [0m|[32;1m                         +0.27055 [0m|[33m  15.2 [0m|
|[31m    454 [0m|[32m    31 [0m|[33m  +107.00 [0m|[34;1m              +3570.00 [0m|[35m         14.6 [0m|[36;1m             59.452% [0m|[31;1m            37.803% [0m|[32;1m                         +0.27891 [0m|[33m  15.2 [0m|
|[31m    455 [0m|[32m    31 [0m|[33m    -1.00 [0m|[34;1m              +3569.00 [0m|[35m         14.7 [0m|[36;1m             59.452% [0m|[31;1m            37.747% [0m|[32;1m                         +0.27883 [0m|[33m  15.3 [0m|
|[31m    456 [0m|[32m    31 [0m|[33m    -1.00 [0m|[34;1m              +3568.00 [0m|[35m         14.7 [0m|[36;1m             59.452% [0m|[31;1m            37.692% [0m|[32;1m                         +0.27875 [0m|[33m  15.3 [0m|
|[31m    457 [0m|[32m    31 [0m|[33m    -1.00 [0m|[34;1m              +3567.00 [0m|[35m         14.7 [0m|[36;1m             59.452% [0m|[31;1m            37.637% [0m|[32;1m                         +0.27867 [0m|[33m  15.3 [0m|
|[31m    458 [0m|[32m    31 [0m|[33m    -1.00 [0m|[34;1m              +3566.00 [0m|[35m         14.8 [0m|[36;1m             59.452% [0m|[31;1m            37.582% [0m|[32;1m                         +0.27859 [0m|[33m  15.3 [0m|
|[31m    459 [0m|[32m    31 [0m|[33m    -2.00 [0m|[34;1m              +3564.00 [0m|[35m         14.8 [0m|[36;1m             59.452% [0m|[31;1m            37.554% [0m|[32;1m                         +0.27844 [0m|[33m  15.3 [0m|
|[31m    460 [0m|[32m    31 [0m|[33m    -2.00 [0m|[34;1m              +3562.00 [0m|[35m         14.8 [0m|[36;1m             59.452% [0m|[31;1m            37.527% [0m|[32;1m                         +0.27828 [0m|[33m  15.3 [0m|
|[31m    461 [0m|[32m    31 [0m|[33m    -2.00 [0m|[34;1m              +3560.00 [0m|[35m         14.9 [0m|[36;1m             59.452% [0m|[31;1m            37.500% [0m|[32;1m                         +0.27813 [0m|[33m  15.3 [0m|
|[31m    462 [0m|[32m    31 [0m|[33m    -2.00 [0m|[34;1m              +3558.00 [0m|[35m         14.9 [0m|[36;1m             59.452% [0m|[31;1m            37.473% [0m|[32;1m                         +0.27797 [0m|[33m  15.3 [0m|
|[31m    463 [0m|[32m    31 [0m|[33m    -2.00 [0m|[34;1m              +3556.00 [0m|[35m         14.9 [0m|[36;1m             59.452% [0m|[31;1m            37.446% [0m|[32;1m                         +0.27781 [0m|[33m  15.3 [0m|
|[31m    464 [0m|[32m    31 [0m|[33m    -2.00 [0m|[34;1m              +3554.00 [0m|[35m         15.0 [0m|[36;1m             59.452% [0m|[31;1m            37.419% [0m|[32;1m                         +0.27766 [0m|[33m  15.3 [0m|
|[31m    465 [0m|[32m    31 [0m|[33m    -2.00 [0m|[34;1m              +3552.00 [0m|[35m         15.0 [0m|[36;1m             59.452% [0m|[31;1m            37.392% [0m|[32;1m                         +0.27750 [0m|[33m  15.4 [0m|
|[31m    466 [0m|[32m    31 [0m|[33m    -2.00 [0m|[34;1m              +3550.00 [0m|[35m         15.0 [0m|[36;1m             59.452% [0m|[31;1m            37.366% [0m|[32;1m                         +0.27734 [0m|[33m  15.3 [0m|
|[31m    467 [0m|[32m    31 [0m|[33m    -2.00 [0m|[34;1m              +3548.00 [0m|[35m         15.1 [0m|[36;1m             59.452% [0m|[31;1m            37.339% [0m|[32;1m                         +0.27719 [0m|[33m  15.3 [0m|
|[31m    468 [0m|[32m    31 [0m|[33m    -2.00 [0m|[34;1m              +3546.00 [0m|[35m         15.1 [0m|[36;1m             59.452% [0m|[31;1m            37.313% [0m|[32;1m                         +0.27703 [0m|[33m  15.3 [0m|
|[31m    469 [0m|[32m    31 [0m|[33m    -2.00 [0m|[34;1m              +3544.00 [0m|[35m         15.1 [0m|[36;1m             59.452% [0m|[31;1m            37.287% [0m|[32;1m                         +0.27687 [0m|[33m  15.4 [0m|
|[31m    470 [0m|[32m    31 [0m|[33m    -2.00 [0m|[34;1m              +3542.00 [0m|[35m         15.2 [0m|[36;1m             59.452% [0m|[31;1m            37.261% [0m|[32;1m                         +0.27672 [0m|[33m  15.4 [0m|
|[31m    471 [0m|[32m    31 [0m|[33m    -2.00 [0m|[34;1m              +3540.00 [0m|[35m         15.2 [0m|[36;1m             59.452% [0m|[31;1m            37.235% [0m|[32;1m                         +0.27656 [0m|[33m  15.3 [0m|
|[31m    472 [0m|[32m    31 [0m|[33m    -3.00 [0m|[34;1m              +3537.00 [0m|[35m         15.2 [0m|[36;1m             59.452% [0m|[31;1m            37.235% [0m|[32;1m                         +0.27633 [0m|[33m  15.4 [0m|
|[31m    473 [0m|[32m    31 [0m|[33m    -3.00 [0m|[34;1m              +3534.00 [0m|[35m         15.3 [0m|[36;1m             59.452% [0m|[31;1m            37.236% [0m|[32;1m                         +0.27609 [0m|[33m  15.4 [0m|
|[31m    474 [0m|[32m    31 [0m|[33m    -3.00 [0m|[34;1m              +3531.00 [0m|[35m         15.3 [0m|[36;1m             59.452% [0m|[31;1m            37.236% [0m|[32;1m                         +0.27586 [0m|[33m  15.4 [0m|
|[31m    475 [0m|[32m    31 [0m|[33m    -3.00 [0m|[34;1m              +3528.00 [0m|[35m         15.3 [0m|[36;1m             59.452% [0m|[31;1m            37.237% [0m|[32;1m                         +0.27563 [0m|[33m  15.4 [0m|
|[31m    476 [0m|[32m    31 [0m|[33m    -3.00 [0m|[34;1m              +3525.00 [0m|[35m         15.4 [0m|[36;1m             59.452% [0m|[31;1m            37.237% [0m|[32;1m                         +0.27539 [0m|[33m  15.4 [0m|
|[31m    477 [0m|[32m    31 [0m|[33m    -2.00 [0m|[34;1m              +3523.00 [0m|[35m         15.4 [0m|[36;1m             59.452% [0m|[31;1m            37.212% [0m|[32;1m                         +0.27523 [0m|[33m  15.4 [0m|
|[31m    478 [0m|[32m    31 [0m|[33m    -2.00 [0m|[34;1m              +3521.00 [0m|[35m         15.4 [0m|[36;1m             59.452% [0m|[31;1m            37.186% [0m|[32;1m                         +0.27508 [0m|[33m  15.4 [0m|
|[31m    479 [0m|[32m    31 [0m|[33m    -4.00 [0m|[34;1m              +3517.00 [0m|[35m         15.5 [0m|[36;1m             59.452% [0m|[31;1m            37.213% [0m|[32;1m                         +0.27477 [0m|[33m  15.5 [0m|
|[31m    480 [0m|[32m    31 [0m|[33m    -3.00 [0m|[34;1m              +3514.00 [0m|[35m         15.5 [0m|[36;1m             59.452% [0m|[31;1m            37.214% [0m|[32;1m                         +0.27453 [0m|[33m  15.4 [0m|
|[31m    481 [0m|[32m    31 [0m|[33m    -4.00 [0m|[34;1m              +3510.00 [0m|[35m         15.5 [0m|[36;1m             59.452% [0m|[31;1m            37.240% [0m|[32;1m                         +0.27422 [0m|[33m  15.4 [0m|
|[31m    482 [0m|[32m    31 [0m|[33m    -3.00 [0m|[34;1m              +3507.00 [0m|[35m         15.5 [0m|[36;1m             59.452% [0m|[31;1m            37.241% [0m|[32;1m                         +0.27398 [0m|[33m  15.5 [0m|
|[31m    483 [0m|[32m    31 [0m|[33m    -2.00 [0m|[34;1m              +3505.00 [0m|[35m         15.6 [0m|[36;1m             59.452% [0m|[31;1m            37.215% [0m|[32;1m                         +0.27383 [0m|[33m  15.5 [0m|
|[31m    484 [0m|[32m    31 [0m|[33m    -2.00 [0m|[34;1m              +3503.00 [0m|[35m         15.6 [0m|[36;1m             59.452% [0m|[31;1m            37.190% [0m|[32;1m                         +0.27367 [0m|[33m  15.5 [0m|
|[31m    485 [0m|[32m    31 [0m|[33m    -2.00 [0m|[34;1m              +3501.00 [0m|[35m         15.6 [0m|[36;1m             59.452% [0m|[31;1m            37.165% [0m|[32;1m                         +0.27352 [0m|[33m  15.5 [0m|
|[31m    486 [0m|[32m    31 [0m|[33m    -2.00 [0m|[34;1m              +3499.00 [0m|[35m         15.7 [0m|[36;1m             59.452% [0m|[31;1m            37.140% [0m|[32;1m                         +0.27336 [0m|[33m  15.5 [0m|
|[31m    487 [0m|[32m    31 [0m|[33m    -3.00 [0m|[34;1m              +3496.00 [0m|[35m         15.7 [0m|[36;1m             59.452% [0m|[31;1m            37.141% [0m|[32;1m                         +0.27313 [0m|[33m  15.5 [0m|
|[31m    488 [0m|[32m    31 [0m|[33m    -3.00 [0m|[34;1m              +3493.00 [0m|[35m         15.7 [0m|[36;1m             59.452% [0m|[31;1m            37.141% [0m|[32;1m                         +0.27289 [0m|[33m  15.5 [0m|
|[31m    489 [0m|[32m    31 [0m|[33m    -3.00 [0m|[34;1m              +3490.00 [0m|[35m         15.8 [0m|[36;1m             59.452% [0m|[31;1m            37.142% [0m|[32;1m                         +0.27266 [0m|[33m  15.5 [0m|
|[31m    490 [0m|[32m    31 [0m|[33m    -3.00 [0m|[34;1m              +3487.00 [0m|[35m         15.8 [0m|[36;1m             59.452% [0m|[31;1m            37.143% [0m|[32;1m                         +0.27242 [0m|[33m  15.5 [0m|
|[31m    491 [0m|[32m    31 [0m|[33m    -3.00 [0m|[34;1m              +3484.00 [0m|[35m         15.8 [0m|[36;1m             59.452% [0m|[31;1m            37.144% [0m|[32;1m                         +0.27219 [0m|[33m  15.5 [0m|
|[31m    492 [0m|[32m    31 [0m|[33m    -3.00 [0m|[34;1m              +3481.00 [0m|[35m         15.9 [0m|[36;1m             59.452% [0m|[31;1m            37.144% [0m|[32;1m                         +0.27195 [0m|[33m  15.5 [0m|
|[31m    493 [0m|[32m    31 [0m|[33m    -4.00 [0m|[34;1m              +3477.00 [0m|[35m         15.9 [0m|[36;1m             59.452% [0m|[31;1m            37.170% [0m|[32;1m                         +0.27164 [0m|[33m  15.6 [0m|
|[31m    494 [0m|[32m    31 [0m|[33m    -2.00 [0m|[34;1m              +3475.00 [0m|[35m         15.9 [0m|[36;1m             59.452% [0m|[31;1m            37.146% [0m|[32;1m                         +0.27148 [0m|[33m  15.6 [0m|
|[31m    495 [0m|[32m    31 [0m|[33m    -1.00 [0m|[34;1m              +3474.00 [0m|[35m         16.0 [0m|[36;1m             59.452% [0m|[31;1m            37.096% [0m|[32;1m                         +0.27141 [0m|[33m  15.6 [0m|
|[31m    496 [0m|[32m    32 [0m|[33m  +198.00 [0m|[34;1m              +3672.00 [0m|[35m         15.5 [0m|[36;1m             60.719% [0m|[31;1m            37.072% [0m|[32;1m                         +0.28687 [0m|[33m  15.6 [0m|
|[31m    497 [0m|[32m    32 [0m|[33m    -3.00 [0m|[34;1m              +3669.00 [0m|[35m         15.5 [0m|[36;1m             60.719% [0m|[31;1m            37.072% [0m|[32;1m                         +0.28664 [0m|[33m  15.6 [0m|
|[31m    498 [0m|[32m    32 [0m|[33m    -3.00 [0m|[34;1m              +3666.00 [0m|[35m         15.6 [0m|[36;1m             60.719% [0m|[31;1m            37.073% [0m|[32;1m                         +0.28641 [0m|[33m  15.6 [0m|
|[31m    499 [0m|[32m    32 [0m|[33m    -4.00 [0m|[34;1m              +3662.00 [0m|[35m         15.6 [0m|[36;1m             60.719% [0m|[31;1m            37.099% [0m|[32;1m                         +0.28609 [0m|[33m  15.6 [0m|
|[31m    500 [0m|[32m    32 [0m|[33m    -4.00 [0m|[34;1m              +3658.00 [0m|[35m         15.6 [0m|[36;1m             60.719% [0m|[31;1m            37.125% [0m|[32;1m                         +0.28578 [0m|[33m  15.6 [0m|
|[31m    501 [0m|[32m    32 [0m|[33m    -3.00 [0m|[34;1m              +3655.00 [0m|[35m         15.7 [0m|[36;1m             60.719% [0m|[31;1m            37.126% [0m|[32;1m                         +0.28555 [0m|[33m  15.6 [0m|
|[31m    502 [0m|[32m    32 [0m|[33m    -3.00 [0m|[34;1m              +3652.00 [0m|[35m         15.7 [0m|[36;1m             60.719% [0m|[31;1m            37.126% [0m|[32;1m                         +0.28531 [0m|[33m  15.6 [0m|
|[31m    503 [0m|[32m    32 [0m|[33m    -2.00 [0m|[34;1m              +3650.00 [0m|[35m         15.7 [0m|[36;1m             60.719% [0m|[31;1m            37.102% [0m|[32;1m                         +0.28516 [0m|[33m  15.6 [0m|
|[31m    504 [0m|[32m    32 [0m|[33m    -1.00 [0m|[34;1m              +3649.00 [0m|[35m         15.8 [0m|[36;1m             60.719% [0m|[31;1m            37.054% [0m|[32;1m                         +0.28508 [0m|[33m  15.6 [0m|
|[31m    505 [0m|[32m    32 [0m|[33m    -1.00 [0m|[34;1m              +3648.00 [0m|[35m         15.8 [0m|[36;1m             60.719% [0m|[31;1m            37.005% [0m|[32;1m                         +0.28500 [0m|[33m  15.6 [0m|
|[31m    506 [0m|[32m    32 [0m|[33m    -1.00 [0m|[34;1m              +3647.00 [0m|[35m         15.8 [0m|[36;1m             60.719% [0m|[31;1m            36.957% [0m|[32;1m                         +0.28492 [0m|[33m  15.6 [0m|
|[31m    507 [0m|[32m    32 [0m|[33m    -2.00 [0m|[34;1m              +3645.00 [0m|[35m         15.8 [0m|[36;1m             60.719% [0m|[31;1m            36.933% [0m|[32;1m                         +0.28477 [0m|[33m  15.6 [0m|
|[31m    508 [0m|[32m    32 [0m|[33m    -2.00 [0m|[34;1m              +3643.00 [0m|[35m         15.9 [0m|[36;1m             60.719% [0m|[31;1m            36.909% [0m|[32;1m                         +0.28461 [0m|[33m  15.6 [0m|
|[31m    509 [0m|[32m    32 [0m|[33m    -1.00 [0m|[34;1m              +3642.00 [0m|[35m         15.9 [0m|[36;1m             60.719% [0m|[31;1m            36.861% [0m|[32;1m                         +0.28453 [0m|[33m  15.6 [0m|
|[31m    510 [0m|[32m    32 [0m|[33m    -2.00 [0m|[34;1m              +3640.00 [0m|[35m         15.9 [0m|[36;1m             60.719% [0m|[31;1m            36.838% [0m|[32;1m                         +0.28437 [0m|[33m  15.6 [0m|
|[31m    511 [0m|[32m    32 [0m|[33m    -2.00 [0m|[34;1m              +3638.00 [0m|[35m         16.0 [0m|[36;1m             60.719% [0m|[31;1m            36.815% [0m|[32;1m                         +0.28422 [0m|[33m  15.6 [0m|
|[31m    512 [0m|[32m    32 [0m|[33m    -1.00 [0m|[34;1m              +3637.00 [0m|[35m         16.0 [0m|[36;1m             60.719% [0m|[31;1m            36.768% [0m|[32;1m                         +0.28414 [0m|[33m  15.6 [0m|
|[31m    513 [0m|[32m    32 [0m|[33m    -2.00 [0m|[34;1m              +3635.00 [0m|[35m         16.0 [0m|[36;1m             60.719% [0m|[31;1m            36.745% [0m|[32;1m                         +0.28398 [0m|[33m  15.6 [0m|
|[31m    514 [0m|[32m    32 [0m|[33m    -2.00 [0m|[34;1m              +3633.00 [0m|[35m         16.1 [0m|[36;1m             60.719% [0m|[31;1m            36.722% [0m|[32;1m                         +0.28383 [0m|[33m  15.6 [0m|
|[31m    515 [0m|[32m    34 [0m|[33m  +384.00 [0m|[34;1m              +4017.00 [0m|[35m         15.1 [0m|[36;1m             62.588% [0m|[31;1m            36.675% [0m|[32;1m                         +0.31383 [0m|[33m  15.6 [0m|
|[31m    516 [0m|[32m    34 [0m|[33m    -2.00 [0m|[34;1m              +4015.00 [0m|[35m         15.2 [0m|[36;1m             62.588% [0m|[31;1m            36.652% [0m|[32;1m                         +0.31367 [0m|[33m  15.6 [0m|
|[31m    517 [0m|[32m    34 [0m|[33m    -2.00 [0m|[34;1m              +4013.00 [0m|[35m         15.2 [0m|[36;1m             62.588% [0m|[31;1m            36.630% [0m|[32;1m                         +0.31352 [0m|[33m  15.6 [0m|
|[31m    518 [0m|[32m    34 [0m|[33m    -2.00 [0m|[34;1m              +4011.00 [0m|[35m         15.2 [0m|[36;1m             62.588% [0m|[31;1m            36.607% [0m|[32;1m                         +0.31336 [0m|[33m  15.6 [0m|
|[31m    519 [0m|[32m    34 [0m|[33m    -2.00 [0m|[34;1m              +4009.00 [0m|[35m         15.3 [0m|[36;1m             62.588% [0m|[31;1m            36.585% [0m|[32;1m                         +0.31320 [0m|[33m  15.6 [0m|
|[31m    520 [0m|[32m    34 [0m|[33m    -3.00 [0m|[34;1m              +4006.00 [0m|[35m         15.3 [0m|[36;1m             62.588% [0m|[31;1m            36.587% [0m|[32;1m                         +0.31297 [0m|[33m  15.6 [0m|
|[31m    521 [0m|[32m    34 [0m|[33m    -2.00 [0m|[34;1m              +4004.00 [0m|[35m         15.3 [0m|[36;1m             62.588% [0m|[31;1m            36.564% [0m|[32;1m                         +0.31281 [0m|[33m  15.6 [0m|
|[31m    522 [0m|[32m    34 [0m|[33m    -2.00 [0m|[34;1m              +4002.00 [0m|[35m         15.4 [0m|[36;1m             62.588% [0m|[31;1m            36.542% [0m|[32;1m                         +0.31266 [0m|[33m  15.6 [0m|
|[31m    523 [0m|[32m    34 [0m|[33m    -3.00 [0m|[34;1m              +3999.00 [0m|[35m         15.4 [0m|[36;1m             62.588% [0m|[31;1m            36.544% [0m|[32;1m                         +0.31242 [0m|[33m  15.6 [0m|
|[31m    524 [0m|[32m    34 [0m|[33m    -2.00 [0m|[34;1m              +3997.00 [0m|[35m         15.4 [0m|[36;1m             62.588% [0m|[31;1m            36.522% [0m|[32;1m                         +0.31227 [0m|[33m  15.6 [0m|
|[31m    525 [0m|[32m    34 [0m|[33m    -2.00 [0m|[34;1m              +3995.00 [0m|[35m         15.4 [0m|[36;1m             62.588% [0m|[31;1m            36.500% [0m|[32;1m                         +0.31211 [0m|[33m  15.6 [0m|
|[31m    526 [0m|[32m    34 [0m|[33m    -2.00 [0m|[34;1m              +3993.00 [0m|[35m         15.5 [0m|[36;1m             62.588% [0m|[31;1m            36.478% [0m|[32;1m                         +0.31195 [0m|[33m  15.6 [0m|
|[31m    527 [0m|[32m    34 [0m|[33m    -2.00 [0m|[34;1m              +3991.00 [0m|[35m         15.5 [0m|[36;1m             62.588% [0m|[31;1m            36.456% [0m|[32;1m                         +0.31180 [0m|[33m  15.6 [0m|
|[31m    528 [0m|[32m    35 [0m|[33m  +198.00 [0m|[34;1m              +4189.00 [0m|[35m         15.1 [0m|[36;1m             63.657% [0m|[31;1m            36.435% [0m|[32;1m                         +0.32727 [0m|[33m  15.6 [0m|
|[31m    529 [0m|[32m    35 [0m|[33m    -2.00 [0m|[34;1m              +4187.00 [0m|[35m         15.1 [0m|[36;1m             63.657% [0m|[31;1m            36.413% [0m|[32;1m                         +0.32711 [0m|[33m  15.7 [0m|
|[31m    530 [0m|[32m    36 [0m|[33m  +168.00 [0m|[34;1m              +4355.00 [0m|[35m         14.7 [0m|[36;1m             63.833% [0m|[31;1m            36.392% [0m|[32;1m                         +0.34023 [0m|[33m  15.7 [0m|
|[31m    531 [0m|[32m    36 [0m|[33m    -2.00 [0m|[34;1m              +4353.00 [0m|[35m         14.8 [0m|[36;1m             63.833% [0m|[31;1m            36.370% [0m|[32;1m                         +0.34008 [0m|[33m  15.6 [0m|
|[31m    532 [0m|[32m    36 [0m|[33m    -2.00 [0m|[34;1m              +4351.00 [0m|[35m         14.8 [0m|[36;1m             63.833% [0m|[31;1m            36.349% [0m|[32;1m                         +0.33992 [0m|[33m  15.6 [0m|
|[31m    533 [0m|[32m    36 [0m|[33m    -2.00 [0m|[34;1m              +4349.00 [0m|[35m         14.8 [0m|[36;1m             63.833% [0m|[31;1m            36.327% [0m|[32;1m                         +0.33977 [0m|[33m  15.6 [0m|
|[31m    534 [0m|[32m    36 [0m|[33m    -2.00 [0m|[34;1m              +4347.00 [0m|[35m         14.8 [0m|[36;1m             63.833% [0m|[31;1m            36.306% [0m|[32;1m                         +0.33961 [0m|[33m  15.7 [0m|
|[31m    535 [0m|[32m    36 [0m|[33m    -2.00 [0m|[34;1m              +4345.00 [0m|[35m         14.9 [0m|[36;1m             63.833% [0m|[31;1m            36.285% [0m|[32;1m                         +0.33945 [0m|[33m  15.7 [0m|
|[31m    536 [0m|[32m    36 [0m|[33m    -2.00 [0m|[34;1m              +4343.00 [0m|[35m         14.9 [0m|[36;1m             63.833% [0m|[31;1m            36.264% [0m|[32;1m                         +0.33930 [0m|[33m  15.7 [0m|
|[31m    537 [0m|[32m    36 [0m|[33m    -2.00 [0m|[34;1m              +4341.00 [0m|[35m         14.9 [0m|[36;1m             63.833% [0m|[31;1m            36.243% [0m|[32;1m                         +0.33914 [0m|[33m  15.7 [0m|
|[31m    538 [0m|[32m    36 [0m|[33m    -2.00 [0m|[34;1m              +4339.00 [0m|[35m         14.9 [0m|[36;1m             63.833% [0m|[31;1m            36.222% [0m|[32;1m                         +0.33898 [0m|[33m  15.7 [0m|
|[31m    539 [0m|[32m    36 [0m|[33m    -2.00 [0m|[34;1m              +4337.00 [0m|[35m         15.0 [0m|[36;1m             63.833% [0m|[31;1m            36.201% [0m|[32;1m                         +0.33883 [0m|[33m  15.7 [0m|
|[31m    540 [0m|[32m    36 [0m|[33m    -2.00 [0m|[34;1m              +4335.00 [0m|[35m         15.0 [0m|[36;1m             63.833% [0m|[31;1m            36.181% [0m|[32;1m                         +0.33867 [0m|[33m  15.7 [0m|
|[31m    541 [0m|[32m    36 [0m|[33m    -2.00 [0m|[34;1m              +4333.00 [0m|[35m         15.0 [0m|[36;1m             63.833% [0m|[31;1m            36.160% [0m|[32;1m                         +0.33852 [0m|[33m  15.7 [0m|
|[31m    542 [0m|[32m    36 [0m|[33m    -1.00 [0m|[34;1m              +4332.00 [0m|[35m         15.1 [0m|[36;1m             63.833% [0m|[31;1m            36.116% [0m|[32;1m                         +0.33844 [0m|[33m  15.7 [0m|
|[31m    543 [0m|[32m    36 [0m|[33m    -1.00 [0m|[34;1m              +4331.00 [0m|[35m         15.1 [0m|[36;1m             63.833% [0m|[31;1m            36.073% [0m|[32;1m                         +0.33836 [0m|[33m  15.7 [0m|
|[31m    544 [0m|[32m    36 [0m|[33m    -1.00 [0m|[34;1m              +4330.00 [0m|[35m         15.1 [0m|[36;1m             63.833% [0m|[31;1m            36.029% [0m|[32;1m                         +0.33828 [0m|[33m  15.7 [0m|
|[31m    545 [0m|[32m    36 [0m|[33m    -1.00 [0m|[34;1m              +4329.00 [0m|[35m         15.1 [0m|[36;1m             63.833% [0m|[31;1m            35.986% [0m|[32;1m                         +0.33820 [0m|[33m  15.7 [0m|
|[31m    546 [0m|[32m    36 [0m|[33m    -2.00 [0m|[34;1m              +4327.00 [0m|[35m         15.2 [0m|[36;1m             63.833% [0m|[31;1m            35.966% [0m|[32;1m                         +0.33805 [0m|[33m  15.7 [0m|
|[31m    547 [0m|[32m    36 [0m|[33m    -2.00 [0m|[34;1m              +4325.00 [0m|[35m         15.2 [0m|[36;1m             63.833% [0m|[31;1m            35.946% [0m|[32;1m                         +0.33789 [0m|[33m  15.7 [0m|
|[31m    548 [0m|[32m    36 [0m|[33m    -3.00 [0m|[34;1m              +4322.00 [0m|[35m         15.2 [0m|[36;1m             63.833% [0m|[31;1m            35.949% [0m|[32;1m                         +0.33766 [0m|[33m  15.7 [0m|
|[31m    549 [0m|[32m    36 [0m|[33m    -2.00 [0m|[34;1m              +4320.00 [0m|[35m         15.2 [0m|[36;1m             63.833% [0m|[31;1m            35.929% [0m|[32;1m                         +0.33750 [0m|[33m  15.7 [0m|
|[31m    550 [0m|[32m    37 [0m|[33m  +180.00 [0m|[34;1m              +4500.00 [0m|[35m         14.9 [0m|[36;1m             64.324% [0m|[31;1m            35.909% [0m|[32;1m                         +0.35156 [0m|[33m  15.7 [0m|
|[31m    551 [0m|[32m    37 [0m|[33m    -2.00 [0m|[34;1m              +4498.00 [0m|[35m         14.9 [0m|[36;1m             64.324% [0m|[31;1m            35.889% [0m|[32;1m                         +0.35141 [0m|[33m  15.7 [0m|
|[31m    552 [0m|[32m    37 [0m|[33m    -2.00 [0m|[34;1m              +4496.00 [0m|[35m         14.9 [0m|[36;1m             64.324% [0m|[31;1m            35.870% [0m|[32;1m                         +0.35125 [0m|[33m  15.7 [0m|
|[31m    553 [0m|[32m    37 [0m|[33m    -2.00 [0m|[34;1m              +4494.00 [0m|[35m         14.9 [0m|[36;1m             64.324% [0m|[31;1m            35.850% [0m|[32;1m                         +0.35109 [0m|[33m  15.8 [0m|
|[31m    554 [0m|[32m    37 [0m|[33m    -2.00 [0m|[34;1m              +4492.00 [0m|[35m         15.0 [0m|[36;1m             64.324% [0m|[31;1m            35.830% [0m|[32;1m                         +0.35094 [0m|[33m  15.8 [0m|
|[31m    555 [0m|[32m    37 [0m|[33m    -2.00 [0m|[34;1m              +4490.00 [0m|[35m         15.0 [0m|[36;1m             64.324% [0m|[31;1m            35.811% [0m|[32;1m                         +0.35078 [0m|[33m  15.8 [0m|
|[31m    556 [0m|[32m    37 [0m|[33m    -2.00 [0m|[34;1m              +4488.00 [0m|[35m         15.0 [0m|[36;1m             64.324% [0m|[31;1m            35.791% [0m|[32;1m                         +0.35063 [0m|[33m  15.8 [0m|
|[31m    557 [0m|[32m    37 [0m|[33m    -2.00 [0m|[34;1m              +4486.00 [0m|[35m         15.1 [0m|[36;1m             64.324% [0m|[31;1m            35.772% [0m|[32;1m                         +0.35047 [0m|[33m  15.8 [0m|
|[31m    558 [0m|[32m    37 [0m|[33m    -2.00 [0m|[34;1m              +4484.00 [0m|[35m         15.1 [0m|[36;1m             64.324% [0m|[31;1m            35.753% [0m|[32;1m                         +0.35031 [0m|[33m  15.8 [0m|
|[31m    559 [0m|[32m    37 [0m|[33m    -2.00 [0m|[34;1m              +4482.00 [0m|[35m         15.1 [0m|[36;1m             64.324% [0m|[31;1m            35.733% [0m|[32;1m                         +0.35016 [0m|[33m  15.8 [0m|
|[31m    560 [0m|[32m    37 [0m|[33m    -2.00 [0m|[34;1m              +4480.00 [0m|[35m         15.1 [0m|[36;1m             64.324% [0m|[31;1m            35.714% [0m|[32;1m                         +0.35000 [0m|[33m  15.8 [0m|
|[31m    561 [0m|[32m    37 [0m|[33m    -2.00 [0m|[34;1m              +4478.00 [0m|[35m         15.2 [0m|[36;1m             64.324% [0m|[31;1m            35.695% [0m|[32;1m                         +0.34984 [0m|[33m  15.8 [0m|
|[31m    562 [0m|[32m    37 [0m|[33m    -2.00 [0m|[34;1m              +4476.00 [0m|[35m         15.2 [0m|[36;1m             64.324% [0m|[31;1m            35.676% [0m|[32;1m                         +0.34969 [0m|[33m  15.8 [0m|
|[31m    563 [0m|[32m    37 [0m|[33m    -2.00 [0m|[34;1m              +4474.00 [0m|[35m         15.2 [0m|[36;1m             64.324% [0m|[31;1m            35.657% [0m|[32;1m                         +0.34953 [0m|[33m  15.8 [0m|
|[31m    564 [0m|[32m    38 [0m|[33m  +146.00 [0m|[34;1m              +4620.00 [0m|[35m         14.8 [0m|[36;1m             63.895% [0m|[31;1m            35.638% [0m|[32;1m                         +0.36094 [0m|[33m  15.9 [0m|
|[31m    565 [0m|[32m    38 [0m|[33m    -2.00 [0m|[34;1m              +4618.00 [0m|[35m         14.9 [0m|[36;1m             63.895% [0m|[31;1m            35.619% [0m|[32;1m                         +0.36078 [0m|[33m  15.9 [0m|
|[31m    566 [0m|[32m    38 [0m|[33m    -2.00 [0m|[34;1m              +4616.00 [0m|[35m         14.9 [0m|[36;1m             63.895% [0m|[31;1m            35.601% [0m|[32;1m                         +0.36062 [0m|[33m  15.9 [0m|
|[31m    567 [0m|[32m    38 [0m|[33m    -2.00 [0m|[34;1m              +4614.00 [0m|[35m         14.9 [0m|[36;1m             63.895% [0m|[31;1m            35.582% [0m|[32;1m                         +0.36047 [0m|[33m  15.9 [0m|
|[31m    568 [0m|[32m    38 [0m|[33m    -2.00 [0m|[34;1m              +4612.00 [0m|[35m         14.9 [0m|[36;1m             63.895% [0m|[31;1m            35.563% [0m|[32;1m                         +0.36031 [0m|[33m  15.9 [0m|
|[31m    569 [0m|[32m    38 [0m|[33m    -2.00 [0m|[34;1m              +4610.00 [0m|[35m         15.0 [0m|[36;1m             63.895% [0m|[31;1m            35.545% [0m|[32;1m                         +0.36016 [0m|[33m  15.9 [0m|
|[31m    570 [0m|[32m    38 [0m|[33m    -2.00 [0m|[34;1m              +4608.00 [0m|[35m         15.0 [0m|[36;1m             63.895% [0m|[31;1m            35.526% [0m|[32;1m                         +0.36000 [0m|[33m  15.9 [0m|
|[31m    571 [0m|[32m    40 [0m|[33m  +248.00 [0m|[34;1m              +4856.00 [0m|[35m         14.3 [0m|[36;1m             61.950% [0m|[31;1m            35.508% [0m|[32;1m                         +0.37938 [0m|[33m  15.9 [0m|
|[31m    572 [0m|[32m    40 [0m|[33m    -2.00 [0m|[34;1m              +4854.00 [0m|[35m         14.3 [0m|[36;1m             61.950% [0m|[31;1m            35.490% [0m|[32;1m                         +0.37922 [0m|[33m  15.9 [0m|
|[31m    573 [0m|[32m    40 [0m|[33m    -2.00 [0m|[34;1m              +4852.00 [0m|[35m         14.3 [0m|[36;1m             61.950% [0m|[31;1m            35.471% [0m|[32;1m                         +0.37906 [0m|[33m  15.9 [0m|
|[31m    574 [0m|[32m    40 [0m|[33m    -2.00 [0m|[34;1m              +4850.00 [0m|[35m         14.3 [0m|[36;1m             61.950% [0m|[31;1m            35.453% [0m|[32;1m                         +0.37891 [0m|[33m  15.9 [0m|
|[31m    575 [0m|[32m    40 [0m|[33m    -2.00 [0m|[34;1m              +4848.00 [0m|[35m         14.4 [0m|[36;1m             61.950% [0m|[31;1m            35.435% [0m|[32;1m                         +0.37875 [0m|[33m  15.9 [0m|
|[31m    576 [0m|[32m    40 [0m|[33m    -3.00 [0m|[34;1m              +4845.00 [0m|[35m         14.4 [0m|[36;1m             61.950% [0m|[31;1m            35.438% [0m|[32;1m                         +0.37852 [0m|[33m  15.9 [0m|
|[31m    577 [0m|[32m    40 [0m|[33m    -3.00 [0m|[34;1m              +4842.00 [0m|[35m         14.4 [0m|[36;1m             61.950% [0m|[31;1m            35.442% [0m|[32;1m                         +0.37828 [0m|[33m  15.9 [0m|
|[31m    578 [0m|[32m    40 [0m|[33m    -3.00 [0m|[34;1m              +4839.00 [0m|[35m         14.4 [0m|[36;1m             61.950% [0m|[31;1m            35.446% [0m|[32;1m                         +0.37805 [0m|[33m  15.9 [0m|
|[31m    579 [0m|[32m    40 [0m|[33m    -3.00 [0m|[34;1m              +4836.00 [0m|[35m         14.5 [0m|[36;1m             61.950% [0m|[31;1m            35.449% [0m|[32;1m                         +0.37781 [0m|[33m  15.9 [0m|
|[31m    580 [0m|[32m    40 [0m|[33m    -3.00 [0m|[34;1m              +4833.00 [0m|[35m         14.5 [0m|[36;1m             61.950% [0m|[31;1m            35.453% [0m|[32;1m                         +0.37758 [0m|[33m  15.9 [0m|
|[31m    581 [0m|[32m    40 [0m|[33m    -3.00 [0m|[34;1m              +4830.00 [0m|[35m         14.5 [0m|[36;1m             61.950% [0m|[31;1m            35.456% [0m|[32;1m                         +0.37734 [0m|[33m  15.9 [0m|
|[31m    582 [0m|[32m    40 [0m|[33m    -3.00 [0m|[34;1m              +4827.00 [0m|[35m         14.6 [0m|[36;1m             61.950% [0m|[31;1m            35.460% [0m|[32;1m                         +0.37711 [0m|[33m  15.9 [0m|
|[31m    583 [0m|[32m    40 [0m|[33m    -3.00 [0m|[34;1m              +4824.00 [0m|[35m         14.6 [0m|[36;1m             61.950% [0m|[31;1m            35.463% [0m|[32;1m                         +0.37688 [0m|[33m  15.9 [0m|
|[31m    584 [0m|[32m    40 [0m|[33m    -3.00 [0m|[34;1m              +4821.00 [0m|[35m         14.6 [0m|[36;1m             61.950% [0m|[31;1m            35.467% [0m|[32;1m                         +0.37664 [0m|[33m  15.9 [0m|
|[31m    585 [0m|[32m    40 [0m|[33m    -3.00 [0m|[34;1m              +4818.00 [0m|[35m         14.6 [0m|[36;1m             61.950% [0m|[31;1m            35.470% [0m|[32;1m                         +0.37641 [0m|[33m  16.0 [0m|
|[31m    586 [0m|[32m    40 [0m|[33m    -3.00 [0m|[34;1m              +4815.00 [0m|[35m         14.7 [0m|[36;1m             61.950% [0m|[31;1m            35.474% [0m|[32;1m                         +0.37617 [0m|[33m  15.9 [0m|
|[31m    587 [0m|[32m    40 [0m|[33m    -3.00 [0m|[34;1m              +4812.00 [0m|[35m         14.7 [0m|[36;1m             61.950% [0m|[31;1m            35.477% [0m|[32;1m                         +0.37594 [0m|[33m  15.9 [0m|
|[31m    588 [0m|[32m    40 [0m|[33m    -3.00 [0m|[34;1m              +4809.00 [0m|[35m         14.7 [0m|[36;1m             61.950% [0m|[31;1m            35.480% [0m|[32;1m                         +0.37570 [0m|[33m  16.0 [0m|
|[31m    589 [0m|[32m    40 [0m|[33m    -4.00 [0m|[34;1m              +4805.00 [0m|[35m         14.7 [0m|[36;1m             61.950% [0m|[31;1m            35.505% [0m|[32;1m                         +0.37539 [0m|[33m  16.0 [0m|
|[31m    590 [0m|[32m    40 [0m|[33m    -4.00 [0m|[34;1m              +4801.00 [0m|[35m         14.8 [0m|[36;1m             61.950% [0m|[31;1m            35.530% [0m|[32;1m                         +0.37508 [0m|[33m  16.0 [0m|
|[31m    591 [0m|[32m    40 [0m|[33m    -4.00 [0m|[34;1m              +4797.00 [0m|[35m         14.8 [0m|[36;1m             61.950% [0m|[31;1m            35.554% [0m|[32;1m                         +0.37477 [0m|[33m  15.9 [0m|
|[31m    592 [0m|[32m    40 [0m|[33m    -4.00 [0m|[34;1m              +4793.00 [0m|[35m         14.8 [0m|[36;1m             61.950% [0m|[31;1m            35.579% [0m|[32;1m                         +0.37445 [0m|[33m  16.0 [0m|
|[31m    593 [0m|[32m    40 [0m|[33m    -4.00 [0m|[34;1m              +4789.00 [0m|[35m         14.8 [0m|[36;1m             61.950% [0m|[31;1m            35.603% [0m|[32;1m                         +0.37414 [0m|[33m  16.0 [0m|
|[31m    594 [0m|[32m    40 [0m|[33m    -4.00 [0m|[34;1m              +4785.00 [0m|[35m         14.8 [0m|[36;1m             61.950% [0m|[31;1m            35.627% [0m|[32;1m                         +0.37383 [0m|[33m  16.0 [0m|
|[31m    595 [0m|[32m    40 [0m|[33m    -2.00 [0m|[34;1m              +4783.00 [0m|[35m         14.9 [0m|[36;1m             61.950% [0m|[31;1m            35.609% [0m|[32;1m                         +0.37367 [0m|[33m  16.0 [0m|
|[31m    596 [0m|[32m    40 [0m|[33m    -4.00 [0m|[34;1m              +4779.00 [0m|[35m         14.9 [0m|[36;1m             61.950% [0m|[31;1m            35.633% [0m|[32;1m                         +0.37336 [0m|[33m  16.0 [0m|
|[31m    597 [0m|[32m    40 [0m|[33m    -4.00 [0m|[34;1m              +4775.00 [0m|[35m         14.9 [0m|[36;1m             61.950% [0m|[31;1m            35.657% [0m|[32;1m                         +0.37305 [0m|[33m  16.0 [0m|
|[31m    598 [0m|[32m    40 [0m|[33m    -4.00 [0m|[34;1m              +4771.00 [0m|[35m         14.9 [0m|[36;1m             61.950% [0m|[31;1m            35.681% [0m|[32;1m                         +0.37273 [0m|[33m  16.0 [0m|
|[31m    599 [0m|[32m    40 [0m|[33m    -4.00 [0m|[34;1m              +4767.00 [0m|[35m         15.0 [0m|[36;1m             61.950% [0m|[31;1m            35.705% [0m|[32;1m                         +0.37242 [0m|[33m  16.0 [0m|
|[31m    600 [0m|[32m    40 [0m|[33m    -4.00 [0m|[34;1m              +4763.00 [0m|[35m         15.0 [0m|[36;1m             61.950% [0m|[31;1m            35.729% [0m|[32;1m                         +0.37211 [0m|[33m  16.0 [0m|
|[31m    601 [0m|[32m    40 [0m|[33m    -4.00 [0m|[34;1m              +4759.00 [0m|[35m         15.0 [0m|[36;1m             61.950% [0m|[31;1m            35.753% [0m|[32;1m                         +0.37180 [0m|[33m  16.0 [0m|
|[31m    602 [0m|[32m    40 [0m|[33m    -4.00 [0m|[34;1m              +4755.00 [0m|[35m         15.1 [0m|[36;1m             61.950% [0m|[31;1m            35.777% [0m|[32;1m                         +0.37148 [0m|[33m  16.0 [0m|
|[31m    603 [0m|[32m    40 [0m|[33m    -4.00 [0m|[34;1m              +4751.00 [0m|[35m         15.1 [0m|[36;1m             61.950% [0m|[31;1m            35.800% [0m|[32;1m                         +0.37117 [0m|[33m  16.0 [0m|
|[31m    604 [0m|[32m    40 [0m|[33m    -4.00 [0m|[34;1m              +4747.00 [0m|[35m         15.1 [0m|[36;1m             61.950% [0m|[31;1m            35.824% [0m|[32;1m                         +0.37086 [0m|[33m  16.0 [0m|
|[31m    605 [0m|[32m    40 [0m|[33m    -4.00 [0m|[34;1m              +4743.00 [0m|[35m         15.1 [0m|[36;1m             61.950% [0m|[31;1m            35.847% [0m|[32;1m                         +0.37055 [0m|[33m  16.0 [0m|
|[31m    606 [0m|[32m    40 [0m|[33m    -4.00 [0m|[34;1m              +4739.00 [0m|[35m         15.2 [0m|[36;1m             61.950% [0m|[31;1m            35.870% [0m|[32;1m                         +0.37023 [0m|[33m  16.0 [0m|
|[31m    607 [0m|[32m    40 [0m|[33m    -5.00 [0m|[34;1m              +4734.00 [0m|[35m         15.2 [0m|[36;1m             61.950% [0m|[31;1m            35.914% [0m|[32;1m                         +0.36984 [0m|[33m  16.0 [0m|
|[31m    608 [0m|[32m    40 [0m|[33m    -5.00 [0m|[34;1m              +4729.00 [0m|[35m         15.2 [0m|[36;1m             61.950% [0m|[31;1m            35.958% [0m|[32;1m                         +0.36945 [0m|[33m  16.0 [0m|
|[31m    609 [0m|[32m    40 [0m|[33m    -5.00 [0m|[34;1m              +4724.00 [0m|[35m         15.2 [0m|[36;1m             61.950% [0m|[31;1m            36.002% [0m|[32;1m                         +0.36906 [0m|[33m  16.0 [0m|
|[31m    610 [0m|[32m    40 [0m|[33m    -5.00 [0m|[34;1m              +4719.00 [0m|[35m         15.2 [0m|[36;1m             61.950% [0m|[31;1m            36.045% [0m|[32;1m                         +0.36867 [0m|[33m  16.0 [0m|
|[31m    611 [0m|[32m    40 [0m|[33m    -5.00 [0m|[34;1m              +4714.00 [0m|[35m         15.3 [0m|[36;1m             61.950% [0m|[31;1m            36.088% [0m|[32;1m                         +0.36828 [0m|[33m  16.0 [0m|
|[31m    612 [0m|[32m    40 [0m|[33m    -5.00 [0m|[34;1m              +4709.00 [0m|[35m         15.3 [0m|[36;1m             61.950% [0m|[31;1m            36.132% [0m|[32;1m                         +0.36789 [0m|[33m  16.0 [0m|
|[31m    613 [0m|[32m    40 [0m|[33m    -5.00 [0m|[34;1m              +4704.00 [0m|[35m         15.3 [0m|[36;1m             61.950% [0m|[31;1m            36.175% [0m|[32;1m                         +0.36750 [0m|[33m  16.0 [0m|
|[31m    614 [0m|[32m    40 [0m|[33m    -5.00 [0m|[34;1m              +4699.00 [0m|[35m         15.3 [0m|[36;1m             61.950% [0m|[31;1m            36.217% [0m|[32;1m                         +0.36711 [0m|[33m  16.0 [0m|
|[31m    615 [0m|[32m    40 [0m|[33m    -6.00 [0m|[34;1m              +4693.00 [0m|[35m         15.4 [0m|[36;1m             61.950% [0m|[31;1m            36.280% [0m|[32;1m                         +0.36664 [0m|[33m  16.0 [0m|
|[31m    616 [0m|[32m    40 [0m|[33m    -6.00 [0m|[34;1m              +4687.00 [0m|[35m         15.4 [0m|[36;1m             61.950% [0m|[31;1m            36.343% [0m|[32;1m                         +0.36617 [0m|[33m  16.0 [0m|
|[31m    617 [0m|[32m    40 [0m|[33m    -6.00 [0m|[34;1m              +4681.00 [0m|[35m         15.4 [0m|[36;1m             61.950% [0m|[31;1m            36.406% [0m|[32;1m                         +0.36570 [0m|[33m  16.0 [0m|
|[31m    618 [0m|[32m    40 [0m|[33m    -6.00 [0m|[34;1m              +4675.00 [0m|[35m         15.4 [0m|[36;1m             61.950% [0m|[31;1m            36.468% [0m|[32;1m                         +0.36523 [0m|[33m  16.0 [0m|
|[31m    619 [0m|[32m    40 [0m|[33m    -6.00 [0m|[34;1m              +4669.00 [0m|[35m         15.5 [0m|[36;1m             61.950% [0m|[31;1m            36.531% [0m|[32;1m                         +0.36477 [0m|[33m  16.0 [0m|
|[31m    620 [0m|[32m    40 [0m|[33m    -6.00 [0m|[34;1m              +4663.00 [0m|[35m         15.5 [0m|[36;1m             61.950% [0m|[31;1m            36.593% [0m|[32;1m                         +0.36430 [0m|[33m  16.0 [0m|
|[31m    621 [0m|[32m    40 [0m|[33m    -6.00 [0m|[34;1m              +4657.00 [0m|[35m         15.5 [0m|[36;1m             61.950% [0m|[31;1m            36.655% [0m|[32;1m                         +0.36383 [0m|[33m  16.0 [0m|
|[31m    622 [0m|[32m    40 [0m|[33m    -6.00 [0m|[34;1m              +4651.00 [0m|[35m         15.6 [0m|[36;1m             61.950% [0m|[31;1m            36.716% [0m|[32;1m                         +0.36336 [0m|[33m  16.0 [0m|
|[31m    623 [0m|[32m    40 [0m|[33m    -6.00 [0m|[34;1m              +4645.00 [0m|[35m         15.6 [0m|[36;1m             61.950% [0m|[31;1m            36.778% [0m|[32;1m                         +0.36289 [0m|[33m  16.0 [0m|
|[31m    624 [0m|[32m    40 [0m|[33m    -6.00 [0m|[34;1m              +4639.00 [0m|[35m         15.6 [0m|[36;1m             61.950% [0m|[31;1m            36.839% [0m|[32;1m                         +0.36242 [0m|[33m  16.1 [0m|
|[31m    625 [0m|[32m    40 [0m|[33m    -6.00 [0m|[34;1m              +4633.00 [0m|[35m         15.6 [0m|[36;1m             61.950% [0m|[31;1m            36.900% [0m|[32;1m                         +0.36195 [0m|[33m  16.1 [0m|
|[31m    626 [0m|[32m    40 [0m|[33m    -6.00 [0m|[34;1m              +4627.00 [0m|[35m         15.7 [0m|[36;1m             61.950% [0m|[31;1m            36.961% [0m|[32;1m                         +0.36148 [0m|[33m  16.0 [0m|
|[31m    627 [0m|[32m    40 [0m|[33m    -6.00 [0m|[34;1m              +4621.00 [0m|[35m         15.7 [0m|[36;1m             61.950% [0m|[31;1m            37.022% [0m|[32;1m                         +0.36102 [0m|[33m  16.1 [0m|
|[31m    628 [0m|[32m    40 [0m|[33m    -6.00 [0m|[34;1m              +4615.00 [0m|[35m         15.7 [0m|[36;1m             61.950% [0m|[31;1m            37.082% [0m|[32;1m                         +0.36055 [0m|[33m  16.1 [0m|
|[31m    629 [0m|[32m    40 [0m|[33m    -5.00 [0m|[34;1m              +4610.00 [0m|[35m         15.7 [0m|[36;1m             61.950% [0m|[31;1m            37.122% [0m|[32;1m                         +0.36016 [0m|[33m  16.1 [0m|
|[31m    630 [0m|[32m    40 [0m|[33m    -5.00 [0m|[34;1m              +4605.00 [0m|[35m         15.8 [0m|[36;1m             61.950% [0m|[31;1m            37.163% [0m|[32;1m                         +0.35977 [0m|[33m  16.1 [0m|
|[31m    631 [0m|[32m    40 [0m|[33m    -5.00 [0m|[34;1m              +4600.00 [0m|[35m         15.8 [0m|[36;1m             61.950% [0m|[31;1m            37.203% [0m|[32;1m                         +0.35938 [0m|[33m  16.1 [0m|
|[31m    632 [0m|[32m    40 [0m|[33m    -5.00 [0m|[34;1m              +4595.00 [0m|[35m         15.8 [0m|[36;1m             61.950% [0m|[31;1m            37.243% [0m|[32;1m                         +0.35898 [0m|[33m  16.1 [0m|
|[31m    633 [0m|[32m    40 [0m|[33m    -5.00 [0m|[34;1m              +4590.00 [0m|[35m         15.8 [0m|[36;1m             61.950% [0m|[31;1m            37.283% [0m|[32;1m                         +0.35859 [0m|[33m  16.1 [0m|
|[31m    634 [0m|[32m    40 [0m|[33m    -6.00 [0m|[34;1m              +4584.00 [0m|[35m         15.8 [0m|[36;1m             61.950% [0m|[31;1m            37.342% [0m|[32;1m                         +0.35813 [0m|[33m  16.1 [0m|
|[31m    635 [0m|[32m    41 [0m|[33m  +135.00 [0m|[34;1m              +4719.00 [0m|[35m         15.5 [0m|[36;1m             61.439% [0m|[31;1m            37.402% [0m|[32;1m                         +0.36867 [0m|[33m  16.1 [0m|
|[31m    636 [0m|[32m    41 [0m|[33m    -6.00 [0m|[34;1m              +4713.00 [0m|[35m         15.5 [0m|[36;1m             61.439% [0m|[31;1m            37.461% [0m|[32;1m                         +0.36820 [0m|[33m  16.1 [0m|
|[31m    637 [0m|[32m    41 [0m|[33m    -6.00 [0m|[34;1m              +4707.00 [0m|[35m         15.5 [0m|[36;1m             61.439% [0m|[31;1m            37.520% [0m|[32;1m                         +0.36773 [0m|[33m  16.1 [0m|
|[31m    638 [0m|[32m    41 [0m|[33m    -6.00 [0m|[34;1m              +4701.00 [0m|[35m         15.6 [0m|[36;1m             61.439% [0m|[31;1m            37.578% [0m|[32;1m                         +0.36727 [0m|[33m  16.1 [0m|
|[31m    639 [0m|[32m    41 [0m|[33m    -6.00 [0m|[34;1m              +4695.00 [0m|[35m         15.6 [0m|[36;1m             61.439% [0m|[31;1m            37.637% [0m|[32;1m                         +0.36680 [0m|[33m  16.1 [0m|
|[31m    640 [0m|[32m    41 [0m|[33m    -6.00 [0m|[34;1m              +4689.00 [0m|[35m         15.6 [0m|[36;1m             61.439% [0m|[31;1m            37.695% [0m|[32;1m                         +0.36633 [0m|[33m  16.1 [0m|
|[31m    641 [0m|[32m    41 [0m|[33m    -6.00 [0m|[34;1m              +4683.00 [0m|[35m         15.6 [0m|[36;1m             61.439% [0m|[31;1m            37.754% [0m|[32;1m                         +0.36586 [0m|[33m  16.1 [0m|
|[31m    642 [0m|[32m    41 [0m|[33m    -6.00 [0m|[34;1m              +4677.00 [0m|[35m         15.7 [0m|[36;1m             61.439% [0m|[31;1m            37.812% [0m|[32;1m                         +0.36539 [0m|[33m  16.1 [0m|
|[31m    643 [0m|[32m    41 [0m|[33m    -6.00 [0m|[34;1m              +4671.00 [0m|[35m         15.7 [0m|[36;1m             61.439% [0m|[31;1m            37.869% [0m|[32;1m                         +0.36492 [0m|[33m  16.1 [0m|
|[31m    644 [0m|[32m    41 [0m|[33m    -6.00 [0m|[34;1m              +4665.00 [0m|[35m         15.7 [0m|[36;1m             61.439% [0m|[31;1m            37.927% [0m|[32;1m                         +0.36445 [0m|[33m  16.2 [0m|
|[31m    645 [0m|[32m    41 [0m|[33m    -6.00 [0m|[34;1m              +4659.00 [0m|[35m         15.7 [0m|[36;1m             61.439% [0m|[31;1m            37.984% [0m|[32;1m                         +0.36398 [0m|[33m  16.2 [0m|
|[31m    646 [0m|[32m    41 [0m|[33m    -6.00 [0m|[34;1m              +4653.00 [0m|[35m         15.8 [0m|[36;1m             61.439% [0m|[31;1m            38.042% [0m|[32;1m                         +0.36352 [0m|[33m  16.1 [0m|
|[31m    647 [0m|[32m    41 [0m|[33m    -6.00 [0m|[34;1m              +4647.00 [0m|[35m         15.8 [0m|[36;1m             61.439% [0m|[31;1m            38.099% [0m|[32;1m                         +0.36305 [0m|[33m  16.2 [0m|
|[31m    648 [0m|[32m    41 [0m|[33m    -6.00 [0m|[34;1m              +4641.00 [0m|[35m         15.8 [0m|[36;1m             61.439% [0m|[31;1m            38.156% [0m|[32;1m                         +0.36258 [0m|[33m  16.2 [0m|
|[31m    649 [0m|[32m    41 [0m|[33m    -5.00 [0m|[34;1m              +4636.00 [0m|[35m         15.8 [0m|[36;1m             61.439% [0m|[31;1m            38.193% [0m|[32;1m                         +0.36219 [0m|[33m  16.2 [0m|
|[31m    650 [0m|[32m    41 [0m|[33m    -5.00 [0m|[34;1m              +4631.00 [0m|[35m         15.9 [0m|[36;1m             61.439% [0m|[31;1m            38.231% [0m|[32;1m                         +0.36180 [0m|[33m  16.2 [0m|
|[31m    651 [0m|[32m    41 [0m|[33m    -5.00 [0m|[34;1m              +4626.00 [0m|[35m         15.9 [0m|[36;1m             61.439% [0m|[31;1m            38.268% [0m|[32;1m                         +0.36141 [0m|[33m  16.1 [0m|
|[31m    652 [0m|[32m    41 [0m|[33m    -5.00 [0m|[34;1m              +4621.00 [0m|[35m         15.9 [0m|[36;1m             61.439% [0m|[31;1m            38.305% [0m|[32;1m                         +0.36102 [0m|[33m  16.2 [0m|
|[31m    653 [0m|[32m    41 [0m|[33m    -4.00 [0m|[34;1m              +4617.00 [0m|[35m         15.9 [0m|[36;1m             61.439% [0m|[31;1m            38.342% [0m|[32;1m                         +0.36070 [0m|[33m  16.2 [0m|
|[31m    654 [0m|[32m    41 [0m|[33m    -4.00 [0m|[34;1m              +4613.00 [0m|[35m         16.0 [0m|[36;1m             61.439% [0m|[31;1m            38.379% [0m|[32;1m                         +0.36039 [0m|[33m  16.2 [0m|
|[31m    655 [0m|[32m    41 [0m|[33m    -4.00 [0m|[34;1m              +4609.00 [0m|[35m         16.0 [0m|[36;1m             61.439% [0m|[31;1m            38.416% [0m|[32;1m                         +0.36008 [0m|[33m  16.2 [0m|
|[31m    656 [0m|[32m    41 [0m|[33m    -4.00 [0m|[34;1m              +4605.00 [0m|[35m         16.0 [0m|[36;1m             61.439% [0m|[31;1m            38.453% [0m|[32;1m                         +0.35977 [0m|[33m  16.2 [0m|
|[31m    657 [0m|[32m    41 [0m|[33m    -4.00 [0m|[34;1m              +4601.00 [0m|[35m         16.0 [0m|[36;1m             61.439% [0m|[31;1m            38.489% [0m|[32;1m                         +0.35945 [0m|[33m  16.2 [0m|
|[31m    658 [0m|[32m    41 [0m|[33m    -4.00 [0m|[34;1m              +4597.00 [0m|[35m         16.0 [0m|[36;1m             61.439% [0m|[31;1m            38.526% [0m|[32;1m                         +0.35914 [0m|[33m  16.2 [0m|
|[31m    659 [0m|[32m    41 [0m|[33m    -4.00 [0m|[34;1m              +4593.00 [0m|[35m         16.1 [0m|[36;1m             61.439% [0m|[31;1m            38.543% [0m|[32;1m                         +0.35883 [0m|[33m  16.2 [0m|
|[31m    660 [0m|[32m    41 [0m|[33m    -4.00 [0m|[34;1m              +4589.00 [0m|[35m         16.1 [0m|[36;1m             61.439% [0m|[31;1m            38.561% [0m|[32;1m                         +0.35852 [0m|[33m  16.2 [0m|
|[31m    661 [0m|[32m    41 [0m|[33m    -4.00 [0m|[34;1m              +4585.00 [0m|[35m         16.1 [0m|[36;1m             61.439% [0m|[31;1m            38.578% [0m|[32;1m                         +0.35820 [0m|[33m  16.2 [0m|
|[31m    662 [0m|[32m    41 [0m|[33m    -4.00 [0m|[34;1m              +4581.00 [0m|[35m         16.1 [0m|[36;1m             61.439% [0m|[31;1m            38.595% [0m|[32;1m                         +0.35789 [0m|[33m  16.2 [0m|
|[31m    663 [0m|[32m    41 [0m|[33m    -4.00 [0m|[34;1m              +4577.00 [0m|[35m         16.2 [0m|[36;1m             61.439% [0m|[31;1m            38.612% [0m|[32;1m                         +0.35758 [0m|[33m  16.2 [0m|
|[31m    664 [0m|[32m    41 [0m|[33m    -4.00 [0m|[34;1m              +4573.00 [0m|[35m         16.2 [0m|[36;1m             61.439% [0m|[31;1m            38.630% [0m|[32;1m                         +0.35727 [0m|[33m  16.2 [0m|
|[31m    665 [0m|[32m    41 [0m|[33m    -4.00 [0m|[34;1m              +4569.00 [0m|[35m         16.2 [0m|[36;1m             61.439% [0m|[31;1m            38.647% [0m|[32;1m                         +0.35695 [0m|[33m  16.2 [0m|
|[31m    666 [0m|[32m    41 [0m|[33m    -4.00 [0m|[34;1m              +4565.00 [0m|[35m         16.2 [0m|[36;1m             61.439% [0m|[31;1m            38.664% [0m|[32;1m                         +0.35664 [0m|[33m  16.2 [0m|
|[31m    667 [0m|[32m    41 [0m|[33m    -4.00 [0m|[34;1m              +4561.00 [0m|[35m         16.3 [0m|[36;1m             61.439% [0m|[31;1m            38.681% [0m|[32;1m                         +0.35633 [0m|[33m  16.2 [0m|
|[31m    668 [0m|[32m    41 [0m|[33m    -4.00 [0m|[34;1m              +4557.00 [0m|[35m         16.3 [0m|[36;1m             61.439% [0m|[31;1m            38.698% [0m|[32;1m                         +0.35602 [0m|[33m  16.2 [0m|
|[31m    669 [0m|[32m    42 [0m|[33m  +102.00 [0m|[34;1m              +4659.00 [0m|[35m         15.9 [0m|[36;1m             60.119% [0m|[31;1m            38.714% [0m|[32;1m                         +0.36398 [0m|[33m  16.3 [0m|
|[31m    670 [0m|[32m    42 [0m|[33m    -4.00 [0m|[34;1m              +4655.00 [0m|[35m         16.0 [0m|[36;1m             60.119% [0m|[31;1m            38.731% [0m|[32;1m                         +0.36367 [0m|[33m  16.2 [0m|
|[31m    671 [0m|[32m    42 [0m|[33m    -4.00 [0m|[34;1m              +4651.00 [0m|[35m         16.0 [0m|[36;1m             60.119% [0m|[31;1m            38.748% [0m|[32;1m                         +0.36336 [0m|[33m  16.2 [0m|
|[31m    672 [0m|[32m    42 [0m|[33m    -4.00 [0m|[34;1m              +4647.00 [0m|[35m         16.0 [0m|[36;1m             60.119% [0m|[31;1m            38.765% [0m|[32;1m                         +0.36305 [0m|[33m  16.2 [0m|
|[31m    673 [0m|[32m    42 [0m|[33m    -4.00 [0m|[34;1m              +4643.00 [0m|[35m         16.0 [0m|[36;1m             60.119% [0m|[31;1m            38.782% [0m|[32;1m                         +0.36273 [0m|[33m  16.2 [0m|
|[31m    674 [0m|[32m    42 [0m|[33m    -4.00 [0m|[34;1m              +4639.00 [0m|[35m         16.0 [0m|[36;1m             60.119% [0m|[31;1m            38.798% [0m|[32;1m                         +0.36242 [0m|[33m  16.3 [0m|
|[31m    675 [0m|[32m    42 [0m|[33m    -4.00 [0m|[34;1m              +4635.00 [0m|[35m         16.1 [0m|[36;1m             60.119% [0m|[31;1m            38.815% [0m|[32;1m                         +0.36211 [0m|[33m  16.3 [0m|
|[31m    676 [0m|[32m    42 [0m|[33m    -4.00 [0m|[34;1m              +4631.00 [0m|[35m         16.1 [0m|[36;1m             60.119% [0m|[31;1m            38.831% [0m|[32;1m                         +0.36180 [0m|[33m  16.2 [0m|
|[31m    677 [0m|[32m    43 [0m|[33m   +96.00 [0m|[34;1m              +4727.00 [0m|[35m         15.7 [0m|[36;1m             58.721% [0m|[31;1m            38.848% [0m|[32;1m                         +0.36930 [0m|[33m  16.3 [0m|
|[31m    678 [0m|[32m    43 [0m|[33m    -4.00 [0m|[34;1m              +4723.00 [0m|[35m         15.8 [0m|[36;1m             58.721% [0m|[31;1m            38.864% [0m|[32;1m                         +0.36898 [0m|[33m  16.3 [0m|
|[31m    679 [0m|[32m    43 [0m|[33m    -4.00 [0m|[34;1m              +4719.00 [0m|[35m         15.8 [0m|[36;1m             58.721% [0m|[31;1m            38.881% [0m|[32;1m                         +0.36867 [0m|[33m  16.3 [0m|
|[31m    680 [0m|[32m    43 [0m|[33m    -4.00 [0m|[34;1m              +4715.00 [0m|[35m         15.8 [0m|[36;1m             58.721% [0m|[31;1m            38.897% [0m|[32;1m                         +0.36836 [0m|[33m  16.3 [0m|
|[31m    681 [0m|[32m    43 [0m|[33m    -4.00 [0m|[34;1m              +4711.00 [0m|[35m         15.8 [0m|[36;1m             58.721% [0m|[31;1m            38.913% [0m|[32;1m                         +0.36805 [0m|[33m  16.2 [0m|
|[31m    682 [0m|[32m    43 [0m|[33m    -4.00 [0m|[34;1m              +4707.00 [0m|[35m         15.9 [0m|[36;1m             58.721% [0m|[31;1m            38.930% [0m|[32;1m                         +0.36773 [0m|[33m  16.3 [0m|
|[31m    683 [0m|[32m    43 [0m|[33m    -4.00 [0m|[34;1m              +4703.00 [0m|[35m         15.9 [0m|[36;1m             58.721% [0m|[31;1m            38.946% [0m|[32;1m                         +0.36742 [0m|[33m  16.3 [0m|
|[31m    684 [0m|[32m    43 [0m|[33m    -4.00 [0m|[34;1m              +4699.00 [0m|[35m         15.9 [0m|[36;1m             58.721% [0m|[31;1m            38.962% [0m|[32;1m                         +0.36711 [0m|[33m  16.3 [0m|
|[31m    685 [0m|[32m    43 [0m|[33m    -4.00 [0m|[34;1m              +4695.00 [0m|[35m         15.9 [0m|[36;1m             58.721% [0m|[31;1m            38.978% [0m|[32;1m                         +0.36680 [0m|[33m  16.3 [0m|
|[31m    686 [0m|[32m    43 [0m|[33m    -4.00 [0m|[34;1m              +4691.00 [0m|[35m         16.0 [0m|[36;1m             58.721% [0m|[31;1m            38.994% [0m|[32;1m                         +0.36648 [0m|[33m  16.3 [0m|
|[31m    687 [0m|[32m    43 [0m|[33m    -4.00 [0m|[34;1m              +4687.00 [0m|[35m         16.0 [0m|[36;1m             58.721% [0m|[31;1m            39.010% [0m|[32;1m                         +0.36617 [0m|[33m  16.3 [0m|
|[31m    688 [0m|[32m    43 [0m|[33m    -4.00 [0m|[34;1m              +4683.00 [0m|[35m         16.0 [0m|[36;1m             58.721% [0m|[31;1m            39.026% [0m|[32;1m                         +0.36586 [0m|[33m  16.3 [0m|
|[31m    689 [0m|[32m    43 [0m|[33m    -4.00 [0m|[34;1m              +4679.00 [0m|[35m         16.0 [0m|[36;1m             58.721% [0m|[31;1m            39.042% [0m|[32;1m                         +0.36555 [0m|[33m  16.3 [0m|
|[31m    690 [0m|[32m    43 [0m|[33m    -4.00 [0m|[34;1m              +4675.00 [0m|[35m         16.0 [0m|[36;1m             58.721% [0m|[31;1m            39.058% [0m|[32;1m                         +0.36523 [0m|[33m  16.3 [0m|
|[31m    691 [0m|[32m    43 [0m|[33m    -4.00 [0m|[34;1m              +4671.00 [0m|[35m         16.1 [0m|[36;1m             58.721% [0m|[31;1m            39.074% [0m|[32;1m                         +0.36492 [0m|[33m  16.3 [0m|
|[31m    692 [0m|[32m    43 [0m|[33m    -4.00 [0m|[34;1m              +4667.00 [0m|[35m         16.1 [0m|[36;1m             58.721% [0m|[31;1m            39.090% [0m|[32;1m                         +0.36461 [0m|[33m  16.3 [0m|
|[31m    693 [0m|[32m    43 [0m|[33m    -4.00 [0m|[34;1m              +4663.00 [0m|[35m         16.1 [0m|[36;1m             58.721% [0m|[31;1m            39.105% [0m|[32;1m                         +0.36430 [0m|[33m  16.3 [0m|
|[31m    694 [0m|[32m    43 [0m|[33m    -4.00 [0m|[34;1m              +4659.00 [0m|[35m         16.1 [0m|[36;1m             58.721% [0m|[31;1m            39.121% [0m|[32;1m                         +0.36398 [0m|[33m  16.3 [0m|
|[31m    695 [0m|[32m    43 [0m|[33m    -4.00 [0m|[34;1m              +4655.00 [0m|[35m         16.2 [0m|[36;1m             58.721% [0m|[31;1m            39.137% [0m|[32;1m                         +0.36367 [0m|[33m  16.4 [0m|
|[31m    696 [0m|[32m    43 [0m|[33m    -4.00 [0m|[34;1m              +4651.00 [0m|[35m         16.2 [0m|[36;1m             58.721% [0m|[31;1m            39.152% [0m|[32;1m                         +0.36336 [0m|[33m  16.3 [0m|
|[31m    697 [0m|[32m    43 [0m|[33m    -4.00 [0m|[34;1m              +4647.00 [0m|[35m         16.2 [0m|[36;1m             58.721% [0m|[31;1m            39.168% [0m|[32;1m                         +0.36305 [0m|[33m  16.4 [0m|
|[31m    698 [0m|[32m    43 [0m|[33m    -4.00 [0m|[34;1m              +4643.00 [0m|[35m         16.2 [0m|[36;1m             58.721% [0m|[31;1m            39.183% [0m|[32;1m                         +0.36273 [0m|[33m  16.4 [0m|
|[31m    699 [0m|[32m    43 [0m|[33m    -4.00 [0m|[34;1m              +4639.00 [0m|[35m         16.3 [0m|[36;1m             58.721% [0m|[31;1m            39.199% [0m|[32;1m                         +0.36242 [0m|[33m  16.4 [0m|
|[31m    700 [0m|[32m    43 [0m|[33m    -4.00 [0m|[34;1m              +4635.00 [0m|[35m         16.3 [0m|[36;1m             58.721% [0m|[31;1m            39.214% [0m|[32;1m                         +0.36211 [0m|[33m  16.4 [0m|
|[31m    701 [0m|[32m    43 [0m|[33m    -4.00 [0m|[34;1m              +4631.00 [0m|[35m         16.3 [0m|[36;1m             58.721% [0m|[31;1m            39.230% [0m|[32;1m                         +0.36180 [0m|[33m  16.4 [0m|
|[31m    702 [0m|[32m    43 [0m|[33m    -4.00 [0m|[34;1m              +4627.00 [0m|[35m         16.3 [0m|[36;1m             58.721% [0m|[31;1m            39.245% [0m|[32;1m                         +0.36148 [0m|[33m  16.4 [0m|
|[31m    703 [0m|[32m    43 [0m|[33m    -4.00 [0m|[34;1m              +4623.00 [0m|[35m         16.3 [0m|[36;1m             58.721% [0m|[31;1m            39.260% [0m|[32;1m                         +0.36117 [0m|[33m  16.4 [0m|
|[31m    704 [0m|[32m    43 [0m|[33m    -4.00 [0m|[34;1m              +4619.00 [0m|[35m         16.4 [0m|[36;1m             58.721% [0m|[31;1m            39.276% [0m|[32;1m                         +0.36086 [0m|[33m  16.4 [0m|
|[31m    705 [0m|[32m    43 [0m|[33m    -3.00 [0m|[34;1m              +4616.00 [0m|[35m         16.4 [0m|[36;1m             58.721% [0m|[31;1m            39.273% [0m|[32;1m                         +0.36062 [0m|[33m  16.4 [0m|
|[31m    706 [0m|[32m    43 [0m|[33m    -3.00 [0m|[34;1m              +4613.00 [0m|[35m         16.4 [0m|[36;1m             58.721% [0m|[31;1m            39.271% [0m|[32;1m                         +0.36039 [0m|[33m  16.4 [0m|
|[31m    707 [0m|[32m    43 [0m|[33m    -2.00 [0m|[34;1m              +4611.00 [0m|[35m         16.4 [0m|[36;1m             58.721% [0m|[31;1m            39.268% [0m|[32;1m                         +0.36023 [0m|[33m  16.4 [0m|
|[31m    708 [0m|[32m    43 [0m|[33m    -3.00 [0m|[34;1m              +4608.00 [0m|[35m         16.5 [0m|[36;1m             58.721% [0m|[31;1m            39.283% [0m|[32;1m                         +0.36000 [0m|[33m  16.4 [0m|
|[31m    709 [0m|[32m    43 [0m|[33m    -3.00 [0m|[34;1m              +4605.00 [0m|[35m         16.5 [0m|[36;1m             58.721% [0m|[31;1m            39.298% [0m|[32;1m                         +0.35977 [0m|[33m  16.4 [0m|
|[31m    710 [0m|[32m    43 [0m|[33m    -3.00 [0m|[34;1m              +4602.00 [0m|[35m         16.5 [0m|[36;1m             58.721% [0m|[31;1m            39.313% [0m|[32;1m                         +0.35953 [0m|[33m  16.4 [0m|
|[31m    711 [0m|[32m    43 [0m|[33m    -3.00 [0m|[34;1m              +4599.00 [0m|[35m         16.5 [0m|[36;1m             58.721% [0m|[31;1m            39.328% [0m|[32;1m                         +0.35930 [0m|[33m  16.4 [0m|
|[31m    712 [0m|[32m    43 [0m|[33m    -3.00 [0m|[34;1m              +4596.00 [0m|[35m         16.6 [0m|[36;1m             58.721% [0m|[31;1m            39.343% [0m|[32;1m                         +0.35906 [0m|[33m  16.4 [0m|
|[31m    713 [0m|[32m    43 [0m|[33m    -4.00 [0m|[34;1m              +4592.00 [0m|[35m         16.6 [0m|[36;1m             58.721% [0m|[31;1m            39.376% [0m|[32;1m                         +0.35875 [0m|[33m  16.4 [0m|
|[31m    714 [0m|[32m    43 [0m|[33m    -4.00 [0m|[34;1m              +4588.00 [0m|[35m         16.6 [0m|[36;1m             58.721% [0m|[31;1m            39.408% [0m|[32;1m                         +0.35844 [0m|[33m  16.5 [0m|
|[31m    715 [0m|[32m    43 [0m|[33m    -4.00 [0m|[34;1m              +4584.00 [0m|[35m         16.6 [0m|[36;1m             58.721% [0m|[31;1m            39.441% [0m|[32;1m                         +0.35813 [0m|[33m  16.5 [0m|
|[31m    716 [0m|[32m    43 [0m|[33m    -4.00 [0m|[34;1m              +4580.00 [0m|[35m         16.7 [0m|[36;1m             58.721% [0m|[31;1m            39.455% [0m|[32;1m                         +0.35781 [0m|[33m  16.5 [0m|
|[31m    717 [0m|[32m    43 [0m|[33m    -4.00 [0m|[34;1m              +4576.00 [0m|[35m         16.7 [0m|[36;1m             58.721% [0m|[31;1m            39.470% [0m|[32;1m                         +0.35750 [0m|[33m  16.5 [0m|
|[31m    718 [0m|[32m    43 [0m|[33m    -3.00 [0m|[34;1m              +4573.00 [0m|[35m         16.7 [0m|[36;1m             58.721% [0m|[31;1m            39.485% [0m|[32;1m                         +0.35727 [0m|[33m  16.5 [0m|
|[31m    719 [0m|[32m    43 [0m|[33m    -3.00 [0m|[34;1m              +4570.00 [0m|[35m         16.7 [0m|[36;1m             58.721% [0m|[31;1m            39.499% [0m|[32;1m                         +0.35703 [0m|[33m  16.5 [0m|
|[31m    720 [0m|[32m    43 [0m|[33m    -3.00 [0m|[34;1m              +4567.00 [0m|[35m         16.7 [0m|[36;1m             58.721% [0m|[31;1m            39.514% [0m|[32;1m                         +0.35680 [0m|[33m  16.5 [0m|
|[31m    721 [0m|[32m    43 [0m|[33m    -3.00 [0m|[34;1m              +4564.00 [0m|[35m         16.8 [0m|[36;1m             58.721% [0m|[31;1m            39.528% [0m|[32;1m                         +0.35656 [0m|[33m  16.4 [0m|
|[31m    722 [0m|[32m    43 [0m|[33m    -3.00 [0m|[34;1m              +4561.00 [0m|[35m         16.8 [0m|[36;1m             58.721% [0m|[31;1m            39.543% [0m|[32;1m                         +0.35633 [0m|[33m  16.5 [0m|
|[31m    723 [0m|[32m    43 [0m|[33m    -3.00 [0m|[34;1m              +4558.00 [0m|[35m         16.8 [0m|[36;1m             58.721% [0m|[31;1m            39.557% [0m|[32;1m                         +0.35609 [0m|[33m  16.5 [0m|
|[31m    724 [0m|[32m    43 [0m|[33m    -3.00 [0m|[34;1m              +4555.00 [0m|[35m         16.8 [0m|[36;1m             58.721% [0m|[31;1m            39.572% [0m|[32;1m                         +0.35586 [0m|[33m  16.5 [0m|
|[31m    725 [0m|[32m    44 [0m|[33m   +97.00 [0m|[34;1m              +4652.00 [0m|[35m         16.5 [0m|[36;1m             57.386% [0m|[31;1m            39.586% [0m|[32;1m                         +0.36344 [0m|[33m  16.5 [0m|
|[31m    726 [0m|[32m    44 [0m|[33m    -3.00 [0m|[34;1m              +4649.00 [0m|[35m         16.5 [0m|[36;1m             57.386% [0m|[31;1m            39.601% [0m|[32;1m                         +0.36320 [0m|[33m  16.4 [0m|
|[31m    727 [0m|[32m    44 [0m|[33m    -3.00 [0m|[34;1m              +4646.00 [0m|[35m         16.5 [0m|[36;1m             57.386% [0m|[31;1m            39.615% [0m|[32;1m                         +0.36297 [0m|[33m  16.4 [0m|
|[31m    728 [0m|[32m    44 [0m|[33m    -3.00 [0m|[34;1m              +4643.00 [0m|[35m         16.5 [0m|[36;1m             57.386% [0m|[31;1m            39.629% [0m|[32;1m                         +0.36273 [0m|[33m  16.5 [0m|
|[31m    729 [0m|[32m    44 [0m|[33m    -3.00 [0m|[34;1m              +4640.00 [0m|[35m         16.6 [0m|[36;1m             57.386% [0m|[31;1m            39.643% [0m|[32;1m                         +0.36250 [0m|[33m  16.5 [0m|
|[31m    730 [0m|[32m    44 [0m|[33m    -3.00 [0m|[34;1m              +4637.00 [0m|[35m         16.6 [0m|[36;1m             57.386% [0m|[31;1m            39.640% [0m|[32;1m                         +0.36227 [0m|[33m  16.4 [0m|
|[31m    731 [0m|[32m    44 [0m|[33m    -3.00 [0m|[34;1m              +4634.00 [0m|[35m         16.6 [0m|[36;1m             57.386% [0m|[31;1m            39.637% [0m|[32;1m                         +0.36203 [0m|[33m  16.4 [0m|
|[31m    732 [0m|[32m    44 [0m|[33m    -3.00 [0m|[34;1m              +4631.00 [0m|[35m         16.6 [0m|[36;1m             57.386% [0m|[31;1m            39.635% [0m|[32;1m                         +0.36180 [0m|[33m  16.4 [0m|
|[31m    733 [0m|[32m    44 [0m|[33m    -3.00 [0m|[34;1m              +4628.00 [0m|[35m         16.7 [0m|[36;1m             57.386% [0m|[31;1m            39.632% [0m|[32;1m                         +0.36156 [0m|[33m  16.4 [0m|
|[31m    734 [0m|[32m    44 [0m|[33m    -3.00 [0m|[34;1m              +4625.00 [0m|[35m         16.7 [0m|[36;1m             57.386% [0m|[31;1m            39.629% [0m|[32;1m                         +0.36133 [0m|[33m  16.4 [0m|
|[31m    735 [0m|[32m    44 [0m|[33m    -2.00 [0m|[34;1m              +4623.00 [0m|[35m         16.7 [0m|[36;1m             57.386% [0m|[31;1m            39.609% [0m|[32;1m                         +0.36117 [0m|[33m  16.5 [0m|
|[31m    736 [0m|[32m    44 [0m|[33m    -2.00 [0m|[34;1m              +4621.00 [0m|[35m         16.7 [0m|[36;1m             57.386% [0m|[31;1m            39.589% [0m|[32;1m                         +0.36102 [0m|[33m  16.4 [0m|
|[31m    737 [0m|[32m    44 [0m|[33m    -4.00 [0m|[34;1m              +4617.00 [0m|[35m         16.8 [0m|[36;1m             57.386% [0m|[31;1m            39.603% [0m|[32;1m                         +0.36070 [0m|[33m  16.5 [0m|
|[31m    738 [0m|[32m    44 [0m|[33m    -5.00 [0m|[34;1m              +4612.00 [0m|[35m         16.8 [0m|[36;1m             57.386% [0m|[31;1m            39.634% [0m|[32;1m                         +0.36031 [0m|[33m  16.5 [0m|
|[31m    739 [0m|[32m    45 [0m|[33m   +95.00 [0m|[34;1m              +4707.00 [0m|[35m         16.4 [0m|[36;1m             56.111% [0m|[31;1m            39.665% [0m|[32;1m                         +0.36773 [0m|[33m  16.5 [0m|
|[31m    740 [0m|[32m    45 [0m|[33m    -5.00 [0m|[34;1m              +4702.00 [0m|[35m         16.4 [0m|[36;1m             56.111% [0m|[31;1m            39.696% [0m|[32;1m                         +0.36734 [0m|[33m  16.5 [0m|
|[31m    741 [0m|[32m    45 [0m|[33m    -5.00 [0m|[34;1m              +4697.00 [0m|[35m         16.5 [0m|[36;1m             56.111% [0m|[31;1m            39.727% [0m|[32;1m                         +0.36695 [0m|[33m  16.4 [0m|
|[31m    742 [0m|[32m    45 [0m|[33m    -5.00 [0m|[34;1m              +4692.00 [0m|[35m         16.5 [0m|[36;1m             56.111% [0m|[31;1m            39.757% [0m|[32;1m                         +0.36656 [0m|[33m  16.5 [0m|
|[31m    743 [0m|[32m    45 [0m|[33m    -5.00 [0m|[34;1m              +4687.00 [0m|[35m         16.5 [0m|[36;1m             56.111% [0m|[31;1m            39.788% [0m|[32;1m                         +0.36617 [0m|[33m  16.5 [0m|
|[31m    744 [0m|[32m    45 [0m|[33m    -5.00 [0m|[34;1m              +4682.00 [0m|[35m         16.5 [0m|[36;1m             56.111% [0m|[31;1m            39.819% [0m|[32;1m                         +0.36578 [0m|[33m  16.5 [0m|
|[31m    745 [0m|[32m    45 [0m|[33m    -5.00 [0m|[34;1m              +4677.00 [0m|[35m         16.6 [0m|[36;1m             56.111% [0m|[31;1m            39.849% [0m|[32;1m                         +0.36539 [0m|[33m  16.5 [0m|
|[31m    746 [0m|[32m    45 [0m|[33m    -5.00 [0m|[34;1m              +4672.00 [0m|[35m         16.6 [0m|[36;1m             56.111% [0m|[31;1m            39.879% [0m|[32;1m                         +0.36500 [0m|[33m  16.5 [0m|
|[31m    747 [0m|[32m    45 [0m|[33m    -5.00 [0m|[34;1m              +4667.00 [0m|[35m         16.6 [0m|[36;1m             56.111% [0m|[31;1m            39.910% [0m|[32;1m                         +0.36461 [0m|[33m  16.5 [0m|
|[31m    748 [0m|[32m    45 [0m|[33m    -5.00 [0m|[34;1m              +4662.00 [0m|[35m         16.6 [0m|[36;1m             56.111% [0m|[31;1m            39.957% [0m|[32;1m                         +0.36422 [0m|[33m  16.5 [0m|
|[31m    749 [0m|[32m    45 [0m|[33m    -5.00 [0m|[34;1m              +4657.00 [0m|[35m         16.6 [0m|[36;1m             56.111% [0m|[31;1m            40.003% [0m|[32;1m                         +0.36383 [0m|[33m  16.5 [0m|
|[31m    750 [0m|[32m    45 [0m|[33m    -5.00 [0m|[34;1m              +4652.00 [0m|[35m         16.7 [0m|[36;1m             56.111% [0m|[31;1m            40.033% [0m|[32;1m                         +0.36344 [0m|[33m  16.5 [0m|
|[31m    751 [0m|[32m    45 [0m|[33m    -5.00 [0m|[34;1m              +4647.00 [0m|[35m         16.7 [0m|[36;1m             56.111% [0m|[31;1m            40.063% [0m|[32;1m                         +0.36305 [0m|[33m  16.5 [0m|
|[31m    752 [0m|[32m    45 [0m|[33m    -5.00 [0m|[34;1m              +4642.00 [0m|[35m         16.7 [0m|[36;1m             56.111% [0m|[31;1m            40.093% [0m|[32;1m                         +0.36266 [0m|[33m  16.5 [0m|
|[31m    753 [0m|[32m    45 [0m|[33m    -5.00 [0m|[34;1m              +4637.00 [0m|[35m         16.7 [0m|[36;1m             56.111% [0m|[31;1m            40.123% [0m|[32;1m                         +0.36227 [0m|[33m  16.5 [0m|
|[31m    754 [0m|[32m    45 [0m|[33m    -5.00 [0m|[34;1m              +4632.00 [0m|[35m         16.8 [0m|[36;1m             56.111% [0m|[31;1m            40.153% [0m|[32;1m                         +0.36188 [0m|[33m  16.5 [0m|
|[31m    755 [0m|[32m    45 [0m|[33m    -5.00 [0m|[34;1m              +4627.00 [0m|[35m         16.8 [0m|[36;1m             56.111% [0m|[31;1m            40.182% [0m|[32;1m                         +0.36148 [0m|[33m  16.5 [0m|
|[31m    756 [0m|[32m    45 [0m|[33m    -5.00 [0m|[34;1m              +4622.00 [0m|[35m         16.8 [0m|[36;1m             56.111% [0m|[31;1m            40.212% [0m|[32;1m                         +0.36109 [0m|[33m  16.5 [0m|
|[31m    757 [0m|[32m    45 [0m|[33m    -5.00 [0m|[34;1m              +4617.00 [0m|[35m         16.8 [0m|[36;1m             56.111% [0m|[31;1m            40.241% [0m|[32;1m                         +0.36070 [0m|[33m  16.5 [0m|
|[31m    758 [0m|[32m    45 [0m|[33m    -5.00 [0m|[34;1m              +4612.00 [0m|[35m         16.8 [0m|[36;1m             56.111% [0m|[31;1m            40.270% [0m|[32;1m                         +0.36031 [0m|[33m  16.5 [0m|
|[31m    759 [0m|[32m    45 [0m|[33m    -5.00 [0m|[34;1m              +4607.00 [0m|[35m         16.9 [0m|[36;1m             56.111% [0m|[31;1m            40.300% [0m|[32;1m                         +0.35992 [0m|[33m  16.6 [0m|
|[31m    760 [0m|[32m    45 [0m|[33m    -5.00 [0m|[34;1m              +4602.00 [0m|[35m         16.9 [0m|[36;1m             56.111% [0m|[31;1m            40.329% [0m|[32;1m                         +0.35953 [0m|[33m  16.5 [0m|
|[31m    761 [0m|[32m    45 [0m|[33m    -5.00 [0m|[34;1m              +4597.00 [0m|[35m         16.9 [0m|[36;1m             56.111% [0m|[31;1m            40.358% [0m|[32;1m                         +0.35914 [0m|[33m  16.5 [0m|
|[31m    762 [0m|[32m    45 [0m|[33m    -6.00 [0m|[34;1m              +4591.00 [0m|[35m         16.9 [0m|[36;1m             56.111% [0m|[31;1m            40.404% [0m|[32;1m                         +0.35867 [0m|[33m  16.5 [0m|
|[31m    763 [0m|[32m    45 [0m|[33m    -6.00 [0m|[34;1m              +4585.00 [0m|[35m         17.0 [0m|[36;1m             56.111% [0m|[31;1m            40.449% [0m|[32;1m                         +0.35820 [0m|[33m  16.5 [0m|
|[31m    764 [0m|[32m    45 [0m|[33m    -6.00 [0m|[34;1m              +4579.00 [0m|[35m         17.0 [0m|[36;1m             56.111% [0m|[31;1m            40.494% [0m|[32;1m                         +0.35773 [0m|[33m  16.6 [0m|
|[31m    765 [0m|[32m    47 [0m|[33m  +394.00 [0m|[34;1m              +4973.00 [0m|[35m         16.3 [0m|[36;1m             57.979% [0m|[31;1m            40.539% [0m|[32;1m                         +0.38852 [0m|[33m  16.6 [0m|
|[31m    766 [0m|[32m    47 [0m|[33m    -6.00 [0m|[34;1m              +4967.00 [0m|[35m         16.3 [0m|[36;1m             57.979% [0m|[31;1m            40.584% [0m|[32;1m                         +0.38805 [0m|[33m  16.5 [0m|
|[31m    767 [0m|[32m    47 [0m|[33m    -6.00 [0m|[34;1m              +4961.00 [0m|[35m         16.3 [0m|[36;1m             57.979% [0m|[31;1m            40.629% [0m|[32;1m                         +0.38758 [0m|[33m  16.5 [0m|
|[31m    768 [0m|[32m    47 [0m|[33m    -6.00 [0m|[34;1m              +4955.00 [0m|[35m         16.3 [0m|[36;1m             57.979% [0m|[31;1m            40.674% [0m|[32;1m                         +0.38711 [0m|[33m  16.6 [0m|
|[31m    769 [0m|[32m    47 [0m|[33m    -6.00 [0m|[34;1m              +4949.00 [0m|[35m         16.4 [0m|[36;1m             57.979% [0m|[31;1m            40.718% [0m|[32;1m                         +0.38664 [0m|[33m  16.6 [0m|
|[31m    770 [0m|[32m    47 [0m|[33m    -6.00 [0m|[34;1m              +4943.00 [0m|[35m         16.4 [0m|[36;1m             57.979% [0m|[31;1m            40.763% [0m|[32;1m                         +0.38617 [0m|[33m  16.5 [0m|
|[31m    771 [0m|[32m    47 [0m|[33m    -5.00 [0m|[34;1m              +4938.00 [0m|[35m         16.4 [0m|[36;1m             57.979% [0m|[31;1m            40.791% [0m|[32;1m                         +0.38578 [0m|[33m  16.5 [0m|
|[31m    772 [0m|[32m    47 [0m|[33m    -5.00 [0m|[34;1m              +4933.00 [0m|[35m         16.4 [0m|[36;1m             57.979% [0m|[31;1m            40.819% [0m|[32;1m                         +0.38539 [0m|[33m  16.5 [0m|
|[31m    773 [0m|[32m    47 [0m|[33m    -5.00 [0m|[34;1m              +4928.00 [0m|[35m         16.4 [0m|[36;1m             57.979% [0m|[31;1m            40.847% [0m|[32;1m                         +0.38500 [0m|[33m  16.6 [0m|
|[31m    774 [0m|[32m    47 [0m|[33m    -4.00 [0m|[34;1m              +4924.00 [0m|[35m         16.5 [0m|[36;1m             57.979% [0m|[31;1m            40.859% [0m|[32;1m                         +0.38469 [0m|[33m  16.6 [0m|
|[31m    775 [0m|[32m    47 [0m|[33m    -4.00 [0m|[34;1m              +4920.00 [0m|[35m         16.5 [0m|[36;1m             57.979% [0m|[31;1m            40.871% [0m|[32;1m                         +0.38438 [0m|[33m  16.6 [0m|
|[31m    776 [0m|[32m    47 [0m|[33m    -4.00 [0m|[34;1m              +4916.00 [0m|[35m         16.5 [0m|[36;1m             57.979% [0m|[31;1m            40.883% [0m|[32;1m                         +0.38406 [0m|[33m  16.6 [0m|
|[31m    777 [0m|[32m    47 [0m|[33m    -5.00 [0m|[34;1m              +4911.00 [0m|[35m         16.5 [0m|[36;1m             57.979% [0m|[31;1m            40.911% [0m|[32;1m                         +0.38367 [0m|[33m  16.6 [0m|
|[31m    778 [0m|[32m    47 [0m|[33m    -5.00 [0m|[34;1m              +4906.00 [0m|[35m         16.6 [0m|[36;1m             57.979% [0m|[31;1m            40.938% [0m|[32;1m                         +0.38328 [0m|[33m  16.6 [0m|
|[31m    779 [0m|[32m    47 [0m|[33m    -4.00 [0m|[34;1m              +4902.00 [0m|[35m         16.6 [0m|[36;1m             57.979% [0m|[31;1m            40.966% [0m|[32;1m                         +0.38297 [0m|[33m  16.6 [0m|
|[31m    780 [0m|[32m    47 [0m|[33m    -4.00 [0m|[34;1m              +4898.00 [0m|[35m         16.6 [0m|[36;1m             57.979% [0m|[31;1m            40.994% [0m|[32;1m                         +0.38266 [0m|[33m  16.6 [0m|
|[31m    781 [0m|[32m    47 [0m|[33m    -4.00 [0m|[34;1m              +4894.00 [0m|[35m         16.6 [0m|[36;1m             57.979% [0m|[31;1m            41.021% [0m|[32;1m                         +0.38234 [0m|[33m  16.6 [0m|
|[31m    782 [0m|[32m    47 [0m|[33m    -4.00 [0m|[34;1m              +4890.00 [0m|[35m         16.6 [0m|[36;1m             57.979% [0m|[31;1m            41.049% [0m|[32;1m                         +0.38203 [0m|[33m  16.6 [0m|
|[31m    783 [0m|[32m    47 [0m|[33m    -4.00 [0m|[34;1m              +4886.00 [0m|[35m         16.7 [0m|[36;1m             57.979% [0m|[31;1m            41.092% [0m|[32;1m                         +0.38172 [0m|[33m  16.6 [0m|
|[31m    784 [0m|[32m    47 [0m|[33m    -4.00 [0m|[34;1m              +4882.00 [0m|[35m         16.7 [0m|[36;1m             57.979% [0m|[31;1m            41.135% [0m|[32;1m                         +0.38141 [0m|[33m  16.6 [0m|
|[31m    785 [0m|[32m    47 [0m|[33m    -4.00 [0m|[34;1m              +4878.00 [0m|[35m         16.7 [0m|[36;1m             57.979% [0m|[31;1m            41.178% [0m|[32;1m                         +0.38109 [0m|[33m  16.6 [0m|
|[31m    786 [0m|[32m    49 [0m|[33m  +196.00 [0m|[34;1m              +5074.00 [0m|[35m         16.0 [0m|[36;1m             55.612% [0m|[31;1m            41.221% [0m|[32;1m                         +0.39641 [0m|[33m  16.6 [0m|
|[31m    787 [0m|[32m    49 [0m|[33m    -4.00 [0m|[34;1m              +5070.00 [0m|[35m         16.1 [0m|[36;1m             55.612% [0m|[31;1m            41.264% [0m|[32;1m                         +0.39609 [0m|[33m  16.6 [0m|
|[31m    788 [0m|[32m    49 [0m|[33m    -4.00 [0m|[34;1m              +5066.00 [0m|[35m         16.1 [0m|[36;1m             55.612% [0m|[31;1m            41.307% [0m|[32;1m                         +0.39578 [0m|[33m  16.6 [0m|
|[31m    789 [0m|[32m    49 [0m|[33m    -4.00 [0m|[34;1m              +5062.00 [0m|[35m         16.1 [0m|[36;1m             55.612% [0m|[31;1m            41.350% [0m|[32;1m                         +0.39547 [0m|[33m  16.6 [0m|
|[31m    790 [0m|[32m    49 [0m|[33m    -3.00 [0m|[34;1m              +5059.00 [0m|[35m         16.1 [0m|[36;1m             55.612% [0m|[31;1m            41.392% [0m|[32;1m                         +0.39523 [0m|[33m  16.6 [0m|
|[31m    791 [0m|[32m    49 [0m|[33m    -3.00 [0m|[34;1m              +5056.00 [0m|[35m         16.1 [0m|[36;1m             55.612% [0m|[31;1m            41.435% [0m|[32;1m                         +0.39500 [0m|[33m  16.6 [0m|
|[31m    792 [0m|[32m    49 [0m|[33m    -3.00 [0m|[34;1m              +5053.00 [0m|[35m         16.2 [0m|[36;1m             55.612% [0m|[31;1m            41.477% [0m|[32;1m                         +0.39477 [0m|[33m  16.6 [0m|
|[31m    793 [0m|[32m    49 [0m|[33m    -3.00 [0m|[34;1m              +5050.00 [0m|[35m         16.2 [0m|[36;1m             55.612% [0m|[31;1m            41.520% [0m|[32;1m                         +0.39453 [0m|[33m  16.6 [0m|
|[31m    794 [0m|[32m    49 [0m|[33m    -3.00 [0m|[34;1m              +5047.00 [0m|[35m         16.2 [0m|[36;1m             55.612% [0m|[31;1m            41.562% [0m|[32;1m                         +0.39430 [0m|[33m  16.6 [0m|
|[31m    795 [0m|[32m    49 [0m|[33m    -2.00 [0m|[34;1m              +5045.00 [0m|[35m         16.2 [0m|[36;1m             55.612% [0m|[31;1m            41.588% [0m|[32;1m                         +0.39414 [0m|[33m  16.6 [0m|
|[31m    796 [0m|[32m    49 [0m|[33m    -2.00 [0m|[34;1m              +5043.00 [0m|[35m         16.2 [0m|[36;1m             55.612% [0m|[31;1m            41.614% [0m|[32;1m                         +0.39398 [0m|[33m  16.6 [0m|
|[31m    797 [0m|[32m    49 [0m|[33m    -3.00 [0m|[34;1m              +5040.00 [0m|[35m         16.3 [0m|[36;1m             55.612% [0m|[31;1m            41.656% [0m|[32;1m                         +0.39375 [0m|[33m  16.6 [0m|
|[31m    798 [0m|[32m    49 [0m|[33m    -3.00 [0m|[34;1m              +5037.00 [0m|[35m         16.3 [0m|[36;1m             55.612% [0m|[31;1m            41.698% [0m|[32;1m                         +0.39352 [0m|[33m  16.6 [0m|
|[31m    799 [0m|[32m    49 [0m|[33m    -3.00 [0m|[34;1m              +5034.00 [0m|[35m         16.3 [0m|[36;1m             55.612% [0m|[31;1m            41.740% [0m|[32;1m                         +0.39328 [0m|[33m  16.6 [0m|
|[31m    800 [0m|[32m    49 [0m|[33m    -3.00 [0m|[34;1m              +5031.00 [0m|[35m         16.3 [0m|[36;1m             55.612% [0m|[31;1m            41.766% [0m|[32;1m                         +0.39305 [0m|[33m  16.6 [0m|
|[31m    801 [0m|[32m    49 [0m|[33m    -3.00 [0m|[34;1m              +5028.00 [0m|[35m         16.3 [0m|[36;1m             55.612% [0m|[31;1m            41.792% [0m|[32;1m                         +0.39281 [0m|[33m  16.5 [0m|
|[31m    802 [0m|[32m    49 [0m|[33m    -3.00 [0m|[34;1m              +5025.00 [0m|[35m         16.4 [0m|[36;1m             55.612% [0m|[31;1m            41.833% [0m|[32;1m                         +0.39258 [0m|[33m  16.6 [0m|
|[31m    803 [0m|[32m    49 [0m|[33m    -3.00 [0m|[34;1m              +5022.00 [0m|[35m         16.4 [0m|[36;1m             55.612% [0m|[31;1m            41.874% [0m|[32;1m                         +0.39234 [0m|[33m  16.6 [0m|
|[31m    804 [0m|[32m    49 [0m|[33m    -3.00 [0m|[34;1m              +5019.00 [0m|[35m         16.4 [0m|[36;1m             55.612% [0m|[31;1m            41.915% [0m|[32;1m                         +0.39211 [0m|[33m  16.6 [0m|
|[31m    805 [0m|[32m    49 [0m|[33m    -2.00 [0m|[34;1m              +5017.00 [0m|[35m         16.4 [0m|[36;1m             55.612% [0m|[31;1m            41.941% [0m|[32;1m                         +0.39195 [0m|[33m  16.6 [0m|
|[31m    806 [0m|[32m    49 [0m|[33m    -2.00 [0m|[34;1m              +5015.00 [0m|[35m         16.4 [0m|[36;1m             55.612% [0m|[31;1m            41.967% [0m|[32;1m                         +0.39180 [0m|[33m  16.6 [0m|
|[31m    807 [0m|[32m    49 [0m|[33m    -3.00 [0m|[34;1m              +5012.00 [0m|[35m         16.5 [0m|[36;1m             55.612% [0m|[31;1m            42.007% [0m|[32;1m                         +0.39156 [0m|[33m  16.6 [0m|
|[31m    808 [0m|[32m    49 [0m|[33m    -3.00 [0m|[34;1m              +5009.00 [0m|[35m         16.5 [0m|[36;1m             55.612% [0m|[31;1m            42.048% [0m|[32;1m                         +0.39133 [0m|[33m  16.6 [0m|
|[31m    809 [0m|[32m    49 [0m|[33m    -3.00 [0m|[34;1m              +5006.00 [0m|[35m         16.5 [0m|[36;1m             55.612% [0m|[31;1m            42.089% [0m|[32;1m                         +0.39109 [0m|[33m  16.6 [0m|
|[31m    810 [0m|[32m    49 [0m|[33m    -2.00 [0m|[34;1m              +5004.00 [0m|[35m         16.5 [0m|[36;1m             55.612% [0m|[31;1m            42.114% [0m|[32;1m                         +0.39094 [0m|[33m  16.6 [0m|
|[31m    811 [0m|[32m    49 [0m|[33m    -2.00 [0m|[34;1m              +5002.00 [0m|[35m         16.6 [0m|[36;1m             55.612% [0m|[31;1m            42.139% [0m|[32;1m                         +0.39078 [0m|[33m  16.6 [0m|
|[31m    812 [0m|[32m    49 [0m|[33m    -3.00 [0m|[34;1m              +4999.00 [0m|[35m         16.6 [0m|[36;1m             55.612% [0m|[31;1m            42.195% [0m|[32;1m                         +0.39055 [0m|[33m  16.6 [0m|
|[31m    813 [0m|[32m    49 [0m|[33m    -2.00 [0m|[34;1m              +4997.00 [0m|[35m         16.6 [0m|[36;1m             55.612% [0m|[31;1m            42.236% [0m|[32;1m                         +0.39039 [0m|[33m  16.6 [0m|
|[31m    814 [0m|[32m    49 [0m|[33m    -2.00 [0m|[34;1m              +4995.00 [0m|[35m         16.6 [0m|[36;1m             55.612% [0m|[31;1m            42.276% [0m|[32;1m                         +0.39023 [0m|[33m  16.6 [0m|
|[31m    815 [0m|[32m    49 [0m|[33m    -1.00 [0m|[34;1m              +4994.00 [0m|[35m         16.6 [0m|[36;1m             55.612% [0m|[31;1m            42.285% [0m|[32;1m                         +0.39016 [0m|[33m  16.6 [0m|
|[31m    816 [0m|[32m    49 [0m|[33m    -2.00 [0m|[34;1m              +4992.00 [0m|[35m         16.7 [0m|[36;1m             55.612% [0m|[31;1m            42.325% [0m|[32;1m                         +0.39000 [0m|[33m  16.6 [0m|
|[31m    817 [0m|[32m    49 [0m|[33m    -3.00 [0m|[34;1m              +4989.00 [0m|[35m         16.7 [0m|[36;1m             55.612% [0m|[31;1m            42.381% [0m|[32;1m                         +0.38977 [0m|[33m  16.6 [0m|
|[31m    818 [0m|[32m    49 [0m|[33m    -3.00 [0m|[34;1m              +4986.00 [0m|[35m         16.7 [0m|[36;1m             55.612% [0m|[31;1m            42.436% [0m|[32;1m                         +0.38953 [0m|[33m  16.6 [0m|
|[31m    819 [0m|[32m    49 [0m|[33m    -2.00 [0m|[34;1m              +4984.00 [0m|[35m         16.7 [0m|[36;1m             55.612% [0m|[31;1m            42.476% [0m|[32;1m                         +0.38938 [0m|[33m  16.6 [0m|
|[31m    820 [0m|[32m    49 [0m|[33m    -3.00 [0m|[34;1m              +4981.00 [0m|[35m         16.7 [0m|[36;1m             55.612% [0m|[31;1m            42.530% [0m|[32;1m                         +0.38914 [0m|[33m  16.6 [0m|
|[31m    821 [0m|[32m    49 [0m|[33m    -2.00 [0m|[34;1m              +4979.00 [0m|[35m         16.8 [0m|[36;1m             55.612% [0m|[31;1m            42.570% [0m|[32;1m                         +0.38898 [0m|[33m  16.6 [0m|
|[31m    822 [0m|[32m    49 [0m|[33m    -3.00 [0m|[34;1m              +4976.00 [0m|[35m         16.8 [0m|[36;1m             55.612% [0m|[31;1m            42.625% [0m|[32;1m                         +0.38875 [0m|[33m  16.6 [0m|
|[31m    823 [0m|[32m    49 [0m|[33m    -2.00 [0m|[34;1m              +4974.00 [0m|[35m         16.8 [0m|[36;1m             55.612% [0m|[31;1m            42.664% [0m|[32;1m                         +0.38859 [0m|[33m  16.6 [0m|
|[31m    824 [0m|[32m    49 [0m|[33m    -2.00 [0m|[34;1m              +4972.00 [0m|[35m         16.8 [0m|[36;1m             55.612% [0m|[31;1m            42.703% [0m|[32;1m                         +0.38844 [0m|[33m  16.6 [0m|
|[31m    825 [0m|[32m    49 [0m|[33m    -1.00 [0m|[34;1m              +4971.00 [0m|[35m         16.8 [0m|[36;1m             55.612% [0m|[31;1m            42.712% [0m|[32;1m                         +0.38836 [0m|[33m  16.6 [0m|
|[31m    826 [0m|[32m    49 [0m|[33m    -1.00 [0m|[34;1m              +4970.00 [0m|[35m         16.9 [0m|[36;1m             55.612% [0m|[31;1m            42.736% [0m|[32;1m                         +0.38828 [0m|[33m  16.6 [0m|
|[31m    827 [0m|[32m    49 [0m|[33m    -2.00 [0m|[34;1m              +4968.00 [0m|[35m         16.9 [0m|[36;1m             55.612% [0m|[31;1m            42.775% [0m|[32;1m                         +0.38812 [0m|[33m  16.6 [0m|
|[31m    828 [0m|[32m    49 [0m|[33m    -2.00 [0m|[34;1m              +4966.00 [0m|[35m         16.9 [0m|[36;1m             55.612% [0m|[31;1m            42.814% [0m|[32;1m                         +0.38797 [0m|[33m  16.6 [0m|
|[31m    829 [0m|[32m    49 [0m|[33m    -3.00 [0m|[34;1m              +4963.00 [0m|[35m         16.9 [0m|[36;1m             55.612% [0m|[31;1m            42.868% [0m|[32;1m                         +0.38773 [0m|[33m  16.6 [0m|
|[31m    830 [0m|[32m    49 [0m|[33m    -2.00 [0m|[34;1m              +4961.00 [0m|[35m         16.9 [0m|[36;1m             55.612% [0m|[31;1m            42.892% [0m|[32;1m                         +0.38758 [0m|[33m  16.6 [0m|
|[31m    831 [0m|[32m    49 [0m|[33m    -3.00 [0m|[34;1m              +4958.00 [0m|[35m         17.0 [0m|[36;1m             55.612% [0m|[31;1m            42.930% [0m|[32;1m                         +0.38734 [0m|[33m  16.6 [0m|
|[31m    832 [0m|[32m    49 [0m|[33m    -3.00 [0m|[34;1m              +4955.00 [0m|[35m         17.0 [0m|[36;1m             55.612% [0m|[31;1m            42.984% [0m|[32;1m                         +0.38711 [0m|[33m  16.6 [0m|
|[31m    833 [0m|[32m    49 [0m|[33m    -3.00 [0m|[34;1m              +4952.00 [0m|[35m         17.0 [0m|[36;1m             55.612% [0m|[31;1m            43.037% [0m|[32;1m                         +0.38688 [0m|[33m  16.6 [0m|
|[31m    834 [0m|[32m    49 [0m|[33m    -3.00 [0m|[34;1m              +4949.00 [0m|[35m         17.0 [0m|[36;1m             55.612% [0m|[31;1m            43.091% [0m|[32;1m                         +0.38664 [0m|[33m  16.6 [0m|
|[31m    835 [0m|[32m    49 [0m|[33m    -3.00 [0m|[34;1m              +4946.00 [0m|[35m         17.0 [0m|[36;1m             55.612% [0m|[31;1m            43.144% [0m|[32;1m                         +0.38641 [0m|[33m  16.6 [0m|
|[31m    836 [0m|[32m    49 [0m|[33m    -3.00 [0m|[34;1m              +4943.00 [0m|[35m         17.1 [0m|[36;1m             55.612% [0m|[31;1m            43.197% [0m|[32;1m                         +0.38617 [0m|[33m  16.6 [0m|
|[31m    837 [0m|[32m    49 [0m|[33m    -3.00 [0m|[34;1m              +4940.00 [0m|[35m         17.1 [0m|[36;1m             55.612% [0m|[31;1m            43.250% [0m|[32;1m                         +0.38594 [0m|[33m  16.6 [0m|
|[31m    838 [0m|[32m    49 [0m|[33m    -3.00 [0m|[34;1m              +4937.00 [0m|[35m         17.1 [0m|[36;1m             55.612% [0m|[31;1m            43.288% [0m|[32;1m                         +0.38570 [0m|[33m  16.6 [0m|
|[31m    839 [0m|[32m    49 [0m|[33m    -2.00 [0m|[34;1m              +4935.00 [0m|[35m         17.1 [0m|[36;1m             55.612% [0m|[31;1m            43.310% [0m|[32;1m                         +0.38555 [0m|[33m  16.6 [0m|
|[31m    840 [0m|[32m    49 [0m|[33m    -2.00 [0m|[34;1m              +4933.00 [0m|[35m         17.1 [0m|[36;1m             55.612% [0m|[31;1m            43.318% [0m|[32;1m                         +0.38539 [0m|[33m  16.6 [0m|
|[31m    841 [0m|[32m    50 [0m|[33m   +98.00 [0m|[34;1m              +5031.00 [0m|[35m         16.8 [0m|[36;1m             54.500% [0m|[31;1m            43.326% [0m|[32;1m                         +0.39305 [0m|[33m  16.6 [0m|
|[31m    842 [0m|[32m    50 [0m|[33m    -2.00 [0m|[34;1m              +5029.00 [0m|[35m         16.8 [0m|[36;1m             54.500% [0m|[31;1m            43.349% [0m|[32;1m                         +0.39289 [0m|[33m  16.6 [0m|
|[31m    843 [0m|[32m    50 [0m|[33m    -2.00 [0m|[34;1m              +5027.00 [0m|[35m         16.9 [0m|[36;1m             54.500% [0m|[31;1m            43.357% [0m|[32;1m                         +0.39273 [0m|[33m  16.6 [0m|
|[31m    844 [0m|[32m    52 [0m|[33m  +198.00 [0m|[34;1m              +5225.00 [0m|[35m         16.2 [0m|[36;1m             52.404% [0m|[31;1m            43.365% [0m|[32;1m                         +0.40820 [0m|[33m  16.6 [0m|
|[31m    845 [0m|[32m    52 [0m|[33m    -3.00 [0m|[34;1m              +5222.00 [0m|[35m         16.2 [0m|[36;1m             52.404% [0m|[31;1m            43.373% [0m|[32;1m                         +0.40797 [0m|[33m  16.6 [0m|
|[31m    846 [0m|[32m    52 [0m|[33m    -3.00 [0m|[34;1m              +5219.00 [0m|[35m         16.3 [0m|[36;1m             52.404% [0m|[31;1m            43.381% [0m|[32;1m                         +0.40773 [0m|[33m  16.6 [0m|
|[31m    847 [0m|[32m    52 [0m|[33m    -3.00 [0m|[34;1m              +5216.00 [0m|[35m         16.3 [0m|[36;1m             52.404% [0m|[31;1m            43.388% [0m|[32;1m                         +0.40750 [0m|[33m  16.6 [0m|
|[31m    848 [0m|[32m    52 [0m|[33m    -3.00 [0m|[34;1m              +5213.00 [0m|[35m         16.3 [0m|[36;1m             52.404% [0m|[31;1m            43.396% [0m|[32;1m                         +0.40727 [0m|[33m  16.7 [0m|
|[31m    849 [0m|[32m    52 [0m|[33m    -2.00 [0m|[34;1m              +5211.00 [0m|[35m         16.3 [0m|[36;1m             52.404% [0m|[31;1m            43.419% [0m|[32;1m                         +0.40711 [0m|[33m  16.7 [0m|
|[31m    850 [0m|[32m    52 [0m|[33m    -2.00 [0m|[34;1m              +5209.00 [0m|[35m         16.3 [0m|[36;1m             52.404% [0m|[31;1m            43.426% [0m|[32;1m                         +0.40695 [0m|[33m  16.7 [0m|
|[31m    851 [0m|[32m    52 [0m|[33m    -1.00 [0m|[34;1m              +5208.00 [0m|[35m         16.4 [0m|[36;1m             52.404% [0m|[31;1m            43.420% [0m|[32;1m                         +0.40687 [0m|[33m  16.6 [0m|
|[31m    852 [0m|[32m    53 [0m|[33m   +99.00 [0m|[34;1m              +5307.00 [0m|[35m         16.1 [0m|[36;1m             51.415% [0m|[31;1m            43.413% [0m|[32;1m                         +0.41461 [0m|[33m  16.6 [0m|
|[31m    853 [0m|[32m    53 [0m|[33m    -2.00 [0m|[34;1m              +5305.00 [0m|[35m         16.1 [0m|[36;1m             51.415% [0m|[31;1m            43.406% [0m|[32;1m                         +0.41445 [0m|[33m  16.7 [0m|
|[31m    854 [0m|[32m    53 [0m|[33m    -2.00 [0m|[34;1m              +5303.00 [0m|[35m         16.1 [0m|[36;1m             51.415% [0m|[31;1m            43.399% [0m|[32;1m                         +0.41430 [0m|[33m  16.7 [0m|
|[31m    855 [0m|[32m    53 [0m|[33m    -2.00 [0m|[34;1m              +5301.00 [0m|[35m         16.1 [0m|[36;1m             51.415% [0m|[31;1m            43.392% [0m|[32;1m                         +0.41414 [0m|[33m  16.7 [0m|
|[31m    856 [0m|[32m    55 [0m|[33m  +340.00 [0m|[34;1m              +5641.00 [0m|[35m         15.6 [0m|[36;1m             52.127% [0m|[31;1m            43.385% [0m|[32;1m                         +0.44070 [0m|[33m  16.7 [0m|
|[31m    857 [0m|[32m    55 [0m|[33m    -2.00 [0m|[34;1m              +5639.00 [0m|[35m         15.6 [0m|[36;1m             52.127% [0m|[31;1m            43.378% [0m|[32;1m                         +0.44055 [0m|[33m  16.7 [0m|
|[31m    858 [0m|[32m    55 [0m|[33m    -2.00 [0m|[34;1m              +5637.00 [0m|[35m         15.6 [0m|[36;1m             52.127% [0m|[31;1m            43.371% [0m|[32;1m                         +0.44039 [0m|[33m  16.7 [0m|
|[31m    859 [0m|[32m    55 [0m|[33m    -3.00 [0m|[34;1m              +5634.00 [0m|[35m         15.6 [0m|[36;1m             52.127% [0m|[31;1m            43.393% [0m|[32;1m                         +0.44016 [0m|[33m  16.7 [0m|
|[31m    860 [0m|[32m    55 [0m|[33m    -3.00 [0m|[34;1m              +5631.00 [0m|[35m         15.6 [0m|[36;1m             52.127% [0m|[31;1m            43.416% [0m|[32;1m                         +0.43992 [0m|[33m  16.7 [0m|
|[31m    861 [0m|[32m    55 [0m|[33m    -3.00 [0m|[34;1m              +5628.00 [0m|[35m         15.7 [0m|[36;1m             52.127% [0m|[31;1m            43.438% [0m|[32;1m                         +0.43969 [0m|[33m  16.7 [0m|
|[31m    862 [0m|[32m    55 [0m|[33m    -3.00 [0m|[34;1m              +5625.00 [0m|[35m         15.7 [0m|[36;1m             52.127% [0m|[31;1m            43.460% [0m|[32;1m                         +0.43945 [0m|[33m  16.7 [0m|
|[31m    863 [0m|[32m    55 [0m|[33m    -2.00 [0m|[34;1m              +5623.00 [0m|[35m         15.7 [0m|[36;1m             52.127% [0m|[31;1m            43.453% [0m|[32;1m                         +0.43930 [0m|[33m  16.7 [0m|
|[31m    864 [0m|[32m    55 [0m|[33m    -2.00 [0m|[34;1m              +5621.00 [0m|[35m         15.7 [0m|[36;1m             52.127% [0m|[31;1m            43.446% [0m|[32;1m                         +0.43914 [0m|[33m  16.7 [0m|
|[31m    865 [0m|[32m    55 [0m|[33m    -1.00 [0m|[34;1m              +5620.00 [0m|[35m         15.7 [0m|[36;1m             52.127% [0m|[31;1m            43.425% [0m|[32;1m                         +0.43906 [0m|[33m  16.7 [0m|
|[31m    866 [0m|[32m    55 [0m|[33m    -1.00 [0m|[34;1m              +5619.00 [0m|[35m         15.7 [0m|[36;1m             52.127% [0m|[31;1m            43.404% [0m|[32;1m                         +0.43898 [0m|[33m  16.7 [0m|
|[31m    867 [0m|[32m    55 [0m|[33m    -1.00 [0m|[34;1m              +5618.00 [0m|[35m         15.8 [0m|[36;1m             52.127% [0m|[31;1m            43.382% [0m|[32;1m                         +0.43891 [0m|[33m  16.7 [0m|
|[31m    868 [0m|[32m    55 [0m|[33m    -1.00 [0m|[34;1m              +5617.00 [0m|[35m         15.8 [0m|[36;1m             52.127% [0m|[31;1m            43.361% [0m|[32;1m                         +0.43883 [0m|[33m  16.7 [0m|
|[31m    869 [0m|[32m    55 [0m|[33m    -1.00 [0m|[34;1m              +5616.00 [0m|[35m         15.8 [0m|[36;1m             52.127% [0m|[31;1m            43.340% [0m|[32;1m                         +0.43875 [0m|[33m  16.7 [0m|
|[31m    870 [0m|[32m    55 [0m|[33m    -1.00 [0m|[34;1m              +5615.00 [0m|[35m         15.8 [0m|[36;1m             52.127% [0m|[31;1m            43.319% [0m|[32;1m                         +0.43867 [0m|[33m  16.7 [0m|
|[31m    871 [0m|[32m    55 [0m|[33m    -1.00 [0m|[34;1m              +5614.00 [0m|[35m         15.8 [0m|[36;1m             52.127% [0m|[31;1m            43.298% [0m|[32;1m                         +0.43859 [0m|[33m  16.7 [0m|
|[31m    872 [0m|[32m    55 [0m|[33m    -1.00 [0m|[34;1m              +5613.00 [0m|[35m         15.9 [0m|[36;1m             52.127% [0m|[31;1m            43.291% [0m|[32;1m                         +0.43852 [0m|[33m  16.7 [0m|
|[31m    873 [0m|[32m    55 [0m|[33m    -1.00 [0m|[34;1m              +5612.00 [0m|[35m         15.9 [0m|[36;1m             52.127% [0m|[31;1m            43.285% [0m|[32;1m                         +0.43844 [0m|[33m  16.7 [0m|
|[31m    874 [0m|[32m    55 [0m|[33m    -2.00 [0m|[34;1m              +5610.00 [0m|[35m         15.9 [0m|[36;1m             52.127% [0m|[31;1m            43.292% [0m|[32;1m                         +0.43828 [0m|[33m  16.7 [0m|
|[31m    875 [0m|[32m    55 [0m|[33m    -2.00 [0m|[34;1m              +5608.00 [0m|[35m         15.9 [0m|[36;1m             52.127% [0m|[31;1m            43.286% [0m|[32;1m                         +0.43812 [0m|[33m  16.7 [0m|
|[31m    876 [0m|[32m    55 [0m|[33m    -3.00 [0m|[34;1m              +5605.00 [0m|[35m         15.9 [0m|[36;1m             52.127% [0m|[31;1m            43.293% [0m|[32;1m                         +0.43789 [0m|[33m  16.7 [0m|
|[31m    877 [0m|[32m    55 [0m|[33m    -3.00 [0m|[34;1m              +5602.00 [0m|[35m         15.9 [0m|[36;1m             52.127% [0m|[31;1m            43.301% [0m|[32;1m                         +0.43766 [0m|[33m  16.7 [0m|
|[31m    878 [0m|[32m    55 [0m|[33m    -3.00 [0m|[34;1m              +5599.00 [0m|[35m         16.0 [0m|[36;1m             52.127% [0m|[31;1m            43.309% [0m|[32;1m                         +0.43742 [0m|[33m  16.7 [0m|
|[31m    879 [0m|[32m    56 [0m|[33m  +123.00 [0m|[34;1m              +5722.00 [0m|[35m         15.7 [0m|[36;1m             51.661% [0m|[31;1m            43.316% [0m|[32;1m                         +0.44703 [0m|[33m  16.7 [0m|
|[31m    880 [0m|[32m    56 [0m|[33m    -2.00 [0m|[34;1m              +5720.00 [0m|[35m         15.7 [0m|[36;1m             51.661% [0m|[31;1m            43.295% [0m|[32;1m                         +0.44688 [0m|[33m  16.7 [0m|
|[31m    881 [0m|[32m    56 [0m|[33m    -2.00 [0m|[34;1m              +5718.00 [0m|[35m         15.7 [0m|[36;1m             51.661% [0m|[31;1m            43.289% [0m|[32;1m                         +0.44672 [0m|[33m  16.7 [0m|
|[31m    882 [0m|[32m    56 [0m|[33m    -3.00 [0m|[34;1m              +5715.00 [0m|[35m         15.8 [0m|[36;1m             51.661% [0m|[31;1m            43.296% [0m|[32;1m                         +0.44648 [0m|[33m  16.7 [0m|
|[31m    883 [0m|[32m    56 [0m|[33m    -3.00 [0m|[34;1m              +5712.00 [0m|[35m         15.8 [0m|[36;1m             51.661% [0m|[31;1m            43.304% [0m|[32;1m                         +0.44625 [0m|[33m  16.7 [0m|
|[31m    884 [0m|[32m    56 [0m|[33m    -3.00 [0m|[34;1m              +5709.00 [0m|[35m         15.8 [0m|[36;1m             51.661% [0m|[31;1m            43.312% [0m|[32;1m                         +0.44602 [0m|[33m  16.7 [0m|
|[31m    885 [0m|[32m    56 [0m|[33m    -4.00 [0m|[34;1m              +5705.00 [0m|[35m         15.8 [0m|[36;1m             51.661% [0m|[31;1m            43.333% [0m|[32;1m                         +0.44570 [0m|[33m  16.7 [0m|
|[31m    886 [0m|[32m    56 [0m|[33m    -3.00 [0m|[34;1m              +5702.00 [0m|[35m         15.8 [0m|[36;1m             51.661% [0m|[31;1m            43.341% [0m|[32;1m                         +0.44547 [0m|[33m  16.7 [0m|
|[31m    887 [0m|[32m    56 [0m|[33m    -3.00 [0m|[34;1m              +5699.00 [0m|[35m         15.8 [0m|[36;1m             51.661% [0m|[31;1m            43.348% [0m|[32;1m                         +0.44523 [0m|[33m  16.7 [0m|
|[31m    888 [0m|[32m    56 [0m|[33m    -2.00 [0m|[34;1m              +5697.00 [0m|[35m         15.9 [0m|[36;1m             51.661% [0m|[31;1m            43.342% [0m|[32;1m                         +0.44508 [0m|[33m  16.7 [0m|
|[31m    889 [0m|[32m    56 [0m|[33m    -2.00 [0m|[34;1m              +5695.00 [0m|[35m         15.9 [0m|[36;1m             51.661% [0m|[31;1m            43.335% [0m|[32;1m                         +0.44492 [0m|[33m  16.7 [0m|
|[31m    890 [0m|[32m    56 [0m|[33m    -2.00 [0m|[34;1m              +5693.00 [0m|[35m         15.9 [0m|[36;1m             51.661% [0m|[31;1m            43.329% [0m|[32;1m                         +0.44477 [0m|[33m  16.7 [0m|
|[31m    891 [0m|[32m    56 [0m|[33m    -3.00 [0m|[34;1m              +5690.00 [0m|[35m         15.9 [0m|[36;1m             51.661% [0m|[31;1m            43.336% [0m|[32;1m                         +0.44453 [0m|[33m  16.7 [0m|
|[31m    892 [0m|[32m    56 [0m|[33m    -3.00 [0m|[34;1m              +5687.00 [0m|[35m         15.9 [0m|[36;1m             51.661% [0m|[31;1m            43.344% [0m|[32;1m                         +0.44430 [0m|[33m  16.7 [0m|
|[31m    893 [0m|[32m    56 [0m|[33m    -3.00 [0m|[34;1m              +5684.00 [0m|[35m         15.9 [0m|[36;1m             51.661% [0m|[31;1m            43.351% [0m|[32;1m                         +0.44406 [0m|[33m  16.7 [0m|
|[31m    894 [0m|[32m    56 [0m|[33m    -3.00 [0m|[34;1m              +5681.00 [0m|[35m         16.0 [0m|[36;1m             51.661% [0m|[31;1m            43.359% [0m|[32;1m                         +0.44383 [0m|[33m  16.7 [0m|
|[31m    895 [0m|[32m    56 [0m|[33m    -3.00 [0m|[34;1m              +5678.00 [0m|[35m         16.0 [0m|[36;1m             51.661% [0m|[31;1m            43.366% [0m|[32;1m                         +0.44359 [0m|[33m  16.7 [0m|
|[31m    896 [0m|[32m    56 [0m|[33m    -3.00 [0m|[34;1m              +5675.00 [0m|[35m         16.0 [0m|[36;1m             51.661% [0m|[31;1m            43.373% [0m|[32;1m                         +0.44336 [0m|[33m  16.7 [0m|
|[31m    897 [0m|[32m    56 [0m|[33m    -3.00 [0m|[34;1m              +5672.00 [0m|[35m         16.0 [0m|[36;1m             51.661% [0m|[31;1m            43.381% [0m|[32;1m                         +0.44312 [0m|[33m  16.7 [0m|
|[31m    898 [0m|[32m    56 [0m|[33m    -3.00 [0m|[34;1m              +5669.00 [0m|[35m         16.0 [0m|[36;1m             51.661% [0m|[31;1m            43.388% [0m|[32;1m                         +0.44289 [0m|[33m  16.7 [0m|
|[31m    899 [0m|[32m    56 [0m|[33m    -3.00 [0m|[34;1m              +5666.00 [0m|[35m         16.1 [0m|[36;1m             51.661% [0m|[31;1m            43.395% [0m|[32;1m                         +0.44266 [0m|[33m  16.7 [0m|
|[31m    900 [0m|[32m    56 [0m|[33m    -3.00 [0m|[34;1m              +5663.00 [0m|[35m         16.1 [0m|[36;1m             51.661% [0m|[31;1m            43.403% [0m|[32;1m                         +0.44242 [0m|[33m  16.7 [0m|
|[31m    901 [0m|[32m    56 [0m|[33m    -3.00 [0m|[34;1m              +5660.00 [0m|[35m         16.1 [0m|[36;1m             51.661% [0m|[31;1m            43.410% [0m|[32;1m                         +0.44219 [0m|[33m  16.7 [0m|
|[31m    902 [0m|[32m    56 [0m|[33m    -3.00 [0m|[34;1m              +5657.00 [0m|[35m         16.1 [0m|[36;1m             51.661% [0m|[31;1m            43.417% [0m|[32;1m                         +0.44195 [0m|[33m  16.7 [0m|
|[31m    903 [0m|[32m    56 [0m|[33m    -3.00 [0m|[34;1m              +5654.00 [0m|[35m         16.1 [0m|[36;1m             51.661% [0m|[31;1m            43.425% [0m|[32;1m                         +0.44172 [0m|[33m  16.7 [0m|
|[31m    904 [0m|[32m    56 [0m|[33m    -3.00 [0m|[34;1m              +5651.00 [0m|[35m         16.1 [0m|[36;1m             51.661% [0m|[31;1m            43.432% [0m|[32;1m                         +0.44148 [0m|[33m  16.7 [0m|
|[31m    905 [0m|[32m    56 [0m|[33m    -3.00 [0m|[34;1m              +5648.00 [0m|[35m         16.2 [0m|[36;1m             51.661% [0m|[31;1m            43.439% [0m|[32;1m                         +0.44125 [0m|[33m  16.7 [0m|
|[31m    906 [0m|[32m    56 [0m|[33m    -3.00 [0m|[34;1m              +5645.00 [0m|[35m         16.2 [0m|[36;1m             51.661% [0m|[31;1m            43.446% [0m|[32;1m                         +0.44102 [0m|[33m  16.7 [0m|
|[31m    907 [0m|[32m    56 [0m|[33m    -3.00 [0m|[34;1m              +5642.00 [0m|[35m         16.2 [0m|[36;1m             51.661% [0m|[31;1m            43.454% [0m|[32;1m                         +0.44078 [0m|[33m  16.7 [0m|
|[31m    908 [0m|[32m    56 [0m|[33m    -4.00 [0m|[34;1m              +5638.00 [0m|[35m         16.2 [0m|[36;1m             51.661% [0m|[31;1m            43.475% [0m|[32;1m                         +0.44047 [0m|[33m  16.7 [0m|
|[31m    909 [0m|[32m    56 [0m|[33m    -4.00 [0m|[34;1m              +5634.00 [0m|[35m         16.2 [0m|[36;1m             51.661% [0m|[31;1m            43.496% [0m|[32;1m                         +0.44016 [0m|[33m  16.7 [0m|
|[31m    910 [0m|[32m    56 [0m|[33m    -4.00 [0m|[34;1m              +5630.00 [0m|[35m         16.2 [0m|[36;1m             51.661% [0m|[31;1m            43.516% [0m|[32;1m                         +0.43984 [0m|[33m  16.7 [0m|
|[31m    911 [0m|[32m    56 [0m|[33m    -3.00 [0m|[34;1m              +5627.00 [0m|[35m         16.3 [0m|[36;1m             51.661% [0m|[31;1m            43.524% [0m|[32;1m                         +0.43961 [0m|[33m  16.7 [0m|
|[31m    912 [0m|[32m    56 [0m|[33m    -4.00 [0m|[34;1m              +5623.00 [0m|[35m         16.3 [0m|[36;1m             51.661% [0m|[31;1m            43.544% [0m|[32;1m                         +0.43930 [0m|[33m  16.7 [0m|
|[31m    913 [0m|[32m    56 [0m|[33m    -3.00 [0m|[34;1m              +5620.00 [0m|[35m         16.3 [0m|[36;1m             51.661% [0m|[31;1m            43.551% [0m|[32;1m                         +0.43906 [0m|[33m  16.7 [0m|
|[31m    914 [0m|[32m    56 [0m|[33m    -3.00 [0m|[34;1m              +5617.00 [0m|[35m         16.3 [0m|[36;1m             51.661% [0m|[31;1m            43.559% [0m|[32;1m                         +0.43883 [0m|[33m  16.7 [0m|
|[31m    915 [0m|[32m    56 [0m|[33m    -4.00 [0m|[34;1m              +5613.00 [0m|[35m         16.3 [0m|[36;1m             51.661% [0m|[31;1m            43.579% [0m|[32;1m                         +0.43852 [0m|[33m  16.7 [0m|
|[31m    916 [0m|[32m    56 [0m|[33m    -4.00 [0m|[34;1m              +5609.00 [0m|[35m         16.4 [0m|[36;1m             51.661% [0m|[31;1m            43.600% [0m|[32;1m                         +0.43820 [0m|[33m  16.7 [0m|
|[31m    917 [0m|[32m    56 [0m|[33m    -4.00 [0m|[34;1m              +5605.00 [0m|[35m         16.4 [0m|[36;1m             51.661% [0m|[31;1m            43.621% [0m|[32;1m                         +0.43789 [0m|[33m  16.7 [0m|
|[31m    918 [0m|[32m    56 [0m|[33m    -4.00 [0m|[34;1m              +5601.00 [0m|[35m         16.4 [0m|[36;1m             51.661% [0m|[31;1m            43.641% [0m|[32;1m                         +0.43758 [0m|[33m  16.7 [0m|
|[31m    919 [0m|[32m    56 [0m|[33m    -4.00 [0m|[34;1m              +5597.00 [0m|[35m         16.4 [0m|[36;1m             51.661% [0m|[31;1m            43.662% [0m|[32;1m                         +0.43727 [0m|[33m  16.7 [0m|
|[31m    920 [0m|[32m    56 [0m|[33m    -4.00 [0m|[34;1m              +5593.00 [0m|[35m         16.4 [0m|[36;1m             51.661% [0m|[31;1m            43.682% [0m|[32;1m                         +0.43695 [0m|[33m  16.7 [0m|
|[31m    921 [0m|[32m    56 [0m|[33m    -4.00 [0m|[34;1m              +5589.00 [0m|[35m         16.4 [0m|[36;1m             51.661% [0m|[31;1m            43.702% [0m|[32;1m                         +0.43664 [0m|[33m  16.7 [0m|
|[31m    922 [0m|[32m    56 [0m|[33m    -4.00 [0m|[34;1m              +5585.00 [0m|[35m         16.5 [0m|[36;1m             51.661% [0m|[31;1m            43.723% [0m|[32;1m                         +0.43633 [0m|[33m  16.7 [0m|
|[31m    923 [0m|[32m    56 [0m|[33m    -4.00 [0m|[34;1m              +5581.00 [0m|[35m         16.5 [0m|[36;1m             51.661% [0m|[31;1m            43.743% [0m|[32;1m                         +0.43602 [0m|[33m  16.7 [0m|
|[31m    924 [0m|[32m    56 [0m|[33m    -4.00 [0m|[34;1m              +5577.00 [0m|[35m         16.5 [0m|[36;1m             51.661% [0m|[31;1m            43.764% [0m|[32;1m                         +0.43570 [0m|[33m  16.7 [0m|
|[31m    925 [0m|[32m    56 [0m|[33m    -3.00 [0m|[34;1m              +5574.00 [0m|[35m         16.5 [0m|[36;1m             51.661% [0m|[31;1m            43.770% [0m|[32;1m                         +0.43547 [0m|[33m  16.7 [0m|
|[31m    926 [0m|[32m    56 [0m|[33m    -3.00 [0m|[34;1m              +5571.00 [0m|[35m         16.5 [0m|[36;1m             51.661% [0m|[31;1m            43.777% [0m|[32;1m                         +0.43523 [0m|[33m  16.7 [0m|
|[31m    927 [0m|[32m    56 [0m|[33m    -3.00 [0m|[34;1m              +5568.00 [0m|[35m         16.6 [0m|[36;1m             51.661% [0m|[31;1m            43.784% [0m|[32;1m                         +0.43500 [0m|[33m  16.7 [0m|
|[31m    928 [0m|[32m    56 [0m|[33m    -3.00 [0m|[34;1m              +5565.00 [0m|[35m         16.6 [0m|[36;1m             51.661% [0m|[31;1m            43.804% [0m|[32;1m                         +0.43477 [0m|[33m  16.7 [0m|
|[31m    929 [0m|[32m    56 [0m|[33m    -4.00 [0m|[34;1m              +5561.00 [0m|[35m         16.6 [0m|[36;1m             51.661% [0m|[31;1m            43.837% [0m|[32;1m                         +0.43445 [0m|[33m  16.7 [0m|
|[31m    930 [0m|[32m    56 [0m|[33m    -4.00 [0m|[34;1m              +5557.00 [0m|[35m         16.6 [0m|[36;1m             51.661% [0m|[31;1m            43.871% [0m|[32;1m                         +0.43414 [0m|[33m  16.7 [0m|
|[31m    931 [0m|[32m    56 [0m|[33m    -4.00 [0m|[34;1m              +5553.00 [0m|[35m         16.6 [0m|[36;1m             51.661% [0m|[31;1m            43.904% [0m|[32;1m                         +0.43383 [0m|[33m  16.7 [0m|
|[31m    932 [0m|[32m    56 [0m|[33m    -4.00 [0m|[34;1m              +5549.00 [0m|[35m         16.6 [0m|[36;1m             51.661% [0m|[31;1m            43.938% [0m|[32;1m                         +0.43352 [0m|[33m  16.7 [0m|
|[31m    933 [0m|[32m    56 [0m|[33m    -4.00 [0m|[34;1m              +5545.00 [0m|[35m         16.7 [0m|[36;1m             51.661% [0m|[31;1m            43.971% [0m|[32;1m                         +0.43320 [0m|[33m  16.7 [0m|
|[31m    934 [0m|[32m    56 [0m|[33m    -4.00 [0m|[34;1m              +5541.00 [0m|[35m         16.7 [0m|[36;1m             51.661% [0m|[31;1m            44.004% [0m|[32;1m                         +0.43289 [0m|[33m  16.7 [0m|
|[31m    935 [0m|[32m    56 [0m|[33m    -4.00 [0m|[34;1m              +5537.00 [0m|[35m         16.7 [0m|[36;1m             51.661% [0m|[31;1m            44.037% [0m|[32;1m                         +0.43258 [0m|[33m  16.7 [0m|
|[31m    936 [0m|[32m    56 [0m|[33m    -4.00 [0m|[34;1m              +5533.00 [0m|[35m         16.7 [0m|[36;1m             51.661% [0m|[31;1m            44.071% [0m|[32;1m                         +0.43227 [0m|[33m  16.7 [0m|
|[31m    937 [0m|[32m    56 [0m|[33m    -4.00 [0m|[34;1m              +5529.00 [0m|[35m         16.7 [0m|[36;1m             51.661% [0m|[31;1m            44.104% [0m|[32;1m                         +0.43195 [0m|[33m  16.7 [0m|
|[31m    938 [0m|[32m    56 [0m|[33m    -4.00 [0m|[34;1m              +5525.00 [0m|[35m         16.8 [0m|[36;1m             51.661% [0m|[31;1m            44.136% [0m|[32;1m                         +0.43164 [0m|[33m  16.7 [0m|
|[31m    939 [0m|[32m    56 [0m|[33m    -4.00 [0m|[34;1m              +5521.00 [0m|[35m         16.8 [0m|[36;1m             51.661% [0m|[31;1m            44.183% [0m|[32;1m                         +0.43133 [0m|[33m  16.8 [0m|
|[31m    940 [0m|[32m    56 [0m|[33m    -4.00 [0m|[34;1m              +5517.00 [0m|[35m         16.8 [0m|[36;1m             51.661% [0m|[31;1m            44.229% [0m|[32;1m                         +0.43102 [0m|[33m  16.7 [0m|
|[31m    941 [0m|[32m    56 [0m|[33m    -3.00 [0m|[34;1m              +5514.00 [0m|[35m         16.8 [0m|[36;1m             51.661% [0m|[31;1m            44.261% [0m|[32;1m                         +0.43078 [0m|[33m  16.7 [0m|
|[31m    942 [0m|[32m    56 [0m|[33m    -3.00 [0m|[34;1m              +5511.00 [0m|[35m         16.8 [0m|[36;1m             51.661% [0m|[31;1m            44.294% [0m|[32;1m                         +0.43055 [0m|[33m  16.7 [0m|
|[31m    943 [0m|[32m    56 [0m|[33m    -4.00 [0m|[34;1m              +5507.00 [0m|[35m         16.8 [0m|[36;1m             51.661% [0m|[31;1m            44.340% [0m|[32;1m                         +0.43023 [0m|[33m  16.7 [0m|
|[31m    944 [0m|[32m    56 [0m|[33m    -3.00 [0m|[34;1m              +5504.00 [0m|[35m         16.9 [0m|[36;1m             51.661% [0m|[31;1m            44.372% [0m|[32;1m                         +0.43000 [0m|[33m  16.8 [0m|
|[31m    945 [0m|[32m    56 [0m|[33m    -4.00 [0m|[34;1m              +5500.00 [0m|[35m         16.9 [0m|[36;1m             51.661% [0m|[31;1m            44.418% [0m|[32;1m                         +0.42969 [0m|[33m  16.8 [0m|
|[31m    946 [0m|[32m    56 [0m|[33m    -5.00 [0m|[34;1m              +5495.00 [0m|[35m         16.9 [0m|[36;1m             51.661% [0m|[31;1m            44.477% [0m|[32;1m                         +0.42930 [0m|[33m  16.7 [0m|
|[31m    947 [0m|[32m    56 [0m|[33m    -4.00 [0m|[34;1m              +5491.00 [0m|[35m         16.9 [0m|[36;1m             51.661% [0m|[31;1m            44.509% [0m|[32;1m                         +0.42898 [0m|[33m  16.8 [0m|
|[31m    948 [0m|[32m    56 [0m|[33m    -4.00 [0m|[34;1m              +5487.00 [0m|[35m         16.9 [0m|[36;1m             51.661% [0m|[31;1m            44.554% [0m|[32;1m                         +0.42867 [0m|[33m  16.8 [0m|
|[31m    949 [0m|[32m    56 [0m|[33m    -4.00 [0m|[34;1m              +5483.00 [0m|[35m         16.9 [0m|[36;1m             51.661% [0m|[31;1m            44.586% [0m|[32;1m                         +0.42836 [0m|[33m  16.8 [0m|
|[31m    950 [0m|[32m    56 [0m|[33m    -3.00 [0m|[34;1m              +5480.00 [0m|[35m         17.0 [0m|[36;1m             51.661% [0m|[31;1m            44.605% [0m|[32;1m                         +0.42812 [0m|[33m  16.8 [0m|
|[31m    951 [0m|[32m    56 [0m|[33m    -3.00 [0m|[34;1m              +5477.00 [0m|[35m         17.0 [0m|[36;1m             51.661% [0m|[31;1m            44.624% [0m|[32;1m                         +0.42789 [0m|[33m  16.8 [0m|
|[31m    952 [0m|[32m    56 [0m|[33m    -3.00 [0m|[34;1m              +5474.00 [0m|[35m         17.0 [0m|[36;1m             51.661% [0m|[31;1m            44.643% [0m|[32;1m                         +0.42766 [0m|[33m  16.8 [0m|
|[31m    953 [0m|[32m    56 [0m|[33m    -3.00 [0m|[34;1m              +5471.00 [0m|[35m         17.0 [0m|[36;1m             51.661% [0m|[31;1m            44.662% [0m|[32;1m                         +0.42742 [0m|[33m  16.8 [0m|
|[31m    954 [0m|[32m    56 [0m|[33m    -3.00 [0m|[34;1m              +5468.00 [0m|[35m         17.0 [0m|[36;1m             51.661% [0m|[31;1m            44.693% [0m|[32;1m                         +0.42719 [0m|[33m  16.8 [0m|
|[31m    955 [0m|[32m    56 [0m|[33m    -3.00 [0m|[34;1m              +5465.00 [0m|[35m         17.1 [0m|[36;1m             51.661% [0m|[31;1m            44.725% [0m|[32;1m                         +0.42695 [0m|[33m  16.8 [0m|
|[31m    956 [0m|[32m    56 [0m|[33m    -3.00 [0m|[34;1m              +5462.00 [0m|[35m         17.1 [0m|[36;1m             51.661% [0m|[31;1m            44.757% [0m|[32;1m                         +0.42672 [0m|[33m  16.8 [0m|
|[31m    957 [0m|[32m    56 [0m|[33m    -3.00 [0m|[34;1m              +5459.00 [0m|[35m         17.1 [0m|[36;1m             51.661% [0m|[31;1m            44.788% [0m|[32;1m                         +0.42648 [0m|[33m  16.8 [0m|
|[31m    958 [0m|[32m    56 [0m|[33m    -3.00 [0m|[34;1m              +5456.00 [0m|[35m         17.1 [0m|[36;1m             51.661% [0m|[31;1m            44.820% [0m|[32;1m                         +0.42625 [0m|[33m  16.8 [0m|
|[31m    959 [0m|[32m    56 [0m|[33m    -3.00 [0m|[34;1m              +5453.00 [0m|[35m         17.1 [0m|[36;1m             51.661% [0m|[31;1m            44.851% [0m|[32;1m                         +0.42602 [0m|[33m  16.8 [0m|
|[31m    960 [0m|[32m    56 [0m|[33m    -3.00 [0m|[34;1m              +5450.00 [0m|[35m         17.1 [0m|[36;1m             51.661% [0m|[31;1m            44.883% [0m|[32;1m                         +0.42578 [0m|[33m  16.8 [0m|
|[31m    961 [0m|[32m    56 [0m|[33m    -3.00 [0m|[34;1m              +5447.00 [0m|[35m         17.2 [0m|[36;1m             51.661% [0m|[31;1m            44.914% [0m|[32;1m                         +0.42555 [0m|[33m  16.8 [0m|
|[31m    962 [0m|[32m    56 [0m|[33m    -3.00 [0m|[34;1m              +5444.00 [0m|[35m         17.2 [0m|[36;1m             51.661% [0m|[31;1m            44.945% [0m|[32;1m                         +0.42531 [0m|[33m  16.8 [0m|
|[31m    963 [0m|[32m    56 [0m|[33m    -2.00 [0m|[34;1m              +5442.00 [0m|[35m         17.2 [0m|[36;1m             51.661% [0m|[31;1m            44.964% [0m|[32;1m                         +0.42516 [0m|[33m  16.8 [0m|
|[31m    964 [0m|[32m    56 [0m|[33m    -3.00 [0m|[34;1m              +5439.00 [0m|[35m         17.2 [0m|[36;1m             51.661% [0m|[31;1m            44.995% [0m|[32;1m                         +0.42492 [0m|[33m  16.8 [0m|
|[31m    965 [0m|[32m    56 [0m|[33m    -3.00 [0m|[34;1m              +5436.00 [0m|[35m         17.2 [0m|[36;1m             51.661% [0m|[31;1m            45.026% [0m|[32;1m                         +0.42469 [0m|[33m  16.8 [0m|
|[31m    966 [0m|[32m    56 [0m|[33m    -3.00 [0m|[34;1m              +5433.00 [0m|[35m         17.2 [0m|[36;1m             51.661% [0m|[31;1m            45.057% [0m|[32;1m                         +0.42445 [0m|[33m  16.8 [0m|
|[31m    967 [0m|[32m    56 [0m|[33m    -2.00 [0m|[34;1m              +5431.00 [0m|[35m         17.3 [0m|[36;1m             51.661% [0m|[31;1m            45.088% [0m|[32;1m                         +0.42430 [0m|[33m  16.8 [0m|
|[31m    968 [0m|[32m    56 [0m|[33m    -2.00 [0m|[34;1m              +5429.00 [0m|[35m         17.3 [0m|[36;1m             51.661% [0m|[31;1m            45.119% [0m|[32;1m                         +0.42414 [0m|[33m  16.8 [0m|
|[31m    969 [0m|[32m    56 [0m|[33m    -2.00 [0m|[34;1m              +5427.00 [0m|[35m         17.3 [0m|[36;1m             51.661% [0m|[31;1m            45.150% [0m|[32;1m                         +0.42398 [0m|[33m  16.8 [0m|
|[31m    970 [0m|[32m    56 [0m|[33m    -2.00 [0m|[34;1m              +5425.00 [0m|[35m         17.3 [0m|[36;1m             51.661% [0m|[31;1m            45.180% [0m|[32;1m                         +0.42383 [0m|[33m  16.8 [0m|
|[31m    971 [0m|[32m    56 [0m|[33m    -2.00 [0m|[34;1m              +5423.00 [0m|[35m         17.3 [0m|[36;1m             51.661% [0m|[31;1m            45.211% [0m|[32;1m                         +0.42367 [0m|[33m  16.8 [0m|
|[31m    972 [0m|[32m    56 [0m|[33m    -2.00 [0m|[34;1m              +5421.00 [0m|[35m         17.4 [0m|[36;1m             51.661% [0m|[31;1m            45.242% [0m|[32;1m                         +0.42352 [0m|[33m  16.8 [0m|
|[31m    973 [0m|[32m    56 [0m|[33m    -2.00 [0m|[34;1m              +5419.00 [0m|[35m         17.4 [0m|[36;1m             51.661% [0m|[31;1m            45.272% [0m|[32;1m                         +0.42336 [0m|[33m  16.8 [0m|
|[31m    974 [0m|[32m    56 [0m|[33m    -2.00 [0m|[34;1m              +5417.00 [0m|[35m         17.4 [0m|[36;1m             51.661% [0m|[31;1m            45.290% [0m|[32;1m                         +0.42320 [0m|[33m  16.8 [0m|
|[31m    975 [0m|[32m    57 [0m|[33m  +111.00 [0m|[34;1m              +5528.00 [0m|[35m         17.1 [0m|[36;1m             50.982% [0m|[31;1m            45.295% [0m|[32;1m                         +0.43188 [0m|[33m  16.8 [0m|
|[31m    976 [0m|[32m    57 [0m|[33m    -2.00 [0m|[34;1m              +5526.00 [0m|[35m         17.1 [0m|[36;1m             50.982% [0m|[31;1m            45.300% [0m|[32;1m                         +0.43172 [0m|[33m  16.8 [0m|
|[31m    977 [0m|[32m    57 [0m|[33m    -2.00 [0m|[34;1m              +5524.00 [0m|[35m         17.1 [0m|[36;1m             50.982% [0m|[31;1m            45.305% [0m|[32;1m                         +0.43156 [0m|[33m  16.8 [0m|
|[31m    978 [0m|[32m    57 [0m|[33m    -2.00 [0m|[34;1m              +5522.00 [0m|[35m         17.2 [0m|[36;1m             50.982% [0m|[31;1m            45.309% [0m|[32;1m                         +0.43141 [0m|[33m  16.8 [0m|
|[31m    979 [0m|[32m    57 [0m|[33m    -2.00 [0m|[34;1m              +5520.00 [0m|[35m         17.2 [0m|[36;1m             50.982% [0m|[31;1m            45.314% [0m|[32;1m                         +0.43125 [0m|[33m  16.8 [0m|
|[31m    980 [0m|[32m    57 [0m|[33m    -2.00 [0m|[34;1m              +5518.00 [0m|[35m         17.2 [0m|[36;1m             50.982% [0m|[31;1m            45.319% [0m|[32;1m                         +0.43109 [0m|[33m  16.8 [0m|
|[31m    981 [0m|[32m    57 [0m|[33m    -2.00 [0m|[34;1m              +5516.00 [0m|[35m         17.2 [0m|[36;1m             50.982% [0m|[31;1m            45.324% [0m|[32;1m                         +0.43094 [0m|[33m  16.8 [0m|
|[31m    982 [0m|[32m    57 [0m|[33m    -2.00 [0m|[34;1m              +5514.00 [0m|[35m         17.2 [0m|[36;1m             50.982% [0m|[31;1m            45.328% [0m|[32;1m                         +0.43078 [0m|[33m  16.8 [0m|
|[31m    983 [0m|[32m    58 [0m|[33m  +176.00 [0m|[34;1m              +5690.00 [0m|[35m         16.9 [0m|[36;1m             51.448% [0m|[31;1m            45.333% [0m|[32;1m                         +0.44453 [0m|[33m  16.8 [0m|
|[31m    984 [0m|[32m    59 [0m|[33m   +98.00 [0m|[34;1m              +5788.00 [0m|[35m         16.7 [0m|[36;1m             50.576% [0m|[31;1m            45.338% [0m|[32;1m                         +0.45219 [0m|[33m  16.8 [0m|
|[31m    985 [0m|[32m    59 [0m|[33m    -2.00 [0m|[34;1m              +5786.00 [0m|[35m         16.7 [0m|[36;1m             50.576% [0m|[31;1m            45.330% [0m|[32;1m                         +0.45203 [0m|[33m  16.8 [0m|
|[31m    986 [0m|[32m    59 [0m|[33m    -2.00 [0m|[34;1m              +5784.00 [0m|[35m         16.7 [0m|[36;1m             50.576% [0m|[31;1m            45.322% [0m|[32;1m                         +0.45188 [0m|[33m  16.8 [0m|
|[31m    987 [0m|[32m    59 [0m|[33m    -2.00 [0m|[34;1m              +5782.00 [0m|[35m         16.7 [0m|[36;1m             50.576% [0m|[31;1m            45.327% [0m|[32;1m                         +0.45172 [0m|[33m  16.8 [0m|
|[31m    988 [0m|[32m    59 [0m|[33m    -2.00 [0m|[34;1m              +5780.00 [0m|[35m         16.7 [0m|[36;1m             50.576% [0m|[31;1m            45.331% [0m|[32;1m                         +0.45156 [0m|[33m  16.8 [0m|
|[31m    989 [0m|[32m    59 [0m|[33m    -2.00 [0m|[34;1m              +5778.00 [0m|[35m         16.8 [0m|[36;1m             50.576% [0m|[31;1m            45.336% [0m|[32;1m                         +0.45141 [0m|[33m  16.9 [0m|
|[31m    990 [0m|[32m    59 [0m|[33m    -2.00 [0m|[34;1m              +5776.00 [0m|[35m         16.8 [0m|[36;1m             50.576% [0m|[31;1m            45.341% [0m|[32;1m                         +0.45125 [0m|[33m  16.9 [0m|
|[31m    991 [0m|[32m    59 [0m|[33m    -2.00 [0m|[34;1m              +5774.00 [0m|[35m         16.8 [0m|[36;1m             50.576% [0m|[31;1m            45.346% [0m|[32;1m                         +0.45109 [0m|[33m  16.8 [0m|
|[31m    992 [0m|[32m    59 [0m|[33m    -2.00 [0m|[34;1m              +5772.00 [0m|[35m         16.8 [0m|[36;1m             50.576% [0m|[31;1m            45.363% [0m|[32;1m                         +0.45094 [0m|[33m  16.9 [0m|
|[31m    993 [0m|[32m    59 [0m|[33m    -2.00 [0m|[34;1m              +5770.00 [0m|[35m         16.8 [0m|[36;1m             50.576% [0m|[31;1m            45.393% [0m|[32;1m                         +0.45078 [0m|[33m  16.9 [0m|
|[31m    994 [0m|[32m    59 [0m|[33m    -2.00 [0m|[34;1m              +5768.00 [0m|[35m         16.8 [0m|[36;1m             50.576% [0m|[31;1m            45.423% [0m|[32;1m                         +0.45062 [0m|[33m  16.9 [0m|
|[31m    995 [0m|[32m    59 [0m|[33m    -2.00 [0m|[34;1m              +5766.00 [0m|[35m         16.9 [0m|[36;1m             50.576% [0m|[31;1m            45.452% [0m|[32;1m                         +0.45047 [0m|[33m  16.9 [0m|
|[31m    996 [0m|[32m    59 [0m|[33m    -2.00 [0m|[34;1m              +5764.00 [0m|[35m         16.9 [0m|[36;1m             50.576% [0m|[31;1m            45.482% [0m|[32;1m                         +0.45031 [0m|[33m  16.9 [0m|
|[31m    997 [0m|[32m    59 [0m|[33m    -2.00 [0m|[34;1m              +5762.00 [0m|[35m         16.9 [0m|[36;1m             50.576% [0m|[31;1m            45.512% [0m|[32;1m                         +0.45016 [0m|[33m  16.9 [0m|
|[31m    998 [0m|[32m    59 [0m|[33m    -2.00 [0m|[34;1m              +5760.00 [0m|[35m         16.9 [0m|[36;1m             50.576% [0m|[31;1m            45.541% [0m|[32;1m                         +0.45000 [0m|[33m  16.9 [0m|
|[31m    999 [0m|[32m    59 [0m|[33m    -2.00 [0m|[34;1m              +5758.00 [0m|[35m         16.9 [0m|[36;1m             50.576% [0m|[31;1m            45.571% [0m|[32;1m                         +0.44984 [0m|[33m  16.9 [0m|
|[31m   1000 [0m|[32m    59 [0m|[33m    -2.00 [0m|[34;1m              +5756.00 [0m|[35m         16.9 [0m|[36;1m             50.576% [0m|[31;1m            45.600% [0m|[32;1m                         +0.44969 [0m|[33m  16.9 [0m|
|[31m   1001 [0m|[32m    59 [0m|[33m    -2.00 [0m|[34;1m              +5754.00 [0m|[35m         17.0 [0m|[36;1m             50.576% [0m|[31;1m            45.629% [0m|[32;1m                         +0.44953 [0m|[33m  16.9 [0m|
|[31m   1002 [0m|[32m    59 [0m|[33m    -2.00 [0m|[34;1m              +5752.00 [0m|[35m         17.0 [0m|[36;1m             50.576% [0m|[31;1m            45.659% [0m|[32;1m                         +0.44938 [0m|[33m  16.9 [0m|
|[31m   1003 [0m|[32m    59 [0m|[33m    -2.00 [0m|[34;1m              +5750.00 [0m|[35m         17.0 [0m|[36;1m             50.576% [0m|[31;1m            45.688% [0m|[32;1m                         +0.44922 [0m|[33m  16.9 [0m|
|[31m   1004 [0m|[32m    59 [0m|[33m    -2.00 [0m|[34;1m              +5748.00 [0m|[35m         17.0 [0m|[36;1m             50.576% [0m|[31;1m            45.717% [0m|[32;1m                         +0.44906 [0m|[33m  16.9 [0m|
|[31m   1005 [0m|[32m    59 [0m|[33m    -2.00 [0m|[34;1m              +5746.00 [0m|[35m         17.0 [0m|[36;1m             50.576% [0m|[31;1m            45.746% [0m|[32;1m                         +0.44891 [0m|[33m  16.9 [0m|
|[31m   1006 [0m|[32m    59 [0m|[33m    -2.00 [0m|[34;1m              +5744.00 [0m|[35m         17.1 [0m|[36;1m             50.576% [0m|[31;1m            45.775% [0m|[32;1m                         +0.44875 [0m|[33m  16.9 [0m|
|[31m   1007 [0m|[32m    59 [0m|[33m    -2.00 [0m|[34;1m              +5742.00 [0m|[35m         17.1 [0m|[36;1m             50.576% [0m|[31;1m            45.804% [0m|[32;1m                         +0.44859 [0m|[33m  16.9 [0m|
|[31m   1008 [0m|[32m    59 [0m|[33m    -2.00 [0m|[34;1m              +5740.00 [0m|[35m         17.1 [0m|[36;1m             50.576% [0m|[31;1m            45.833% [0m|[32;1m                         +0.44844 [0m|[33m  16.9 [0m|
|[31m   1009 [0m|[32m    59 [0m|[33m    -2.00 [0m|[34;1m              +5738.00 [0m|[35m         17.1 [0m|[36;1m             50.576% [0m|[31;1m            45.862% [0m|[32;1m                         +0.44828 [0m|[33m  16.9 [0m|
|[31m   1010 [0m|[32m    59 [0m|[33m    -2.00 [0m|[34;1m              +5736.00 [0m|[35m         17.1 [0m|[36;1m             50.576% [0m|[31;1m            45.891% [0m|[32;1m                         +0.44812 [0m|[33m  16.9 [0m|
|[31m   1011 [0m|[32m    59 [0m|[33m    -2.00 [0m|[34;1m              +5734.00 [0m|[35m         17.1 [0m|[36;1m             50.576% [0m|[31;1m            45.920% [0m|[32;1m                         +0.44797 [0m|[33m  16.9 [0m|
|[31m   1012 [0m|[32m    59 [0m|[33m    -2.00 [0m|[34;1m              +5732.00 [0m|[35m         17.2 [0m|[36;1m             50.576% [0m|[31;1m            45.949% [0m|[32;1m                         +0.44781 [0m|[33m  16.9 [0m|
|[31m   1013 [0m|[32m    59 [0m|[33m    -2.00 [0m|[34;1m              +5730.00 [0m|[35m         17.2 [0m|[36;1m             50.576% [0m|[31;1m            45.977% [0m|[32;1m                         +0.44766 [0m|[33m  16.9 [0m|
|[31m   1014 [0m|[32m    59 [0m|[33m    -2.00 [0m|[34;1m              +5728.00 [0m|[35m         17.2 [0m|[36;1m             50.576% [0m|[31;1m            46.006% [0m|[32;1m                         +0.44750 [0m|[33m  16.9 [0m|
|[31m   1015 [0m|[32m    59 [0m|[33m    -2.00 [0m|[34;1m              +5726.00 [0m|[35m         17.2 [0m|[36;1m             50.576% [0m|[31;1m            46.034% [0m|[32;1m                         +0.44734 [0m|[33m  16.9 [0m|
|[31m   1016 [0m|[32m    59 [0m|[33m    -2.00 [0m|[34;1m              +5724.00 [0m|[35m         17.2 [0m|[36;1m             50.576% [0m|[31;1m            46.063% [0m|[32;1m                         +0.44719 [0m|[33m  16.9 [0m|
|[31m   1017 [0m|[32m    59 [0m|[33m    -2.00 [0m|[34;1m              +5722.00 [0m|[35m         17.2 [0m|[36;1m             50.576% [0m|[31;1m            46.091% [0m|[32;1m                         +0.44703 [0m|[33m  16.9 [0m|
|[31m   1018 [0m|[32m    59 [0m|[33m    -2.00 [0m|[34;1m              +5720.00 [0m|[35m         17.3 [0m|[36;1m             50.576% [0m|[31;1m            46.120% [0m|[32;1m                         +0.44688 [0m|[33m  16.9 [0m|
|[31m   1019 [0m|[32m    59 [0m|[33m    -2.00 [0m|[34;1m              +5718.00 [0m|[35m         17.3 [0m|[36;1m             50.576% [0m|[31;1m            46.136% [0m|[32;1m                         +0.44672 [0m|[33m  16.9 [0m|
|[31m   1020 [0m|[32m    59 [0m|[33m    -2.00 [0m|[34;1m              +5716.00 [0m|[35m         17.3 [0m|[36;1m             50.576% [0m|[31;1m            46.152% [0m|[32;1m                         +0.44656 [0m|[33m  16.9 [0m|
|[31m   1021 [0m|[32m    59 [0m|[33m    -2.00 [0m|[34;1m              +5714.00 [0m|[35m         17.3 [0m|[36;1m             50.576% [0m|[31;1m            46.168% [0m|[32;1m                         +0.44641 [0m|[33m  16.9 [0m|
|[31m   1022 [0m|[32m    59 [0m|[33m    -2.00 [0m|[34;1m              +5712.00 [0m|[35m         17.3 [0m|[36;1m             50.576% [0m|[31;1m            46.184% [0m|[32;1m                         +0.44625 [0m|[33m  16.9 [0m|
|[31m   1023 [0m|[32m    59 [0m|[33m    -2.00 [0m|[34;1m              +5710.00 [0m|[35m         17.3 [0m|[36;1m             50.576% [0m|[31;1m            46.200% [0m|[32;1m                         +0.44609 [0m|[33m  16.9 [0m|
|[31m   1024 [0m|[32m    59 [0m|[33m    -2.00 [0m|[34;1m              +5708.00 [0m|[35m         17.4 [0m|[36;1m             50.576% [0m|[31;1m            46.216% [0m|[32;1m                         +0.44594 [0m|[33m  16.9 [0m|
|[31m   1025 [0m|[32m    59 [0m|[33m    -2.00 [0m|[34;1m              +5706.00 [0m|[35m         17.4 [0m|[36;1m             50.576% [0m|[31;1m            46.232% [0m|[32;1m                         +0.44578 [0m|[33m  16.9 [0m|
|[31m   1026 [0m|[32m    59 [0m|[33m    -2.00 [0m|[34;1m              +5704.00 [0m|[35m         17.4 [0m|[36;1m             50.576% [0m|[31;1m            46.248% [0m|[32;1m                         +0.44562 [0m|[33m  16.9 [0m|
|[31m   1027 [0m|[32m    59 [0m|[33m    -2.00 [0m|[34;1m              +5702.00 [0m|[35m         17.4 [0m|[36;1m             50.576% [0m|[31;1m            46.263% [0m|[32;1m                         +0.44547 [0m|[33m  16.9 [0m|
|[31m   1028 [0m|[32m    59 [0m|[33m    -1.00 [0m|[34;1m              +5701.00 [0m|[35m         17.4 [0m|[36;1m             50.576% [0m|[31;1m            46.267% [0m|[32;1m                         +0.44539 [0m|[33m  16.9 [0m|
|[31m   1029 [0m|[32m    59 [0m|[33m    -1.00 [0m|[34;1m              +5700.00 [0m|[35m         17.4 [0m|[36;1m             50.576% [0m|[31;1m            46.271% [0m|[32;1m                         +0.44531 [0m|[33m  16.9 [0m|
|[31m   1030 [0m|[32m    59 [0m|[33m    -0.00 [0m|[34;1m              +5700.00 [0m|[35m         17.5 [0m|[36;1m             50.576% [0m|[31;1m            46.262% [0m|[32;1m                         +0.44531 [0m|[33m  16.9 [0m|
|[31m   1031 [0m|[32m    59 [0m|[33m    -1.00 [0m|[34;1m              +5699.00 [0m|[35m         17.5 [0m|[36;1m             50.576% [0m|[31;1m            46.266% [0m|[32;1m                         +0.44523 [0m|[33m  16.9 [0m|
|[31m   1032 [0m|[32m    59 [0m|[33m    -1.00 [0m|[34;1m              +5698.00 [0m|[35m         17.5 [0m|[36;1m             50.576% [0m|[31;1m            46.269% [0m|[32;1m                         +0.44516 [0m|[33m  16.9 [0m|
|[31m   1033 [0m|[32m    59 [0m|[33m    -1.00 [0m|[34;1m              +5697.00 [0m|[35m         17.5 [0m|[36;1m             50.576% [0m|[31;1m            46.273% [0m|[32;1m                         +0.44508 [0m|[33m  16.9 [0m|
|[31m   1034 [0m|[32m    59 [0m|[33m    -1.00 [0m|[34;1m              +5696.00 [0m|[35m         17.5 [0m|[36;1m             50.576% [0m|[31;1m            46.277% [0m|[32;1m                         +0.44500 [0m|[33m  17.0 [0m|
|[31m   1035 [0m|[32m    59 [0m|[33m    -1.00 [0m|[34;1m              +5695.00 [0m|[35m         17.5 [0m|[36;1m             50.576% [0m|[31;1m            46.280% [0m|[32;1m                         +0.44492 [0m|[33m  17.0 [0m|
|[31m   1036 [0m|[32m    59 [0m|[33m    -1.00 [0m|[34;1m              +5694.00 [0m|[35m         17.6 [0m|[36;1m             50.576% [0m|[31;1m            46.284% [0m|[32;1m                         +0.44484 [0m|[33m  17.0 [0m|
|[31m   1037 [0m|[32m    59 [0m|[33m    -1.00 [0m|[34;1m              +5693.00 [0m|[35m         17.6 [0m|[36;1m             50.576% [0m|[31;1m            46.287% [0m|[32;1m                         +0.44477 [0m|[33m  17.0 [0m|
|[31m   1038 [0m|[32m    59 [0m|[33m    -2.00 [0m|[34;1m              +5691.00 [0m|[35m         17.6 [0m|[36;1m             50.576% [0m|[31;1m            46.303% [0m|[32;1m                         +0.44461 [0m|[33m  17.0 [0m|
|[31m   1039 [0m|[32m    59 [0m|[33m    -2.00 [0m|[34;1m              +5689.00 [0m|[35m         17.6 [0m|[36;1m             50.576% [0m|[31;1m            46.319% [0m|[32;1m                         +0.44445 [0m|[33m  17.0 [0m|
|[31m   1040 [0m|[32m    59 [0m|[33m    -1.00 [0m|[34;1m              +5688.00 [0m|[35m         17.6 [0m|[36;1m             50.576% [0m|[31;1m            46.322% [0m|[32;1m                         +0.44438 [0m|[33m  17.0 [0m|
|[31m   1041 [0m|[32m    59 [0m|[33m    -1.00 [0m|[34;1m              +5687.00 [0m|[35m         17.6 [0m|[36;1m             50.576% [0m|[31;1m            46.326% [0m|[32;1m                         +0.44430 [0m|[33m  17.0 [0m|
|[31m   1042 [0m|[32m    61 [0m|[33m  +296.00 [0m|[34;1m              +5983.00 [0m|[35m         17.1 [0m|[36;1m             50.508% [0m|[31;1m            46.329% [0m|[32;1m                         +0.46742 [0m|[33m  17.0 [0m|
|[31m   1043 [0m|[32m    61 [0m|[33m    -1.00 [0m|[34;1m              +5982.00 [0m|[35m         17.1 [0m|[36;1m             50.508% [0m|[31;1m            46.333% [0m|[32;1m                         +0.46734 [0m|[33m  17.0 [0m|
|[31m   1044 [0m|[32m    61 [0m|[33m    -1.00 [0m|[34;1m              +5981.00 [0m|[35m         17.1 [0m|[36;1m             50.508% [0m|[31;1m            46.336% [0m|[32;1m                         +0.46727 [0m|[33m  17.0 [0m|
|[31m   1045 [0m|[32m    61 [0m|[33m    -1.00 [0m|[34;1m              +5980.00 [0m|[35m         17.1 [0m|[36;1m             50.508% [0m|[31;1m            46.340% [0m|[32;1m                         +0.46719 [0m|[33m  17.0 [0m|
|[31m   1046 [0m|[32m    61 [0m|[33m    -2.00 [0m|[34;1m              +5978.00 [0m|[35m         17.1 [0m|[36;1m             50.508% [0m|[31;1m            46.355% [0m|[32;1m                         +0.46703 [0m|[33m  17.0 [0m|
|[31m   1047 [0m|[32m    61 [0m|[33m    -1.00 [0m|[34;1m              +5977.00 [0m|[35m         17.2 [0m|[36;1m             50.508% [0m|[31;1m            46.359% [0m|[32;1m                         +0.46695 [0m|[33m  17.0 [0m|
|[31m   1048 [0m|[32m    61 [0m|[33m    -1.00 [0m|[34;1m              +5976.00 [0m|[35m         17.2 [0m|[36;1m             50.508% [0m|[31;1m            46.362% [0m|[32;1m                         +0.46687 [0m|[33m  17.0 [0m|
|[31m   1049 [0m|[32m    61 [0m|[33m    -1.00 [0m|[34;1m              +5975.00 [0m|[35m         17.2 [0m|[36;1m             50.508% [0m|[31;1m            46.366% [0m|[32;1m                         +0.46680 [0m|[33m  17.0 [0m|
|[31m   1050 [0m|[32m    61 [0m|[33m    -1.00 [0m|[34;1m              +5974.00 [0m|[35m         17.2 [0m|[36;1m             50.508% [0m|[31;1m            46.369% [0m|[32;1m                         +0.46672 [0m|[33m  17.0 [0m|
|[31m   1051 [0m|[32m    61 [0m|[33m    -1.00 [0m|[34;1m              +5973.00 [0m|[35m         17.2 [0m|[36;1m             50.508% [0m|[31;1m            46.373% [0m|[32;1m                         +0.46664 [0m|[33m  17.0 [0m|
|[31m   1052 [0m|[32m    61 [0m|[33m    -1.00 [0m|[34;1m              +5972.00 [0m|[35m         17.2 [0m|[36;1m             50.508% [0m|[31;1m            46.376% [0m|[32;1m                         +0.46656 [0m|[33m  17.0 [0m|
|[31m   1053 [0m|[32m    61 [0m|[33m    -1.00 [0m|[34;1m              +5971.00 [0m|[35m         17.3 [0m|[36;1m             50.508% [0m|[31;1m            46.379% [0m|[32;1m                         +0.46648 [0m|[33m  17.0 [0m|
|[31m   1054 [0m|[32m    61 [0m|[33m    -1.00 [0m|[34;1m              +5970.00 [0m|[35m         17.3 [0m|[36;1m             50.508% [0m|[31;1m            46.383% [0m|[32;1m                         +0.46641 [0m|[33m  17.0 [0m|
|[31m   1055 [0m|[32m    61 [0m|[33m    -2.00 [0m|[34;1m              +5968.00 [0m|[35m         17.3 [0m|[36;1m             50.508% [0m|[31;1m            46.386% [0m|[32;1m                         +0.46625 [0m|[33m  17.0 [0m|
|[31m   1056 [0m|[32m    61 [0m|[33m    -2.00 [0m|[34;1m              +5966.00 [0m|[35m         17.3 [0m|[36;1m             50.508% [0m|[31;1m            46.390% [0m|[32;1m                         +0.46609 [0m|[33m  17.0 [0m|
|[31m   1057 [0m|[32m    61 [0m|[33m    -2.00 [0m|[34;1m              +5964.00 [0m|[35m         17.3 [0m|[36;1m             50.508% [0m|[31;1m            46.405% [0m|[32;1m                         +0.46594 [0m|[33m  17.0 [0m|
|[31m   1058 [0m|[32m    61 [0m|[33m    -2.00 [0m|[34;1m              +5962.00 [0m|[35m         17.3 [0m|[36;1m             50.508% [0m|[31;1m            46.420% [0m|[32;1m                         +0.46578 [0m|[33m  17.0 [0m|
|[31m   1059 [0m|[32m    61 [0m|[33m    -2.00 [0m|[34;1m              +5960.00 [0m|[35m         17.4 [0m|[36;1m             50.508% [0m|[31;1m            46.435% [0m|[32;1m                         +0.46563 [0m|[33m  17.0 [0m|
|[31m   1060 [0m|[32m    61 [0m|[33m    -2.00 [0m|[34;1m              +5958.00 [0m|[35m         17.4 [0m|[36;1m             50.508% [0m|[31;1m            46.450% [0m|[32;1m                         +0.46547 [0m|[33m  17.0 [0m|
|[31m   1061 [0m|[32m    61 [0m|[33m    -2.00 [0m|[34;1m              +5956.00 [0m|[35m         17.4 [0m|[36;1m             50.508% [0m|[31;1m            46.466% [0m|[32;1m                         +0.46531 [0m|[33m  17.0 [0m|
|[31m   1062 [0m|[32m    61 [0m|[33m    -2.00 [0m|[34;1m              +5954.00 [0m|[35m         17.4 [0m|[36;1m             50.508% [0m|[31;1m            46.481% [0m|[32;1m                         +0.46516 [0m|[33m  17.0 [0m|
|[31m   1063 [0m|[32m    61 [0m|[33m    -2.00 [0m|[34;1m              +5952.00 [0m|[35m         17.4 [0m|[36;1m             50.508% [0m|[31;1m            46.496% [0m|[32;1m                         +0.46500 [0m|[33m  17.0 [0m|
|[31m   1064 [0m|[32m    61 [0m|[33m    -2.00 [0m|[34;1m              +5950.00 [0m|[35m         17.4 [0m|[36;1m             50.508% [0m|[31;1m            46.511% [0m|[32;1m                         +0.46484 [0m|[33m  17.0 [0m|
|[31m   1065 [0m|[32m    61 [0m|[33m    -1.00 [0m|[34;1m              +5949.00 [0m|[35m         17.5 [0m|[36;1m             50.508% [0m|[31;1m            46.514% [0m|[32;1m                         +0.46477 [0m|[33m  17.0 [0m|
|[31m   1066 [0m|[32m    61 [0m|[33m    -1.00 [0m|[34;1m              +5948.00 [0m|[35m         17.5 [0m|[36;1m             50.508% [0m|[31;1m            46.517% [0m|[32;1m                         +0.46469 [0m|[33m  17.0 [0m|
|[31m   1067 [0m|[32m    61 [0m|[33m    -1.00 [0m|[34;1m              +5947.00 [0m|[35m         17.5 [0m|[36;1m             50.508% [0m|[31;1m            46.521% [0m|[32;1m                         +0.46461 [0m|[33m  17.0 [0m|
|[31m   1068 [0m|[32m    61 [0m|[33m    -1.00 [0m|[34;1m              +5946.00 [0m|[35m         17.5 [0m|[36;1m             50.508% [0m|[31;1m            46.524% [0m|[32;1m                         +0.46453 [0m|[33m  17.0 [0m|
|[31m   1069 [0m|[32m    61 [0m|[33m    -1.00 [0m|[34;1m              +5945.00 [0m|[35m         17.5 [0m|[36;1m             50.508% [0m|[31;1m            46.527% [0m|[32;1m                         +0.46445 [0m|[33m  17.0 [0m|
|[31m   1070 [0m|[32m    61 [0m|[33m    -1.00 [0m|[34;1m              +5944.00 [0m|[35m         17.5 [0m|[36;1m             50.508% [0m|[31;1m            46.530% [0m|[32;1m                         +0.46437 [0m|[33m  17.0 [0m|
|[31m   1071 [0m|[32m    61 [0m|[33m    -1.00 [0m|[34;1m              +5943.00 [0m|[35m         17.6 [0m|[36;1m             50.508% [0m|[31;1m            46.534% [0m|[32;1m                         +0.46430 [0m|[33m  17.0 [0m|
|[31m   1072 [0m|[32m    61 [0m|[33m    -1.00 [0m|[34;1m              +5942.00 [0m|[35m         17.6 [0m|[36;1m             50.508% [0m|[31;1m            46.537% [0m|[32;1m                         +0.46422 [0m|[33m  17.0 [0m|
|[31m   1073 [0m|[32m    61 [0m|[33m    -1.00 [0m|[34;1m              +5941.00 [0m|[35m         17.6 [0m|[36;1m             50.508% [0m|[31;1m            46.540% [0m|[32;1m                         +0.46414 [0m|[33m  17.0 [0m|
|[31m   1074 [0m|[32m    61 [0m|[33m    -1.00 [0m|[34;1m              +5940.00 [0m|[35m         17.6 [0m|[36;1m             50.508% [0m|[31;1m            46.543% [0m|[32;1m                         +0.46406 [0m|[33m  17.0 [0m|
|[31m   1075 [0m|[32m    61 [0m|[33m    -1.00 [0m|[34;1m              +5939.00 [0m|[35m         17.6 [0m|[36;1m             50.508% [0m|[31;1m            46.547% [0m|[32;1m                         +0.46398 [0m|[33m  17.1 [0m|
|[31m   1076 [0m|[32m    61 [0m|[33m    -1.00 [0m|[34;1m              +5938.00 [0m|[35m         17.6 [0m|[36;1m             50.508% [0m|[31;1m            46.550% [0m|[32;1m                         +0.46391 [0m|[33m  17.0 [0m|
|[31m   1077 [0m|[32m    61 [0m|[33m    -1.00 [0m|[34;1m              +5937.00 [0m|[35m         17.7 [0m|[36;1m             50.508% [0m|[31;1m            46.553% [0m|[32;1m                         +0.46383 [0m|[33m  17.1 [0m|
|[31m   1078 [0m|[32m    61 [0m|[33m    -1.00 [0m|[34;1m              +5936.00 [0m|[35m         17.7 [0m|[36;1m             50.508% [0m|[31;1m            46.556% [0m|[32;1m                         +0.46375 [0m|[33m  17.1 [0m|
|[31m   1079 [0m|[32m    61 [0m|[33m    -1.00 [0m|[34;1m              +5935.00 [0m|[35m         17.7 [0m|[36;1m             50.508% [0m|[31;1m            46.559% [0m|[32;1m                         +0.46367 [0m|[33m  17.1 [0m|
|[31m   1080 [0m|[32m    61 [0m|[33m    -1.00 [0m|[34;1m              +5934.00 [0m|[35m         17.7 [0m|[36;1m             50.508% [0m|[31;1m            46.562% [0m|[32;1m                         +0.46359 [0m|[33m  17.1 [0m|
|[31m   1081 [0m|[32m    61 [0m|[33m    -1.00 [0m|[34;1m              +5933.00 [0m|[35m         17.7 [0m|[36;1m             50.508% [0m|[31;1m            46.566% [0m|[32;1m                         +0.46352 [0m|[33m  17.1 [0m|
|[31m   1082 [0m|[32m    61 [0m|[33m    -1.00 [0m|[34;1m              +5932.00 [0m|[35m         17.7 [0m|[36;1m             50.508% [0m|[31;1m            46.569% [0m|[32;1m                         +0.46344 [0m|[33m  17.1 [0m|
|[31m   1083 [0m|[32m    61 [0m|[33m    -1.00 [0m|[34;1m              +5931.00 [0m|[35m         17.8 [0m|[36;1m             50.508% [0m|[31;1m            46.572% [0m|[32;1m                         +0.46336 [0m|[33m  17.1 [0m|
|[31m   1084 [0m|[32m    61 [0m|[33m    -1.00 [0m|[34;1m              +5930.00 [0m|[35m         17.8 [0m|[36;1m             50.508% [0m|[31;1m            46.575% [0m|[32;1m                         +0.46328 [0m|[33m  17.1 [0m|
|[31m   1085 [0m|[32m    61 [0m|[33m    -0.00 [0m|[34;1m              +5930.00 [0m|[35m         17.8 [0m|[36;1m             50.508% [0m|[31;1m            46.567% [0m|[32;1m                         +0.46328 [0m|[33m  17.1 [0m|
|[31m   1086 [0m|[32m    61 [0m|[33m    -1.00 [0m|[34;1m              +5929.00 [0m|[35m         17.8 [0m|[36;1m             50.508% [0m|[31;1m            46.570% [0m|[32;1m                         +0.46320 [0m|[33m  17.1 [0m|
|[31m   1087 [0m|[32m    61 [0m|[33m    -0.00 [0m|[34;1m              +5929.00 [0m|[35m         17.8 [0m|[36;1m             50.508% [0m|[31;1m            46.562% [0m|[32;1m                         +0.46320 [0m|[33m  17.1 [0m|
|[31m   1088 [0m|[32m    61 [0m|[33m    -0.00 [0m|[34;1m              +5929.00 [0m|[35m         17.8 [0m|[36;1m             50.508% [0m|[31;1m            46.553% [0m|[32;1m                         +0.46320 [0m|[33m  17.1 [0m|
|[31m   1089 [0m|[32m    61 [0m|[33m    -0.00 [0m|[34;1m              +5929.00 [0m|[35m         17.9 [0m|[36;1m             50.508% [0m|[31;1m            46.545% [0m|[32;1m                         +0.46320 [0m|[33m  17.1 [0m|
|[31m   1090 [0m|[32m    61 [0m|[33m    -0.00 [0m|[34;1m              +5929.00 [0m|[35m         17.9 [0m|[36;1m             50.508% [0m|[31;1m            46.537% [0m|[32;1m                         +0.46320 [0m|[33m  17.1 [0m|
|[31m   1091 [0m|[32m    61 [0m|[33m    -0.00 [0m|[34;1m              +5929.00 [0m|[35m         17.9 [0m|[36;1m             50.508% [0m|[31;1m            46.528% [0m|[32;1m                         +0.46320 [0m|[33m  17.1 [0m|
|[31m   1092 [0m|[32m    61 [0m|[33m    -0.00 [0m|[34;1m              +5929.00 [0m|[35m         17.9 [0m|[36;1m             50.508% [0m|[31;1m            46.520% [0m|[32;1m                         +0.46320 [0m|[33m  17.1 [0m|
|[31m   1093 [0m|[32m    61 [0m|[33m    -0.00 [0m|[34;1m              +5929.00 [0m|[35m         17.9 [0m|[36;1m             50.508% [0m|[31;1m            46.512% [0m|[32;1m                         +0.46320 [0m|[33m  17.1 [0m|
|[31m   1094 [0m|[32m    61 [0m|[33m    -0.00 [0m|[34;1m              +5929.00 [0m|[35m         17.9 [0m|[36;1m             50.508% [0m|[31;1m            46.515% [0m|[32;1m                         +0.46320 [0m|[33m  17.1 [0m|
|[31m   1095 [0m|[32m    61 [0m|[33m    -1.00 [0m|[34;1m              +5928.00 [0m|[35m         18.0 [0m|[36;1m             50.508% [0m|[31;1m            46.530% [0m|[32;1m                         +0.46313 [0m|[33m  17.1 [0m|
|[31m   1096 [0m|[32m    62 [0m|[33m  +152.00 [0m|[34;1m              +6080.00 [0m|[35m         17.7 [0m|[36;1m             50.548% [0m|[31;1m            46.544% [0m|[32;1m                         +0.47500 [0m|[33m  17.1 [0m|
|[31m   1097 [0m|[32m    62 [0m|[33m    -1.00 [0m|[34;1m              +6079.00 [0m|[35m         17.7 [0m|[36;1m             50.548% [0m|[31;1m            46.559% [0m|[32;1m                         +0.47492 [0m|[33m  17.1 [0m|
|[31m   1098 [0m|[32m    62 [0m|[33m    -1.00 [0m|[34;1m              +6078.00 [0m|[35m         17.7 [0m|[36;1m             50.548% [0m|[31;1m            46.573% [0m|[32;1m                         +0.47484 [0m|[33m  17.1 [0m|
|[31m   1099 [0m|[32m    62 [0m|[33m    -1.00 [0m|[34;1m              +6077.00 [0m|[35m         17.7 [0m|[36;1m             50.548% [0m|[31;1m            46.588% [0m|[32;1m                         +0.47477 [0m|[33m  17.1 [0m|
|[31m   1100 [0m|[32m    62 [0m|[33m    -1.00 [0m|[34;1m              +6076.00 [0m|[35m         17.7 [0m|[36;1m             50.548% [0m|[31;1m            46.602% [0m|[32;1m                         +0.47469 [0m|[33m  17.1 [0m|
|[31m   1101 [0m|[32m    62 [0m|[33m    -1.00 [0m|[34;1m              +6075.00 [0m|[35m         17.8 [0m|[36;1m             50.548% [0m|[31;1m            46.617% [0m|[32;1m                         +0.47461 [0m|[33m  17.1 [0m|
|[31m   1102 [0m|[32m    62 [0m|[33m    -1.00 [0m|[34;1m              +6074.00 [0m|[35m         17.8 [0m|[36;1m             50.548% [0m|[31;1m            46.631% [0m|[32;1m                         +0.47453 [0m|[33m  17.1 [0m|
|[31m   1103 [0m|[32m    62 [0m|[33m    -1.00 [0m|[34;1m              +6073.00 [0m|[35m         17.8 [0m|[36;1m             50.548% [0m|[31;1m            46.646% [0m|[32;1m                         +0.47445 [0m|[33m  17.1 [0m|
|[31m   1104 [0m|[32m    62 [0m|[33m    -1.00 [0m|[34;1m              +6072.00 [0m|[35m         17.8 [0m|[36;1m             50.548% [0m|[31;1m            46.660% [0m|[32;1m                         +0.47437 [0m|[33m  17.1 [0m|
|[31m   1105 [0m|[32m    62 [0m|[33m    -1.00 [0m|[34;1m              +6071.00 [0m|[35m         17.8 [0m|[36;1m             50.548% [0m|[31;1m            46.674% [0m|[32;1m                         +0.47430 [0m|[33m  17.1 [0m|
|[31m   1106 [0m|[32m    62 [0m|[33m    -1.00 [0m|[34;1m              +6070.00 [0m|[35m         17.8 [0m|[36;1m             50.548% [0m|[31;1m            46.689% [0m|[32;1m                         +0.47422 [0m|[33m  17.1 [0m|
|[31m   1107 [0m|[32m    62 [0m|[33m    -1.00 [0m|[34;1m              +6069.00 [0m|[35m         17.9 [0m|[36;1m             50.548% [0m|[31;1m            46.703% [0m|[32;1m                         +0.47414 [0m|[33m  17.1 [0m|
|[31m   1108 [0m|[32m    62 [0m|[33m    -1.00 [0m|[34;1m              +6068.00 [0m|[35m         17.9 [0m|[36;1m             50.548% [0m|[31;1m            46.717% [0m|[32;1m                         +0.47406 [0m|[33m  17.1 [0m|
|[31m   1109 [0m|[32m    62 [0m|[33m    -0.00 [0m|[34;1m              +6068.00 [0m|[35m         17.9 [0m|[36;1m             50.548% [0m|[31;1m            46.731% [0m|[32;1m                         +0.47406 [0m|[33m  17.1 [0m|
|[31m   1110 [0m|[32m    62 [0m|[33m    -0.00 [0m|[34;1m              +6068.00 [0m|[35m         17.9 [0m|[36;1m             50.548% [0m|[31;1m            46.745% [0m|[32;1m                         +0.47406 [0m|[33m  17.1 [0m|
|[31m   1111 [0m|[32m    62 [0m|[33m    -0.00 [0m|[34;1m              +6068.00 [0m|[35m         17.9 [0m|[36;1m             50.548% [0m|[31;1m            46.760% [0m|[32;1m                         +0.47406 [0m|[33m  17.1 [0m|
|[31m   1112 [0m|[32m    62 [0m|[33m    -0.00 [0m|[34;1m              +6068.00 [0m|[35m         17.9 [0m|[36;1m             50.548% [0m|[31;1m            46.774% [0m|[32;1m                         +0.47406 [0m|[33m  17.1 [0m|
|[31m   1113 [0m|[32m    62 [0m|[33m    -0.00 [0m|[34;1m              +6068.00 [0m|[35m         18.0 [0m|[36;1m             50.548% [0m|[31;1m            46.788% [0m|[32;1m                         +0.47406 [0m|[33m  17.1 [0m|
|[31m   1114 [0m|[32m    62 [0m|[33m    -0.00 [0m|[34;1m              +6068.00 [0m|[35m         18.0 [0m|[36;1m             50.548% [0m|[31;1m            46.791% [0m|[32;1m                         +0.47406 [0m|[33m  17.1 [0m|
|[31m   1115 [0m|[32m    62 [0m|[33m    -0.00 [0m|[34;1m              +6068.00 [0m|[35m         18.0 [0m|[36;1m             50.548% [0m|[31;1m            46.794% [0m|[32;1m                         +0.47406 [0m|[33m  17.1 [0m|
|[31m   1116 [0m|[32m    62 [0m|[33m    -0.00 [0m|[34;1m              +6068.00 [0m|[35m         18.0 [0m|[36;1m             50.548% [0m|[31;1m            46.797% [0m|[32;1m                         +0.47406 [0m|[33m  17.1 [0m|
|[31m   1117 [0m|[32m    62 [0m|[33m    -0.00 [0m|[34;1m              +6068.00 [0m|[35m         18.0 [0m|[36;1m             50.548% [0m|[31;1m            46.799% [0m|[32;1m                         +0.47406 [0m|[33m  17.1 [0m|
|[31m   1118 [0m|[32m    62 [0m|[33m    -0.00 [0m|[34;1m              +6068.00 [0m|[35m         18.0 [0m|[36;1m             50.548% [0m|[31;1m            46.814% [0m|[32;1m                         +0.47406 [0m|[33m  17.1 [0m|
|[31m   1119 [0m|[32m    62 [0m|[33m    -0.00 [0m|[34;1m              +6068.00 [0m|[35m         18.0 [0m|[36;1m             50.548% [0m|[31;1m            46.828% [0m|[32;1m                         +0.47406 [0m|[33m  17.1 [0m|
|[31m   1120 [0m|[32m    62 [0m|[33m    -0.00 [0m|[34;1m              +6068.00 [0m|[35m         18.1 [0m|[36;1m             50.548% [0m|[31;1m            46.842% [0m|[32;1m                         +0.47406 [0m|[33m  17.1 [0m|
|[31m   1121 [0m|[32m    62 [0m|[33m    -0.00 [0m|[34;1m              +6068.00 [0m|[35m         18.1 [0m|[36;1m             50.548% [0m|[31;1m            46.855% [0m|[32;1m                         +0.47406 [0m|[33m  17.1 [0m|
|[31m   1122 [0m|[32m    62 [0m|[33m    -0.00 [0m|[34;1m              +6068.00 [0m|[35m         18.1 [0m|[36;1m             50.548% [0m|[31;1m            46.858% [0m|[32;1m                         +0.47406 [0m|[33m  17.1 [0m|
|[31m   1123 [0m|[32m    62 [0m|[33m    -0.00 [0m|[34;1m              +6068.00 [0m|[35m         18.1 [0m|[36;1m             50.548% [0m|[31;1m            46.861% [0m|[32;1m                         +0.47406 [0m|[33m  17.1 [0m|
|[31m   1124 [0m|[32m    62 [0m|[33m    -0.00 [0m|[34;1m              +6068.00 [0m|[35m         18.1 [0m|[36;1m             50.548% [0m|[31;1m            46.864% [0m|[32;1m                         +0.47406 [0m|[33m  17.1 [0m|
|[31m   1125 [0m|[32m    62 [0m|[33m    -0.00 [0m|[34;1m              +6068.00 [0m|[35m         18.1 [0m|[36;1m             50.548% [0m|[31;1m            46.867% [0m|[32;1m                         +0.47406 [0m|[33m  17.1 [0m|
|[31m   1126 [0m|[32m    62 [0m|[33m    -0.00 [0m|[34;1m              +6068.00 [0m|[35m         18.2 [0m|[36;1m             50.548% [0m|[31;1m            46.869% [0m|[32;1m                         +0.47406 [0m|[33m  17.1 [0m|
|[31m   1127 [0m|[32m    62 [0m|[33m    -0.00 [0m|[34;1m              +6068.00 [0m|[35m         18.2 [0m|[36;1m             50.548% [0m|[31;1m            46.872% [0m|[32;1m                         +0.47406 [0m|[33m  17.1 [0m|
|[31m   1128 [0m|[32m    62 [0m|[33m    -0.00 [0m|[34;1m              +6068.00 [0m|[35m         18.2 [0m|[36;1m             50.548% [0m|[31;1m            46.864% [0m|[32;1m                         +0.47406 [0m|[33m  17.1 [0m|
|[31m   1129 [0m|[32m    62 [0m|[33m    -0.00 [0m|[34;1m              +6068.00 [0m|[35m         18.2 [0m|[36;1m             50.548% [0m|[31;1m            46.856% [0m|[32;1m                         +0.47406 [0m|[33m  17.1 [0m|
|[31m   1130 [0m|[32m    62 [0m|[33m    -0.00 [0m|[34;1m              +6068.00 [0m|[35m         18.2 [0m|[36;1m             50.548% [0m|[31;1m            46.847% [0m|[32;1m                         +0.47406 [0m|[33m  17.1 [0m|
|[31m   1131 [0m|[32m    62 [0m|[33m    -0.00 [0m|[34;1m              +6068.00 [0m|[35m         18.2 [0m|[36;1m             50.548% [0m|[31;1m            46.839% [0m|[32;1m                         +0.47406 [0m|[33m  17.1 [0m|
|[31m   1132 [0m|[32m    62 [0m|[33m    -0.00 [0m|[34;1m              +6068.00 [0m|[35m         18.3 [0m|[36;1m             50.548% [0m|[31;1m            46.831% [0m|[32;1m                         +0.47406 [0m|[33m  17.1 [0m|
|[31m   1133 [0m|[32m    62 [0m|[33m    -0.00 [0m|[34;1m              +6068.00 [0m|[35m         18.3 [0m|[36;1m             50.548% [0m|[31;1m            46.823% [0m|[32;1m                         +0.47406 [0m|[33m  17.1 [0m|
|[31m   1134 [0m|[32m    62 [0m|[33m    -0.00 [0m|[34;1m              +6068.00 [0m|[35m         18.3 [0m|[36;1m             50.548% [0m|[31;1m            46.814% [0m|[32;1m                         +0.47406 [0m|[33m  17.1 [0m|
|[31m   1135 [0m|[32m    62 [0m|[33m    -0.00 [0m|[34;1m              +6068.00 [0m|[35m         18.3 [0m|[36;1m             50.548% [0m|[31;1m            46.817% [0m|[32;1m                         +0.47406 [0m|[33m  17.1 [0m|
|[31m   1136 [0m|[32m    62 [0m|[33m    -0.00 [0m|[34;1m              +6068.00 [0m|[35m         18.3 [0m|[36;1m             50.548% [0m|[31;1m            46.820% [0m|[32;1m                         +0.47406 [0m|[33m  17.1 [0m|
|[31m   1137 [0m|[32m    62 [0m|[33m    -0.00 [0m|[34;1m              +6068.00 [0m|[35m         18.3 [0m|[36;1m             50.548% [0m|[31;1m            46.823% [0m|[32;1m                         +0.47406 [0m|[33m  17.1 [0m|
|[31m   1138 [0m|[32m    62 [0m|[33m    -0.00 [0m|[34;1m              +6068.00 [0m|[35m         18.4 [0m|[36;1m             50.548% [0m|[31;1m            46.826% [0m|[32;1m                         +0.47406 [0m|[33m  17.1 [0m|
|[31m   1139 [0m|[32m    62 [0m|[33m    -0.00 [0m|[34;1m              +6068.00 [0m|[35m         18.4 [0m|[36;1m             50.548% [0m|[31;1m            46.828% [0m|[32;1m                         +0.47406 [0m|[33m  17.1 [0m|
|[31m   1140 [0m|[32m    62 [0m|[33m    -0.00 [0m|[34;1m              +6068.00 [0m|[35m         18.4 [0m|[36;1m             50.548% [0m|[31;1m            46.831% [0m|[32;1m                         +0.47406 [0m|[33m  17.1 [0m|
|[31m   1141 [0m|[32m    62 [0m|[33m    -0.00 [0m|[34;1m              +6068.00 [0m|[35m         18.4 [0m|[36;1m             50.548% [0m|[31;1m            46.834% [0m|[32;1m                         +0.47406 [0m|[33m  17.1 [0m|
|[31m   1142 [0m|[32m    62 [0m|[33m    -0.00 [0m|[34;1m              +6068.00 [0m|[35m         18.4 [0m|[36;1m             50.548% [0m|[31;1m            46.837% [0m|[32;1m                         +0.47406 [0m|[33m  17.1 [0m|
|[31m   1143 [0m|[32m    62 [0m|[33m    -0.00 [0m|[34;1m              +6068.00 [0m|[35m         18.4 [0m|[36;1m             50.548% [0m|[31;1m            46.839% [0m|[32;1m                         +0.47406 [0m|[33m  17.1 [0m|
|[31m   1144 [0m|[32m    62 [0m|[33m    -0.00 [0m|[34;1m              +6068.00 [0m|[35m         18.5 [0m|[36;1m             50.548% [0m|[31;1m            46.842% [0m|[32;1m                         +0.47406 [0m|[33m  17.1 [0m|
|[31m   1145 [0m|[32m    62 [0m|[33m    -0.00 [0m|[34;1m              +6068.00 [0m|[35m         18.5 [0m|[36;1m             50.548% [0m|[31;1m            46.845% [0m|[32;1m                         +0.47406 [0m|[33m  17.1 [0m|
|[31m   1146 [0m|[32m    62 [0m|[33m    -0.00 [0m|[34;1m              +6068.00 [0m|[35m         18.5 [0m|[36;1m             50.548% [0m|[31;1m            46.848% [0m|[32;1m                         +0.47406 [0m|[33m  17.1 [0m|
|[31m   1147 [0m|[32m    62 [0m|[33m    -0.00 [0m|[34;1m              +6068.00 [0m|[35m         18.5 [0m|[36;1m             50.548% [0m|[31;1m            46.850% [0m|[32;1m                         +0.47406 [0m|[33m  17.1 [0m|
|[31m   1148 [0m|[32m    62 [0m|[33m    -0.00 [0m|[34;1m              +6068.00 [0m|[35m         18.5 [0m|[36;1m             50.548% [0m|[31;1m            46.853% [0m|[32;1m                         +0.47406 [0m|[33m  17.1 [0m|
|[31m   1149 [0m|[32m    62 [0m|[33m    -0.00 [0m|[34;1m              +6068.00 [0m|[35m         18.5 [0m|[36;1m             50.548% [0m|[31;1m            46.856% [0m|[32;1m                         +0.47406 [0m|[33m  17.1 [0m|
|[31m   1150 [0m|[32m    62 [0m|[33m    -0.00 [0m|[34;1m              +6068.00 [0m|[35m         18.5 [0m|[36;1m             50.548% [0m|[31;1m            46.859% [0m|[32;1m                         +0.47406 [0m|[33m  17.1 [0m|
|[31m   1151 [0m|[32m    62 [0m|[33m    -0.00 [0m|[34;1m              +6068.00 [0m|[35m         18.6 [0m|[36;1m             50.548% [0m|[31;1m            46.861% [0m|[32;1m                         +0.47406 [0m|[33m  17.1 [0m|
|[31m   1152 [0m|[32m    62 [0m|[33m    -0.00 [0m|[34;1m              +6068.00 [0m|[35m         18.6 [0m|[36;1m             50.548% [0m|[31;1m            46.864% [0m|[32;1m                         +0.47406 [0m|[33m  17.1 [0m|
|[31m   1153 [0m|[32m    62 [0m|[33m    -0.00 [0m|[34;1m              +6068.00 [0m|[35m         18.6 [0m|[36;1m             50.548% [0m|[31;1m            46.867% [0m|[32;1m                         +0.47406 [0m|[33m  17.1 [0m|
|[31m   1154 [0m|[32m    62 [0m|[33m    -0.00 [0m|[34;1m              +6068.00 [0m|[35m         18.6 [0m|[36;1m             50.548% [0m|[31;1m            46.870% [0m|[32;1m                         +0.47406 [0m|[33m  17.1 [0m|
|[31m   1155 [0m|[32m    62 [0m|[33m    -0.00 [0m|[34;1m              +6068.00 [0m|[35m         18.6 [0m|[36;1m             50.548% [0m|[31;1m            46.872% [0m|[32;1m                         +0.47406 [0m|[33m  17.1 [0m|
|[31m   1156 [0m|[32m    62 [0m|[33m    -0.00 [0m|[34;1m              +6068.00 [0m|[35m         18.6 [0m|[36;1m             50.548% [0m|[31;1m            46.875% [0m|[32;1m                         +0.47406 [0m|[33m  17.1 [0m|
|[31m   1157 [0m|[32m    62 [0m|[33m    -0.00 [0m|[34;1m              +6068.00 [0m|[35m         18.7 [0m|[36;1m             50.548% [0m|[31;1m            46.878% [0m|[32;1m                         +0.47406 [0m|[33m  17.1 [0m|
|[31m   1158 [0m|[32m    62 [0m|[33m    -0.00 [0m|[34;1m              +6068.00 [0m|[35m         18.7 [0m|[36;1m             50.548% [0m|[31;1m            46.880% [0m|[32;1m                         +0.47406 [0m|[33m  17.1 [0m|
|[31m   1159 [0m|[32m    62 [0m|[33m    -0.00 [0m|[34;1m              +6068.00 [0m|[35m         18.7 [0m|[36;1m             50.548% [0m|[31;1m            46.883% [0m|[32;1m                         +0.47406 [0m|[33m  17.2 [0m|
|[31m   1160 [0m|[32m    62 [0m|[33m    -0.00 [0m|[34;1m              +6068.00 [0m|[35m         18.7 [0m|[36;1m             50.548% [0m|[31;1m            46.886% [0m|[32;1m                         +0.47406 [0m|[33m  17.1 [0m|
|[31m   1161 [0m|[32m    62 [0m|[33m    -0.00 [0m|[34;1m              +6068.00 [0m|[35m         18.7 [0m|[36;1m             50.548% [0m|[31;1m            46.888% [0m|[32;1m                         +0.47406 [0m|[33m  17.1 [0m|
|[31m   1162 [0m|[32m    62 [0m|[33m    -0.00 [0m|[34;1m              +6068.00 [0m|[35m         18.7 [0m|[36;1m             50.548% [0m|[31;1m            46.891% [0m|[32;1m                         +0.47406 [0m|[33m  17.1 [0m|
|[31m   1163 [0m|[32m    62 [0m|[33m    -0.00 [0m|[34;1m              +6068.00 [0m|[35m         18.8 [0m|[36;1m             50.548% [0m|[31;1m            46.894% [0m|[32;1m                         +0.47406 [0m|[33m  17.1 [0m|
|[31m   1164 [0m|[32m    62 [0m|[33m    -0.00 [0m|[34;1m              +6068.00 [0m|[35m         18.8 [0m|[36;1m             50.548% [0m|[31;1m            46.896% [0m|[32;1m                         +0.47406 [0m|[33m  17.2 [0m|
|[31m   1165 [0m|[32m    62 [0m|[33m    -0.00 [0m|[34;1m              +6068.00 [0m|[35m         18.8 [0m|[36;1m             50.548% [0m|[31;1m            46.899% [0m|[32;1m                         +0.47406 [0m|[33m  17.2 [0m|
|[31m   1166 [0m|[32m    62 [0m|[33m    -0.00 [0m|[34;1m              +6068.00 [0m|[35m         18.8 [0m|[36;1m             50.548% [0m|[31;1m            46.913% [0m|[32;1m                         +0.47406 [0m|[33m  17.1 [0m|
|[31m   1167 [0m|[32m    62 [0m|[33m    -0.00 [0m|[34;1m              +6068.00 [0m|[35m         18.8 [0m|[36;1m             50.548% [0m|[31;1m            46.926% [0m|[32;1m                         +0.47406 [0m|[33m  17.2 [0m|
|[31m   1168 [0m|[32m    62 [0m|[33m    -0.00 [0m|[34;1m              +6068.00 [0m|[35m         18.8 [0m|[36;1m             50.548% [0m|[31;1m            46.939% [0m|[32;1m                         +0.47406 [0m|[33m  17.2 [0m|
|[31m   1169 [0m|[32m    62 [0m|[33m    -0.00 [0m|[34;1m              +6068.00 [0m|[35m         18.9 [0m|[36;1m             50.548% [0m|[31;1m            46.953% [0m|[32;1m                         +0.47406 [0m|[33m  17.2 [0m|
|[31m   1170 [0m|[32m    62 [0m|[33m    -0.00 [0m|[34;1m              +6068.00 [0m|[35m         18.9 [0m|[36;1m             50.548% [0m|[31;1m            46.955% [0m|[32;1m                         +0.47406 [0m|[33m  17.2 [0m|
|[31m   1171 [0m|[32m    62 [0m|[33m    -0.00 [0m|[34;1m              +6068.00 [0m|[35m         18.9 [0m|[36;1m             50.548% [0m|[31;1m            46.968% [0m|[32;1m                         +0.47406 [0m|[33m  17.1 [0m|
|[31m   1172 [0m|[32m    62 [0m|[33m    -0.00 [0m|[34;1m              +6068.00 [0m|[35m         18.9 [0m|[36;1m             50.548% [0m|[31;1m            46.982% [0m|[32;1m                         +0.47406 [0m|[33m  17.1 [0m|
|[31m   1173 [0m|[32m    62 [0m|[33m    -0.00 [0m|[34;1m              +6068.00 [0m|[35m         18.9 [0m|[36;1m             50.548% [0m|[31;1m            47.006% [0m|[32;1m                         +0.47406 [0m|[33m  17.1 [0m|
|[31m   1174 [0m|[32m    62 [0m|[33m    -0.00 [0m|[34;1m              +6068.00 [0m|[35m         18.9 [0m|[36;1m             50.548% [0m|[31;1m            47.029% [0m|[32;1m                         +0.47406 [0m|[33m  17.1 [0m|
|[31m   1175 [0m|[32m    62 [0m|[33m    -0.00 [0m|[34;1m              +6068.00 [0m|[35m         19.0 [0m|[36;1m             50.548% [0m|[31;1m            47.053% [0m|[32;1m                         +0.47406 [0m|[33m  17.2 [0m|
|[31m   1176 [0m|[32m    62 [0m|[33m    -0.00 [0m|[34;1m              +6068.00 [0m|[35m         19.0 [0m|[36;1m             50.548% [0m|[31;1m            47.077% [0m|[32;1m                         +0.47406 [0m|[33m  17.1 [0m|
|[31m   1177 [0m|[32m    62 [0m|[33m    -0.00 [0m|[34;1m              +6068.00 [0m|[35m         19.0 [0m|[36;1m             50.548% [0m|[31;1m            47.101% [0m|[32;1m                         +0.47406 [0m|[33m  17.2 [0m|
|[31m   1178 [0m|[32m    62 [0m|[33m    -0.00 [0m|[34;1m              +6068.00 [0m|[35m         19.0 [0m|[36;1m             50.548% [0m|[31;1m            47.135% [0m|[32;1m                         +0.47406 [0m|[33m  17.2 [0m|
|[31m   1179 [0m|[32m    62 [0m|[33m    -0.00 [0m|[34;1m              +6068.00 [0m|[35m         19.0 [0m|[36;1m             50.548% [0m|[31;1m            47.159% [0m|[32;1m                         +0.47406 [0m|[33m  17.2 [0m|
|[31m   1180 [0m|[32m    62 [0m|[33m    -0.00 [0m|[34;1m              +6068.00 [0m|[35m         19.0 [0m|[36;1m             50.548% [0m|[31;1m            47.182% [0m|[32;1m                         +0.47406 [0m|[33m  17.2 [0m|
|[31m   1181 [0m|[32m    62 [0m|[33m    -0.00 [0m|[34;1m              +6068.00 [0m|[35m         19.0 [0m|[36;1m             50.548% [0m|[31;1m            47.206% [0m|[32;1m                         +0.47406 [0m|[33m  17.2 [0m|
|[31m   1182 [0m|[32m    62 [0m|[33m    -0.00 [0m|[34;1m              +6068.00 [0m|[35m         19.1 [0m|[36;1m             50.548% [0m|[31;1m            47.240% [0m|[32;1m                         +0.47406 [0m|[33m  17.2 [0m|
|[31m   1183 [0m|[32m    64 [0m|[33m  +200.00 [0m|[34;1m              +6268.00 [0m|[35m         18.5 [0m|[36;1m             48.969% [0m|[31;1m            47.263% [0m|[32;1m                         +0.48969 [0m|[33m  17.2 [0m|

|                           Metric |         Mean |
| -------------------------------: | -----------: |
|[35m                     Step / Cargo [0m|[35m         18.5 [0m|
|[34;1m            Target Episode Reward [0m|[34;1m     +6268.00 [0m|
|[36;1m              Mean Transport Rate [0m|[36;1m      48.969% [0m|
|[31;1m               Mean Coverage Rate [0m|[31;1m      47.263% [0m|
|[32;1m Normalized Target Episode Reward [0m|[32;1m     +0.48969 [0m|
|           Belief Local Pos Error |   866.225520 |
|           Belief Local Std World |   618.732815 |
|      Belief Visible Target Ratio |     0.164460 |
|        Belief Visible Step Ratio |     0.711864 |
| Belief Local Invisible Pos Error |   911.806499 |
|   Belief Local Visible Pos Error |   700.370779 |
|     Belief Visible Obs Pos Error |     0.000131 |
