Environment:  <OrderEnforcing<MultiTarget(opponent=examples.qplex_focus.camera.agent.QPLEXFocusCameraAgent)<MultiAgentTracking<MultiAgentTracking-v0>>(4 cameras, 8 targets, 9 obstacles)>>
Camera agent: examples.qplex_focus.camera.agent.QPLEXFocusCameraAgent(checkpoint_path='/home/pavt1024/vsn/mate/outputs/qplex_focus_ctde_local_belief_v9b_local_student_4v8_9_100k_5120_w1_b200/QPLEX_FOCUS/QPLEX_FOCUS_mate-qplex_focus.camera_57e52_00000_0_seed=0_2026-08-25_20-46-16/checkpoint_000010/checkpoint-10', decentralized_execution=True, decentralized_fallback_mode='off', decentralized_local_belief_guide=True, local_belief_action_eta=10.0, student_action_bias_eta=0.0, seed=6)
Target agent: mate.agents.greedy.GreedyTargetAgent(seed=6)

Rollout video will be saved to "/home/pavt1024/vsn/mate/outputs/qplex_focus_ctde_local_belief_v9b_local_student_4v8_9_100k_5120_w1_b200/videos/best_iter10_seed6_coverage50_639.mp4".

|[31m   Step [0m|[32m Cargo [0m|[33m   Reward [0m|[34;1m Target Episode Reward [0m|[35m Step / Cargo [0m|[36;1m Mean Transport Rate [0m|[31;1m Mean Coverage Rate [0m|[32;1m Normalized Target Episode Reward [0m|[33m   FPS [0m|
|[31m -----: [0m|[32m ----: [0m|[33m -------: [0m|[34;1m --------------------: [0m|[35m -----------: [0m|[36;1m ------------------: [0m|[31;1m -----------------: [0m|[32;1m -------------------------------: [0m|[33m ----: [0m|
|[31m      1 [0m|[32m     0 [0m|[33m    -5.00 [0m|[34;1m                 -5.00 [0m|[35m          nan [0m|[36;1m              0.000% [0m|[31;1m            62.500% [0m|[32;1m                         -0.00039 [0m|[33m   0.6 [0m|
|[31m      2 [0m|[32m     0 [0m|[33m    -5.00 [0m|[34;1m                -10.00 [0m|[35m          nan [0m|[36;1m              0.000% [0m|[31;1m            62.500% [0m|[32;1m                         -0.00078 [0m|[33m   1.2 [0m|
|[31m      3 [0m|[32m     0 [0m|[33m    -5.00 [0m|[34;1m                -15.00 [0m|[35m          nan [0m|[36;1m              0.000% [0m|[31;1m            62.500% [0m|[32;1m                         -0.00117 [0m|[33m   1.7 [0m|
|[31m      4 [0m|[32m     0 [0m|[33m    -5.00 [0m|[34;1m                -20.00 [0m|[35m          nan [0m|[36;1m              0.000% [0m|[31;1m            62.500% [0m|[32;1m                         -0.00156 [0m|[33m   2.2 [0m|
|[31m      5 [0m|[32m     0 [0m|[33m    -6.00 [0m|[34;1m                -26.00 [0m|[35m          nan [0m|[36;1m              0.000% [0m|[31;1m            65.000% [0m|[32;1m                         -0.00203 [0m|[33m   2.7 [0m|
|[31m      6 [0m|[32m     0 [0m|[33m    -5.00 [0m|[34;1m                -31.00 [0m|[35m          nan [0m|[36;1m              0.000% [0m|[31;1m            64.583% [0m|[32;1m                         -0.00242 [0m|[33m   3.0 [0m|
|[31m      7 [0m|[32m     0 [0m|[33m    -6.00 [0m|[34;1m                -37.00 [0m|[35m          nan [0m|[36;1m              0.000% [0m|[31;1m            66.071% [0m|[32;1m                         -0.00289 [0m|[33m   3.5 [0m|
|[31m      8 [0m|[32m     0 [0m|[33m    -7.00 [0m|[34;1m                -44.00 [0m|[35m          nan [0m|[36;1m              0.000% [0m|[31;1m            68.750% [0m|[32;1m                         -0.00344 [0m|[33m   3.9 [0m|
|[31m      9 [0m|[32m     0 [0m|[33m    -7.00 [0m|[34;1m                -51.00 [0m|[35m          nan [0m|[36;1m              0.000% [0m|[31;1m            70.833% [0m|[32;1m                         -0.00398 [0m|[33m   4.3 [0m|
|[31m     10 [0m|[32m     0 [0m|[33m    -7.00 [0m|[34;1m                -58.00 [0m|[35m          nan [0m|[36;1m              0.000% [0m|[31;1m            72.500% [0m|[32;1m                         -0.00453 [0m|[33m   4.6 [0m|
|[31m     11 [0m|[32m     0 [0m|[33m    -6.00 [0m|[34;1m                -64.00 [0m|[35m          nan [0m|[36;1m              0.000% [0m|[31;1m            72.727% [0m|[32;1m                         -0.00500 [0m|[33m   4.8 [0m|
|[31m     12 [0m|[32m     0 [0m|[33m    -7.00 [0m|[34;1m                -71.00 [0m|[35m          nan [0m|[36;1m              0.000% [0m|[31;1m            73.958% [0m|[32;1m                         -0.00555 [0m|[33m   5.1 [0m|
|[31m     13 [0m|[32m     0 [0m|[33m    -6.00 [0m|[34;1m                -77.00 [0m|[35m          nan [0m|[36;1m              0.000% [0m|[31;1m            74.038% [0m|[32;1m                         -0.00602 [0m|[33m   5.5 [0m|
|[31m     14 [0m|[32m     0 [0m|[33m    -8.00 [0m|[34;1m                -85.00 [0m|[35m          nan [0m|[36;1m              0.000% [0m|[31;1m            75.893% [0m|[32;1m                         -0.00664 [0m|[33m   5.8 [0m|
|[31m     15 [0m|[32m     0 [0m|[33m    -7.00 [0m|[34;1m                -92.00 [0m|[35m          nan [0m|[36;1m              0.000% [0m|[31;1m            76.667% [0m|[32;1m                         -0.00719 [0m|[33m   6.1 [0m|
|[31m     16 [0m|[32m     0 [0m|[33m    -7.00 [0m|[34;1m                -99.00 [0m|[35m          nan [0m|[36;1m              0.000% [0m|[31;1m            77.344% [0m|[32;1m                         -0.00773 [0m|[33m   6.3 [0m|
|[31m     17 [0m|[32m     0 [0m|[33m    -8.00 [0m|[34;1m               -107.00 [0m|[35m          nan [0m|[36;1m              0.000% [0m|[31;1m            78.676% [0m|[32;1m                         -0.00836 [0m|[33m   6.6 [0m|
|[31m     18 [0m|[32m     0 [0m|[33m    -8.00 [0m|[34;1m               -115.00 [0m|[35m          nan [0m|[36;1m              0.000% [0m|[31;1m            79.861% [0m|[32;1m                         -0.00898 [0m|[33m   6.9 [0m|
|[31m     19 [0m|[32m     0 [0m|[33m    -8.00 [0m|[34;1m               -123.00 [0m|[35m          nan [0m|[36;1m              0.000% [0m|[31;1m            80.921% [0m|[32;1m                         -0.00961 [0m|[33m   7.2 [0m|
|[31m     20 [0m|[32m     0 [0m|[33m    -8.00 [0m|[34;1m               -131.00 [0m|[35m          nan [0m|[36;1m              0.000% [0m|[31;1m            81.875% [0m|[32;1m                         -0.01023 [0m|[33m   7.4 [0m|
|[31m     21 [0m|[32m     0 [0m|[33m    -8.00 [0m|[34;1m               -139.00 [0m|[35m          nan [0m|[36;1m              0.000% [0m|[31;1m            82.738% [0m|[32;1m                         -0.01086 [0m|[33m   7.5 [0m|
|[31m     22 [0m|[32m     0 [0m|[33m    -8.00 [0m|[34;1m               -147.00 [0m|[35m          nan [0m|[36;1m              0.000% [0m|[31;1m            83.523% [0m|[32;1m                         -0.01148 [0m|[33m   7.7 [0m|
|[31m     23 [0m|[32m     0 [0m|[33m    -8.00 [0m|[34;1m               -155.00 [0m|[35m          nan [0m|[36;1m              0.000% [0m|[31;1m            84.239% [0m|[32;1m                         -0.01211 [0m|[33m   8.0 [0m|
|[31m     24 [0m|[32m     0 [0m|[33m    -8.00 [0m|[34;1m               -163.00 [0m|[35m          nan [0m|[36;1m              0.000% [0m|[31;1m            84.896% [0m|[32;1m                         -0.01273 [0m|[33m   8.2 [0m|
|[31m     25 [0m|[32m     0 [0m|[33m    -7.00 [0m|[34;1m               -170.00 [0m|[35m          nan [0m|[36;1m              0.000% [0m|[31;1m            85.000% [0m|[32;1m                         -0.01328 [0m|[33m   8.5 [0m|
|[31m     26 [0m|[32m     0 [0m|[33m    -7.00 [0m|[34;1m               -177.00 [0m|[35m          nan [0m|[36;1m              0.000% [0m|[31;1m            85.096% [0m|[32;1m                         -0.01383 [0m|[33m   8.5 [0m|
|[31m     27 [0m|[32m     0 [0m|[33m    -7.00 [0m|[34;1m               -184.00 [0m|[35m          nan [0m|[36;1m              0.000% [0m|[31;1m            85.185% [0m|[32;1m                         -0.01438 [0m|[33m   8.8 [0m|
|[31m     28 [0m|[32m     0 [0m|[33m    -7.00 [0m|[34;1m               -191.00 [0m|[35m          nan [0m|[36;1m              0.000% [0m|[31;1m            85.268% [0m|[32;1m                         -0.01492 [0m|[33m   9.0 [0m|
|[31m     29 [0m|[32m     0 [0m|[33m    -7.00 [0m|[34;1m               -198.00 [0m|[35m          nan [0m|[36;1m              0.000% [0m|[31;1m            85.345% [0m|[32;1m                         -0.01547 [0m|[33m   9.2 [0m|
|[31m     30 [0m|[32m     0 [0m|[33m    -8.00 [0m|[34;1m               -206.00 [0m|[35m          nan [0m|[36;1m              0.000% [0m|[31;1m            85.833% [0m|[32;1m                         -0.01609 [0m|[33m   9.3 [0m|
|[31m     31 [0m|[32m     0 [0m|[33m    -7.00 [0m|[34;1m               -213.00 [0m|[35m          nan [0m|[36;1m              0.000% [0m|[31;1m            85.887% [0m|[32;1m                         -0.01664 [0m|[33m   9.3 [0m|
|[31m     32 [0m|[32m     0 [0m|[33m    -7.00 [0m|[34;1m               -220.00 [0m|[35m          nan [0m|[36;1m              0.000% [0m|[31;1m            85.938% [0m|[32;1m                         -0.01719 [0m|[33m   9.6 [0m|
|[31m     33 [0m|[32m     0 [0m|[33m    -7.00 [0m|[34;1m               -227.00 [0m|[35m          nan [0m|[36;1m              0.000% [0m|[31;1m            85.985% [0m|[32;1m                         -0.01773 [0m|[33m   9.8 [0m|
|[31m     34 [0m|[32m     0 [0m|[33m    -7.00 [0m|[34;1m               -234.00 [0m|[35m          nan [0m|[36;1m              0.000% [0m|[31;1m            86.029% [0m|[32;1m                         -0.01828 [0m|[33m  10.0 [0m|
|[31m     35 [0m|[32m     0 [0m|[33m    -7.00 [0m|[34;1m               -241.00 [0m|[35m          nan [0m|[36;1m              0.000% [0m|[31;1m            86.071% [0m|[32;1m                         -0.01883 [0m|[33m  10.2 [0m|
|[31m     36 [0m|[32m     0 [0m|[33m    -7.00 [0m|[34;1m               -248.00 [0m|[35m          nan [0m|[36;1m              0.000% [0m|[31;1m            86.111% [0m|[32;1m                         -0.01937 [0m|[33m  10.2 [0m|
|[31m     37 [0m|[32m     0 [0m|[33m    -7.00 [0m|[34;1m               -255.00 [0m|[35m          nan [0m|[36;1m              0.000% [0m|[31;1m            86.149% [0m|[32;1m                         -0.01992 [0m|[33m  10.4 [0m|
|[31m     38 [0m|[32m     0 [0m|[33m    -7.00 [0m|[34;1m               -262.00 [0m|[35m          nan [0m|[36;1m              0.000% [0m|[31;1m            86.184% [0m|[32;1m                         -0.02047 [0m|[33m  10.6 [0m|
|[31m     39 [0m|[32m     0 [0m|[33m    -7.00 [0m|[34;1m               -269.00 [0m|[35m          nan [0m|[36;1m              0.000% [0m|[31;1m            86.218% [0m|[32;1m                         -0.02102 [0m|[33m  10.7 [0m|
|[31m     40 [0m|[32m     0 [0m|[33m    -6.00 [0m|[34;1m               -275.00 [0m|[35m          nan [0m|[36;1m              0.000% [0m|[31;1m            85.938% [0m|[32;1m                         -0.02148 [0m|[33m  10.7 [0m|
|[31m     41 [0m|[32m     0 [0m|[33m    -6.00 [0m|[34;1m               -281.00 [0m|[35m          nan [0m|[36;1m              0.000% [0m|[31;1m            85.671% [0m|[32;1m                         -0.02195 [0m|[33m  10.5 [0m|
|[31m     42 [0m|[32m     0 [0m|[33m    -6.00 [0m|[34;1m               -287.00 [0m|[35m          nan [0m|[36;1m              0.000% [0m|[31;1m            85.417% [0m|[32;1m                         -0.02242 [0m|[33m  10.6 [0m|
|[31m     43 [0m|[32m     0 [0m|[33m    -7.00 [0m|[34;1m               -294.00 [0m|[35m          nan [0m|[36;1m              0.000% [0m|[31;1m            85.465% [0m|[32;1m                         -0.02297 [0m|[33m  10.8 [0m|
|[31m     44 [0m|[32m     0 [0m|[33m    -7.00 [0m|[34;1m               -301.00 [0m|[35m          nan [0m|[36;1m              0.000% [0m|[31;1m            85.511% [0m|[32;1m                         -0.02352 [0m|[33m  10.8 [0m|
|[31m     45 [0m|[32m     0 [0m|[33m    -6.00 [0m|[34;1m               -307.00 [0m|[35m          nan [0m|[36;1m              0.000% [0m|[31;1m            85.278% [0m|[32;1m                         -0.02398 [0m|[33m  11.0 [0m|
|[31m     46 [0m|[32m     0 [0m|[33m    -7.00 [0m|[34;1m               -314.00 [0m|[35m          nan [0m|[36;1m              0.000% [0m|[31;1m            85.326% [0m|[32;1m                         -0.02453 [0m|[33m  10.8 [0m|
|[31m     47 [0m|[32m     0 [0m|[33m    -7.00 [0m|[34;1m               -321.00 [0m|[35m          nan [0m|[36;1m              0.000% [0m|[31;1m            85.372% [0m|[32;1m                         -0.02508 [0m|[33m  10.9 [0m|
|[31m     48 [0m|[32m     0 [0m|[33m    -6.00 [0m|[34;1m               -327.00 [0m|[35m          nan [0m|[36;1m              0.000% [0m|[31;1m            85.156% [0m|[32;1m                         -0.02555 [0m|[33m  11.0 [0m|
|[31m     49 [0m|[32m     0 [0m|[33m    -6.00 [0m|[34;1m               -333.00 [0m|[35m          nan [0m|[36;1m              0.000% [0m|[31;1m            84.949% [0m|[32;1m                         -0.02602 [0m|[33m  11.1 [0m|
|[31m     50 [0m|[32m     0 [0m|[33m    -6.00 [0m|[34;1m               -339.00 [0m|[35m          nan [0m|[36;1m              0.000% [0m|[31;1m            84.750% [0m|[32;1m                         -0.02648 [0m|[33m  11.0 [0m|
|[31m     51 [0m|[32m     0 [0m|[33m    -5.00 [0m|[34;1m               -344.00 [0m|[35m          nan [0m|[36;1m              0.000% [0m|[31;1m            84.314% [0m|[32;1m                         -0.02687 [0m|[33m  10.6 [0m|
|[31m     52 [0m|[32m     0 [0m|[33m    -5.00 [0m|[34;1m               -349.00 [0m|[35m          nan [0m|[36;1m              0.000% [0m|[31;1m            83.894% [0m|[32;1m                         -0.02727 [0m|[33m  10.7 [0m|
|[31m     53 [0m|[32m     0 [0m|[33m    -6.00 [0m|[34;1m               -355.00 [0m|[35m          nan [0m|[36;1m              0.000% [0m|[31;1m            83.726% [0m|[32;1m                         -0.02773 [0m|[33m  10.8 [0m|
|[31m     54 [0m|[32m     0 [0m|[33m    -5.00 [0m|[34;1m               -360.00 [0m|[35m          nan [0m|[36;1m              0.000% [0m|[31;1m            83.333% [0m|[32;1m                         -0.02813 [0m|[33m  10.9 [0m|
|[31m     55 [0m|[32m     0 [0m|[33m    -5.00 [0m|[34;1m               -365.00 [0m|[35m          nan [0m|[36;1m              0.000% [0m|[31;1m            82.955% [0m|[32;1m                         -0.02852 [0m|[33m  10.9 [0m|
|[31m     56 [0m|[32m     0 [0m|[33m    -5.00 [0m|[34;1m               -370.00 [0m|[35m          nan [0m|[36;1m              0.000% [0m|[31;1m            82.589% [0m|[32;1m                         -0.02891 [0m|[33m  10.6 [0m|
|[31m     57 [0m|[32m     1 [0m|[33m  +169.00 [0m|[34;1m               -201.00 [0m|[35m         57.0 [0m|[36;1m             74.000% [0m|[31;1m            82.237% [0m|[32;1m                         -0.01570 [0m|[33m  10.7 [0m|
|[31m     58 [0m|[32m     1 [0m|[33m    -5.00 [0m|[34;1m               -206.00 [0m|[35m         58.0 [0m|[36;1m             74.000% [0m|[31;1m            81.897% [0m|[32;1m                         -0.01609 [0m|[33m  10.8 [0m|
|[31m     59 [0m|[32m     1 [0m|[33m    -6.00 [0m|[34;1m               -212.00 [0m|[35m         59.0 [0m|[36;1m             74.000% [0m|[31;1m            81.780% [0m|[32;1m                         -0.01656 [0m|[33m  10.9 [0m|
|[31m     60 [0m|[32m     1 [0m|[33m    -5.00 [0m|[34;1m               -217.00 [0m|[35m         60.0 [0m|[36;1m             74.000% [0m|[31;1m            81.458% [0m|[32;1m                         -0.01695 [0m|[33m  10.9 [0m|
|[31m     61 [0m|[32m     1 [0m|[33m    -5.00 [0m|[34;1m               -222.00 [0m|[35m         61.0 [0m|[36;1m             74.000% [0m|[31;1m            81.148% [0m|[32;1m                         -0.01734 [0m|[33m  10.9 [0m|
|[31m     62 [0m|[32m     1 [0m|[33m    -5.00 [0m|[34;1m               -227.00 [0m|[35m         62.0 [0m|[36;1m             74.000% [0m|[31;1m            80.847% [0m|[32;1m                         -0.01773 [0m|[33m  11.0 [0m|
|[31m     63 [0m|[32m     1 [0m|[33m    -4.00 [0m|[34;1m               -231.00 [0m|[35m         63.0 [0m|[36;1m             74.000% [0m|[31;1m            80.357% [0m|[32;1m                         -0.01805 [0m|[33m  11.1 [0m|
|[31m     64 [0m|[32m     1 [0m|[33m    -4.00 [0m|[34;1m               -235.00 [0m|[35m         64.0 [0m|[36;1m             74.000% [0m|[31;1m            79.883% [0m|[32;1m                         -0.01836 [0m|[33m  11.2 [0m|
|[31m     65 [0m|[32m     1 [0m|[33m    -4.00 [0m|[34;1m               -239.00 [0m|[35m         65.0 [0m|[36;1m             74.000% [0m|[31;1m            79.423% [0m|[32;1m                         -0.01867 [0m|[33m  11.3 [0m|
|[31m     66 [0m|[32m     1 [0m|[33m    -4.00 [0m|[34;1m               -243.00 [0m|[35m         66.0 [0m|[36;1m             74.000% [0m|[31;1m            78.977% [0m|[32;1m                         -0.01898 [0m|[33m  11.3 [0m|
|[31m     67 [0m|[32m     1 [0m|[33m    -4.00 [0m|[34;1m               -247.00 [0m|[35m         67.0 [0m|[36;1m             74.000% [0m|[31;1m            78.545% [0m|[32;1m                         -0.01930 [0m|[33m  11.4 [0m|
|[31m     68 [0m|[32m     1 [0m|[33m    -5.00 [0m|[34;1m               -252.00 [0m|[35m         68.0 [0m|[36;1m             74.000% [0m|[31;1m            78.309% [0m|[32;1m                         -0.01969 [0m|[33m  11.5 [0m|
|[31m     69 [0m|[32m     1 [0m|[33m    -4.00 [0m|[34;1m               -256.00 [0m|[35m         69.0 [0m|[36;1m             74.000% [0m|[31;1m            77.899% [0m|[32;1m                         -0.02000 [0m|[33m  11.6 [0m|
|[31m     70 [0m|[32m     2 [0m|[33m  +150.00 [0m|[34;1m               -106.00 [0m|[35m         35.0 [0m|[36;1m             64.000% [0m|[31;1m            77.500% [0m|[32;1m                         -0.00828 [0m|[33m  11.7 [0m|
|[31m     71 [0m|[32m     2 [0m|[33m    -4.00 [0m|[34;1m               -110.00 [0m|[35m         35.5 [0m|[36;1m             64.000% [0m|[31;1m            77.113% [0m|[32;1m                         -0.00859 [0m|[33m  11.5 [0m|
|[31m     72 [0m|[32m     2 [0m|[33m    -4.00 [0m|[34;1m               -114.00 [0m|[35m         36.0 [0m|[36;1m             64.000% [0m|[31;1m            76.736% [0m|[32;1m                         -0.00891 [0m|[33m  11.6 [0m|
|[31m     73 [0m|[32m     2 [0m|[33m    -4.00 [0m|[34;1m               -118.00 [0m|[35m         36.5 [0m|[36;1m             64.000% [0m|[31;1m            76.370% [0m|[32;1m                         -0.00922 [0m|[33m  11.7 [0m|
|[31m     74 [0m|[32m     2 [0m|[33m    -4.00 [0m|[34;1m               -122.00 [0m|[35m         37.0 [0m|[36;1m             64.000% [0m|[31;1m            76.014% [0m|[32;1m                         -0.00953 [0m|[33m  11.8 [0m|
|[31m     75 [0m|[32m     2 [0m|[33m    -5.00 [0m|[34;1m               -127.00 [0m|[35m         37.5 [0m|[36;1m             64.000% [0m|[31;1m            75.833% [0m|[32;1m                         -0.00992 [0m|[33m  11.9 [0m|
|[31m     76 [0m|[32m     2 [0m|[33m    -5.00 [0m|[34;1m               -132.00 [0m|[35m         38.0 [0m|[36;1m             64.000% [0m|[31;1m            75.658% [0m|[32;1m                         -0.01031 [0m|[33m  11.9 [0m|
|[31m     77 [0m|[32m     2 [0m|[33m    -4.00 [0m|[34;1m               -136.00 [0m|[35m         38.5 [0m|[36;1m             64.000% [0m|[31;1m            75.325% [0m|[32;1m                         -0.01063 [0m|[33m  12.0 [0m|
|[31m     78 [0m|[32m     2 [0m|[33m    -4.00 [0m|[34;1m               -140.00 [0m|[35m         39.0 [0m|[36;1m             64.000% [0m|[31;1m            75.000% [0m|[32;1m                         -0.01094 [0m|[33m  12.1 [0m|
|[31m     79 [0m|[32m     3 [0m|[33m  +150.00 [0m|[34;1m                +10.00 [0m|[35m         26.3 [0m|[36;1m             60.667% [0m|[31;1m            74.684% [0m|[32;1m                         +0.00078 [0m|[33m  12.2 [0m|
|[31m     80 [0m|[32m     3 [0m|[33m    -4.00 [0m|[34;1m                 +6.00 [0m|[35m         26.7 [0m|[36;1m             60.667% [0m|[31;1m            74.375% [0m|[32;1m                         +0.00047 [0m|[33m  12.2 [0m|
|[31m     81 [0m|[32m     3 [0m|[33m    -4.00 [0m|[34;1m                 +2.00 [0m|[35m         27.0 [0m|[36;1m             60.667% [0m|[31;1m            74.074% [0m|[32;1m                         +0.00016 [0m|[33m  12.2 [0m|
|[31m     82 [0m|[32m     3 [0m|[33m    -4.00 [0m|[34;1m                 -2.00 [0m|[35m         27.3 [0m|[36;1m             60.667% [0m|[31;1m            73.780% [0m|[32;1m                         -0.00016 [0m|[33m  12.3 [0m|
|[31m     83 [0m|[32m     3 [0m|[33m    -4.00 [0m|[34;1m                 -6.00 [0m|[35m         27.7 [0m|[36;1m             60.667% [0m|[31;1m            73.494% [0m|[32;1m                         -0.00047 [0m|[33m  12.3 [0m|
|[31m     84 [0m|[32m     3 [0m|[33m    -4.00 [0m|[34;1m                -10.00 [0m|[35m         28.0 [0m|[36;1m             60.667% [0m|[31;1m            73.214% [0m|[32;1m                         -0.00078 [0m|[33m  12.4 [0m|
|[31m     85 [0m|[32m     3 [0m|[33m    -4.00 [0m|[34;1m                -14.00 [0m|[35m         28.3 [0m|[36;1m             60.667% [0m|[31;1m            72.941% [0m|[32;1m                         -0.00109 [0m|[33m  12.5 [0m|
|[31m     86 [0m|[32m     3 [0m|[33m    -5.00 [0m|[34;1m                -19.00 [0m|[35m         28.7 [0m|[36;1m             60.667% [0m|[31;1m            72.820% [0m|[32;1m                         -0.00148 [0m|[33m  12.5 [0m|
|[31m     87 [0m|[32m     3 [0m|[33m    -5.00 [0m|[34;1m                -24.00 [0m|[35m         29.0 [0m|[36;1m             60.667% [0m|[31;1m            72.701% [0m|[32;1m                         -0.00187 [0m|[33m  12.6 [0m|
|[31m     88 [0m|[32m     3 [0m|[33m    -5.00 [0m|[34;1m                -29.00 [0m|[35m         29.3 [0m|[36;1m             60.667% [0m|[31;1m            72.585% [0m|[32;1m                         -0.00227 [0m|[33m  12.7 [0m|
|[31m     89 [0m|[32m     4 [0m|[33m  +137.00 [0m|[34;1m               +108.00 [0m|[35m         22.2 [0m|[36;1m             56.000% [0m|[31;1m            72.472% [0m|[32;1m                         +0.00844 [0m|[33m  12.8 [0m|
|[31m     90 [0m|[32m     4 [0m|[33m    -5.00 [0m|[34;1m               +103.00 [0m|[35m         22.5 [0m|[36;1m             56.000% [0m|[31;1m            72.361% [0m|[32;1m                         +0.00805 [0m|[33m  12.8 [0m|
|[31m     91 [0m|[32m     4 [0m|[33m    -5.00 [0m|[34;1m                +98.00 [0m|[35m         22.8 [0m|[36;1m             56.000% [0m|[31;1m            72.253% [0m|[32;1m                         +0.00766 [0m|[33m  12.8 [0m|
|[31m     92 [0m|[32m     4 [0m|[33m    -5.00 [0m|[34;1m                +93.00 [0m|[35m         23.0 [0m|[36;1m             56.000% [0m|[31;1m            72.147% [0m|[32;1m                         +0.00727 [0m|[33m  12.9 [0m|
|[31m     93 [0m|[32m     4 [0m|[33m    -5.00 [0m|[34;1m                +88.00 [0m|[35m         23.2 [0m|[36;1m             56.000% [0m|[31;1m            72.043% [0m|[32;1m                         +0.00688 [0m|[33m  13.0 [0m|
|[31m     94 [0m|[32m     4 [0m|[33m    -5.00 [0m|[34;1m                +83.00 [0m|[35m         23.5 [0m|[36;1m             56.000% [0m|[31;1m            71.941% [0m|[32;1m                         +0.00648 [0m|[33m  13.1 [0m|
|[31m     95 [0m|[32m     4 [0m|[33m    -5.00 [0m|[34;1m                +78.00 [0m|[35m         23.8 [0m|[36;1m             56.000% [0m|[31;1m            71.842% [0m|[32;1m                         +0.00609 [0m|[33m  13.1 [0m|
|[31m     96 [0m|[32m     4 [0m|[33m    -5.00 [0m|[34;1m                +73.00 [0m|[35m         24.0 [0m|[36;1m             56.000% [0m|[31;1m            71.745% [0m|[32;1m                         +0.00570 [0m|[33m  13.1 [0m|
|[31m     97 [0m|[32m     4 [0m|[33m    -6.00 [0m|[34;1m                +67.00 [0m|[35m         24.2 [0m|[36;1m             56.000% [0m|[31;1m            71.778% [0m|[32;1m                         +0.00523 [0m|[33m  13.2 [0m|
|[31m     98 [0m|[32m     4 [0m|[33m    -5.00 [0m|[34;1m                +62.00 [0m|[35m         24.5 [0m|[36;1m             56.000% [0m|[31;1m            71.684% [0m|[32;1m                         +0.00484 [0m|[33m  13.3 [0m|
|[31m     99 [0m|[32m     4 [0m|[33m    -6.00 [0m|[34;1m                +56.00 [0m|[35m         24.8 [0m|[36;1m             56.000% [0m|[31;1m            71.717% [0m|[32;1m                         +0.00438 [0m|[33m  13.4 [0m|
|[31m    100 [0m|[32m     4 [0m|[33m    -6.00 [0m|[34;1m                +50.00 [0m|[35m         25.0 [0m|[36;1m             56.000% [0m|[31;1m            71.750% [0m|[32;1m                         +0.00391 [0m|[33m  13.4 [0m|
|[31m    101 [0m|[32m     4 [0m|[33m    -6.00 [0m|[34;1m                +44.00 [0m|[35m         25.2 [0m|[36;1m             56.000% [0m|[31;1m            71.782% [0m|[32;1m                         +0.00344 [0m|[33m  13.4 [0m|
|[31m    102 [0m|[32m     4 [0m|[33m    -5.00 [0m|[34;1m                +39.00 [0m|[35m         25.5 [0m|[36;1m             56.000% [0m|[31;1m            71.691% [0m|[32;1m                         +0.00305 [0m|[33m  13.5 [0m|
|[31m    103 [0m|[32m     4 [0m|[33m    -5.00 [0m|[34;1m                +34.00 [0m|[35m         25.8 [0m|[36;1m             56.000% [0m|[31;1m            71.602% [0m|[32;1m                         +0.00266 [0m|[33m  13.5 [0m|
|[31m    104 [0m|[32m     4 [0m|[33m    -5.00 [0m|[34;1m                +29.00 [0m|[35m         26.0 [0m|[36;1m             56.000% [0m|[31;1m            71.514% [0m|[32;1m                         +0.00227 [0m|[33m  13.6 [0m|
|[31m    105 [0m|[32m     4 [0m|[33m    -4.00 [0m|[34;1m                +25.00 [0m|[35m         26.2 [0m|[36;1m             56.000% [0m|[31;1m            71.310% [0m|[32;1m                         +0.00195 [0m|[33m  13.7 [0m|
|[31m    106 [0m|[32m     4 [0m|[33m    -4.00 [0m|[34;1m                +21.00 [0m|[35m         26.5 [0m|[36;1m             56.000% [0m|[31;1m            71.108% [0m|[32;1m                         +0.00164 [0m|[33m  13.6 [0m|
|[31m    107 [0m|[32m     4 [0m|[33m    -5.00 [0m|[34;1m                +16.00 [0m|[35m         26.8 [0m|[36;1m             56.000% [0m|[31;1m            71.028% [0m|[32;1m                         +0.00125 [0m|[33m  13.7 [0m|
|[31m    108 [0m|[32m     4 [0m|[33m    -5.00 [0m|[34;1m                +11.00 [0m|[35m         27.0 [0m|[36;1m             56.000% [0m|[31;1m            70.949% [0m|[32;1m                         +0.00086 [0m|[33m  13.8 [0m|
|[31m    109 [0m|[32m     4 [0m|[33m    -5.00 [0m|[34;1m                 +6.00 [0m|[35m         27.2 [0m|[36;1m             56.000% [0m|[31;1m            70.872% [0m|[32;1m                         +0.00047 [0m|[33m  13.9 [0m|
|[31m    110 [0m|[32m     4 [0m|[33m    -4.00 [0m|[34;1m                 +2.00 [0m|[35m         27.5 [0m|[36;1m             56.000% [0m|[31;1m            70.682% [0m|[32;1m                         +0.00016 [0m|[33m  13.9 [0m|
|[31m    111 [0m|[32m     4 [0m|[33m    -4.00 [0m|[34;1m                 -2.00 [0m|[35m         27.8 [0m|[36;1m             56.000% [0m|[31;1m            70.495% [0m|[32;1m                         -0.00016 [0m|[33m  13.9 [0m|
|[31m    112 [0m|[32m     4 [0m|[33m    -4.00 [0m|[34;1m                 -6.00 [0m|[35m         28.0 [0m|[36;1m             56.000% [0m|[31;1m            70.312% [0m|[32;1m                         -0.00047 [0m|[33m  13.9 [0m|
|[31m    113 [0m|[32m     4 [0m|[33m    -5.00 [0m|[34;1m                -11.00 [0m|[35m         28.2 [0m|[36;1m             56.000% [0m|[31;1m            70.243% [0m|[32;1m                         -0.00086 [0m|[33m  14.0 [0m|
|[31m    114 [0m|[32m     4 [0m|[33m    -5.00 [0m|[34;1m                -16.00 [0m|[35m         28.5 [0m|[36;1m             56.000% [0m|[31;1m            70.175% [0m|[32;1m                         -0.00125 [0m|[33m  14.1 [0m|
|[31m    115 [0m|[32m     4 [0m|[33m    -5.00 [0m|[34;1m                -21.00 [0m|[35m         28.8 [0m|[36;1m             56.000% [0m|[31;1m            70.109% [0m|[32;1m                         -0.00164 [0m|[33m  14.2 [0m|
|[31m    116 [0m|[32m     4 [0m|[33m    -5.00 [0m|[34;1m                -26.00 [0m|[35m         29.0 [0m|[36;1m             56.000% [0m|[31;1m            70.043% [0m|[32;1m                         -0.00203 [0m|[33m  14.1 [0m|
|[31m    117 [0m|[32m     4 [0m|[33m    -5.00 [0m|[34;1m                -31.00 [0m|[35m         29.2 [0m|[36;1m             56.000% [0m|[31;1m            69.979% [0m|[32;1m                         -0.00242 [0m|[33m  14.2 [0m|
|[31m    118 [0m|[32m     4 [0m|[33m    -5.00 [0m|[34;1m                -36.00 [0m|[35m         29.5 [0m|[36;1m             56.000% [0m|[31;1m            69.915% [0m|[32;1m                         -0.00281 [0m|[33m  14.3 [0m|
|[31m    119 [0m|[32m     4 [0m|[33m    -5.00 [0m|[34;1m                -41.00 [0m|[35m         29.8 [0m|[36;1m             56.000% [0m|[31;1m            69.853% [0m|[32;1m                         -0.00320 [0m|[33m  14.3 [0m|
|[31m    120 [0m|[32m     4 [0m|[33m    -4.00 [0m|[34;1m                -45.00 [0m|[35m         30.0 [0m|[36;1m             56.000% [0m|[31;1m            69.688% [0m|[32;1m                         -0.00352 [0m|[33m  14.3 [0m|
|[31m    121 [0m|[32m     4 [0m|[33m    -4.00 [0m|[34;1m                -49.00 [0m|[35m         30.2 [0m|[36;1m             56.000% [0m|[31;1m            69.525% [0m|[32;1m                         -0.00383 [0m|[33m  14.3 [0m|
|[31m    122 [0m|[32m     4 [0m|[33m    -4.00 [0m|[34;1m                -53.00 [0m|[35m         30.5 [0m|[36;1m             56.000% [0m|[31;1m            69.365% [0m|[32;1m                         -0.00414 [0m|[33m  14.4 [0m|
|[31m    123 [0m|[32m     4 [0m|[33m    -4.00 [0m|[34;1m                -57.00 [0m|[35m         30.8 [0m|[36;1m             56.000% [0m|[31;1m            69.207% [0m|[32;1m                         -0.00445 [0m|[33m  14.4 [0m|
|[31m    124 [0m|[32m     4 [0m|[33m    -4.00 [0m|[34;1m                -61.00 [0m|[35m         31.0 [0m|[36;1m             56.000% [0m|[31;1m            69.052% [0m|[32;1m                         -0.00477 [0m|[33m  14.5 [0m|
|[31m    125 [0m|[32m     4 [0m|[33m    -4.00 [0m|[34;1m                -65.00 [0m|[35m         31.2 [0m|[36;1m             56.000% [0m|[31;1m            68.900% [0m|[32;1m                         -0.00508 [0m|[33m  14.6 [0m|
|[31m    126 [0m|[32m     4 [0m|[33m    -4.00 [0m|[34;1m                -69.00 [0m|[35m         31.5 [0m|[36;1m             56.000% [0m|[31;1m            68.750% [0m|[32;1m                         -0.00539 [0m|[33m  14.4 [0m|
|[31m    127 [0m|[32m     4 [0m|[33m    -4.00 [0m|[34;1m                -73.00 [0m|[35m         31.8 [0m|[36;1m             56.000% [0m|[31;1m            68.602% [0m|[32;1m                         -0.00570 [0m|[33m  14.5 [0m|
|[31m    128 [0m|[32m     4 [0m|[33m    -4.00 [0m|[34;1m                -77.00 [0m|[35m         32.0 [0m|[36;1m             56.000% [0m|[31;1m            68.457% [0m|[32;1m                         -0.00602 [0m|[33m  14.5 [0m|
|[31m    129 [0m|[32m     4 [0m|[33m    -4.00 [0m|[34;1m                -81.00 [0m|[35m         32.2 [0m|[36;1m             56.000% [0m|[31;1m            68.314% [0m|[32;1m                         -0.00633 [0m|[33m  14.6 [0m|
|[31m    130 [0m|[32m     4 [0m|[33m    -4.00 [0m|[34;1m                -85.00 [0m|[35m         32.5 [0m|[36;1m             56.000% [0m|[31;1m            68.173% [0m|[32;1m                         -0.00664 [0m|[33m  14.6 [0m|
|[31m    131 [0m|[32m     4 [0m|[33m    -4.00 [0m|[34;1m                -89.00 [0m|[35m         32.8 [0m|[36;1m             56.000% [0m|[31;1m            68.034% [0m|[32;1m                         -0.00695 [0m|[33m  14.6 [0m|
|[31m    132 [0m|[32m     4 [0m|[33m    -4.00 [0m|[34;1m                -93.00 [0m|[35m         33.0 [0m|[36;1m             56.000% [0m|[31;1m            67.898% [0m|[32;1m                         -0.00727 [0m|[33m  14.6 [0m|
|[31m    133 [0m|[32m     4 [0m|[33m    -5.00 [0m|[34;1m                -98.00 [0m|[35m         33.2 [0m|[36;1m             56.000% [0m|[31;1m            67.857% [0m|[32;1m                         -0.00766 [0m|[33m  14.7 [0m|
|[31m    134 [0m|[32m     4 [0m|[33m    -5.00 [0m|[34;1m               -103.00 [0m|[35m         33.5 [0m|[36;1m             56.000% [0m|[31;1m            67.817% [0m|[32;1m                         -0.00805 [0m|[33m  14.8 [0m|
|[31m    135 [0m|[32m     4 [0m|[33m    -5.00 [0m|[34;1m               -108.00 [0m|[35m         33.8 [0m|[36;1m             56.000% [0m|[31;1m            67.778% [0m|[32;1m                         -0.00844 [0m|[33m  14.8 [0m|
|[31m    136 [0m|[32m     6 [0m|[33m  +294.00 [0m|[34;1m               +186.00 [0m|[35m         22.7 [0m|[36;1m             53.833% [0m|[31;1m            67.739% [0m|[32;1m                         +0.01453 [0m|[33m  14.8 [0m|
|[31m    137 [0m|[32m     8 [0m|[33m  +302.00 [0m|[34;1m               +488.00 [0m|[35m         17.1 [0m|[36;1m             53.750% [0m|[31;1m            67.701% [0m|[32;1m                         +0.03812 [0m|[33m  14.9 [0m|
|[31m    138 [0m|[32m     8 [0m|[33m    -4.00 [0m|[34;1m               +484.00 [0m|[35m         17.2 [0m|[36;1m             53.750% [0m|[31;1m            67.572% [0m|[32;1m                         +0.03781 [0m|[33m  14.9 [0m|
|[31m    139 [0m|[32m     8 [0m|[33m    -5.00 [0m|[34;1m               +479.00 [0m|[35m         17.4 [0m|[36;1m             53.750% [0m|[31;1m            67.536% [0m|[32;1m                         +0.03742 [0m|[33m  15.0 [0m|
|[31m    140 [0m|[32m     8 [0m|[33m    -5.00 [0m|[34;1m               +474.00 [0m|[35m         17.5 [0m|[36;1m             53.750% [0m|[31;1m            67.500% [0m|[32;1m                         +0.03703 [0m|[33m  14.9 [0m|
|[31m    141 [0m|[32m     8 [0m|[33m    -5.00 [0m|[34;1m               +469.00 [0m|[35m         17.6 [0m|[36;1m             53.750% [0m|[31;1m            67.465% [0m|[32;1m                         +0.03664 [0m|[33m  14.8 [0m|
|[31m    142 [0m|[32m     8 [0m|[33m    -5.00 [0m|[34;1m               +464.00 [0m|[35m         17.8 [0m|[36;1m             53.750% [0m|[31;1m            67.430% [0m|[32;1m                         +0.03625 [0m|[33m  14.8 [0m|
|[31m    143 [0m|[32m     8 [0m|[33m    -5.00 [0m|[34;1m               +459.00 [0m|[35m         17.9 [0m|[36;1m             53.750% [0m|[31;1m            67.395% [0m|[32;1m                         +0.03586 [0m|[33m  14.9 [0m|
|[31m    144 [0m|[32m     8 [0m|[33m    -5.00 [0m|[34;1m               +454.00 [0m|[35m         18.0 [0m|[36;1m             53.750% [0m|[31;1m            67.361% [0m|[32;1m                         +0.03547 [0m|[33m  14.9 [0m|
|[31m    145 [0m|[32m     8 [0m|[33m    -5.00 [0m|[34;1m               +449.00 [0m|[35m         18.1 [0m|[36;1m             53.750% [0m|[31;1m            67.328% [0m|[32;1m                         +0.03508 [0m|[33m  15.0 [0m|
|[31m    146 [0m|[32m     8 [0m|[33m    -5.00 [0m|[34;1m               +444.00 [0m|[35m         18.2 [0m|[36;1m             53.750% [0m|[31;1m            67.295% [0m|[32;1m                         +0.03469 [0m|[33m  14.9 [0m|
|[31m    147 [0m|[32m     8 [0m|[33m    -5.00 [0m|[34;1m               +439.00 [0m|[35m         18.4 [0m|[36;1m             53.750% [0m|[31;1m            67.262% [0m|[32;1m                         +0.03430 [0m|[33m  14.9 [0m|
|[31m    148 [0m|[32m     8 [0m|[33m    -5.00 [0m|[34;1m               +434.00 [0m|[35m         18.5 [0m|[36;1m             53.750% [0m|[31;1m            67.230% [0m|[32;1m                         +0.03391 [0m|[33m  15.0 [0m|
|[31m    149 [0m|[32m     8 [0m|[33m    -4.00 [0m|[34;1m               +430.00 [0m|[35m         18.6 [0m|[36;1m             53.750% [0m|[31;1m            67.114% [0m|[32;1m                         +0.03359 [0m|[33m  15.0 [0m|
|[31m    150 [0m|[32m     8 [0m|[33m    -2.00 [0m|[34;1m               +428.00 [0m|[35m         18.8 [0m|[36;1m             53.750% [0m|[31;1m            66.833% [0m|[32;1m                         +0.03344 [0m|[33m  15.0 [0m|
|[31m    151 [0m|[32m     8 [0m|[33m    -2.00 [0m|[34;1m               +426.00 [0m|[35m         18.9 [0m|[36;1m             53.750% [0m|[31;1m            66.556% [0m|[32;1m                         +0.03328 [0m|[33m  14.8 [0m|
|[31m    152 [0m|[32m     8 [0m|[33m    -2.00 [0m|[34;1m               +424.00 [0m|[35m         19.0 [0m|[36;1m             53.750% [0m|[31;1m            66.283% [0m|[32;1m                         +0.03313 [0m|[33m  14.9 [0m|
|[31m    153 [0m|[32m     8 [0m|[33m    -3.00 [0m|[34;1m               +421.00 [0m|[35m         19.1 [0m|[36;1m             53.750% [0m|[31;1m            66.095% [0m|[32;1m                         +0.03289 [0m|[33m  14.9 [0m|
|[31m    154 [0m|[32m     8 [0m|[33m    -3.00 [0m|[34;1m               +418.00 [0m|[35m         19.2 [0m|[36;1m             53.750% [0m|[31;1m            65.909% [0m|[32;1m                         +0.03266 [0m|[33m  15.0 [0m|
|[31m    155 [0m|[32m     8 [0m|[33m    -3.00 [0m|[34;1m               +415.00 [0m|[35m         19.4 [0m|[36;1m             53.750% [0m|[31;1m            65.726% [0m|[32;1m                         +0.03242 [0m|[33m  15.0 [0m|
|[31m    156 [0m|[32m     8 [0m|[33m    -3.00 [0m|[34;1m               +412.00 [0m|[35m         19.5 [0m|[36;1m             53.750% [0m|[31;1m            65.545% [0m|[32;1m                         +0.03219 [0m|[33m  15.0 [0m|
|[31m    157 [0m|[32m     8 [0m|[33m    -3.00 [0m|[34;1m               +409.00 [0m|[35m         19.6 [0m|[36;1m             53.750% [0m|[31;1m            65.366% [0m|[32;1m                         +0.03195 [0m|[33m  15.0 [0m|
|[31m    158 [0m|[32m     8 [0m|[33m    -4.00 [0m|[34;1m               +405.00 [0m|[35m         19.8 [0m|[36;1m             53.750% [0m|[31;1m            65.269% [0m|[32;1m                         +0.03164 [0m|[33m  15.1 [0m|
|[31m    159 [0m|[32m     8 [0m|[33m    -4.00 [0m|[34;1m               +401.00 [0m|[35m         19.9 [0m|[36;1m             53.750% [0m|[31;1m            65.173% [0m|[32;1m                         +0.03133 [0m|[33m  15.1 [0m|
|[31m    160 [0m|[32m     8 [0m|[33m    -3.00 [0m|[34;1m               +398.00 [0m|[35m         20.0 [0m|[36;1m             53.750% [0m|[31;1m            65.000% [0m|[32;1m                         +0.03109 [0m|[33m  15.1 [0m|
|[31m    161 [0m|[32m     8 [0m|[33m    -4.00 [0m|[34;1m               +394.00 [0m|[35m         20.1 [0m|[36;1m             53.750% [0m|[31;1m            64.907% [0m|[32;1m                         +0.03078 [0m|[33m  15.0 [0m|
|[31m    162 [0m|[32m     8 [0m|[33m    -4.00 [0m|[34;1m               +390.00 [0m|[35m         20.2 [0m|[36;1m             53.750% [0m|[31;1m            64.815% [0m|[32;1m                         +0.03047 [0m|[33m  15.0 [0m|
|[31m    163 [0m|[32m     8 [0m|[33m    -4.00 [0m|[34;1m               +386.00 [0m|[35m         20.4 [0m|[36;1m             53.750% [0m|[31;1m            64.724% [0m|[32;1m                         +0.03016 [0m|[33m  15.0 [0m|
|[31m    164 [0m|[32m     8 [0m|[33m    -4.00 [0m|[34;1m               +382.00 [0m|[35m         20.5 [0m|[36;1m             53.750% [0m|[31;1m            64.634% [0m|[32;1m                         +0.02984 [0m|[33m  15.1 [0m|
|[31m    165 [0m|[32m     8 [0m|[33m    -4.00 [0m|[34;1m               +378.00 [0m|[35m         20.6 [0m|[36;1m             53.750% [0m|[31;1m            64.545% [0m|[32;1m                         +0.02953 [0m|[33m  15.1 [0m|
|[31m    166 [0m|[32m     8 [0m|[33m    -4.00 [0m|[34;1m               +374.00 [0m|[35m         20.8 [0m|[36;1m             53.750% [0m|[31;1m            64.458% [0m|[32;1m                         +0.02922 [0m|[33m  15.1 [0m|
|[31m    167 [0m|[32m     8 [0m|[33m    -4.00 [0m|[34;1m               +370.00 [0m|[35m         20.9 [0m|[36;1m             53.750% [0m|[31;1m            64.371% [0m|[32;1m                         +0.02891 [0m|[33m  15.2 [0m|
|[31m    168 [0m|[32m    10 [0m|[33m  +229.00 [0m|[34;1m               +599.00 [0m|[35m         16.8 [0m|[36;1m             46.300% [0m|[31;1m            64.286% [0m|[32;1m                         +0.04680 [0m|[33m  15.2 [0m|
|[31m    169 [0m|[32m    10 [0m|[33m    -4.00 [0m|[34;1m               +595.00 [0m|[35m         16.9 [0m|[36;1m             46.300% [0m|[31;1m            64.201% [0m|[32;1m                         +0.04648 [0m|[33m  15.2 [0m|
|[31m    170 [0m|[32m    10 [0m|[33m    -3.00 [0m|[34;1m               +592.00 [0m|[35m         17.0 [0m|[36;1m             46.300% [0m|[31;1m            64.044% [0m|[32;1m                         +0.04625 [0m|[33m  15.2 [0m|
|[31m    171 [0m|[32m    10 [0m|[33m    -4.00 [0m|[34;1m               +588.00 [0m|[35m         17.1 [0m|[36;1m             46.300% [0m|[31;1m            63.962% [0m|[32;1m                         +0.04594 [0m|[33m  15.2 [0m|
|[31m    172 [0m|[32m    10 [0m|[33m    -4.00 [0m|[34;1m               +584.00 [0m|[35m         17.2 [0m|[36;1m             46.300% [0m|[31;1m            63.881% [0m|[32;1m                         +0.04562 [0m|[33m  15.3 [0m|
|[31m    173 [0m|[32m    10 [0m|[33m    -4.00 [0m|[34;1m               +580.00 [0m|[35m         17.3 [0m|[36;1m             46.300% [0m|[31;1m            63.801% [0m|[32;1m                         +0.04531 [0m|[33m  15.3 [0m|
|[31m    174 [0m|[32m    10 [0m|[33m    -4.00 [0m|[34;1m               +576.00 [0m|[35m         17.4 [0m|[36;1m             46.300% [0m|[31;1m            63.721% [0m|[32;1m                         +0.04500 [0m|[33m  15.3 [0m|
|[31m    175 [0m|[32m    10 [0m|[33m    -4.00 [0m|[34;1m               +572.00 [0m|[35m         17.5 [0m|[36;1m             46.300% [0m|[31;1m            63.643% [0m|[32;1m                         +0.04469 [0m|[33m  15.4 [0m|
|[31m    176 [0m|[32m    10 [0m|[33m    -4.00 [0m|[34;1m               +568.00 [0m|[35m         17.6 [0m|[36;1m             46.300% [0m|[31;1m            63.565% [0m|[32;1m                         +0.04437 [0m|[33m  15.3 [0m|
|[31m    177 [0m|[32m    10 [0m|[33m    -4.00 [0m|[34;1m               +564.00 [0m|[35m         17.7 [0m|[36;1m             46.300% [0m|[31;1m            63.489% [0m|[32;1m                         +0.04406 [0m|[33m  15.3 [0m|
|[31m    178 [0m|[32m    10 [0m|[33m    -4.00 [0m|[34;1m               +560.00 [0m|[35m         17.8 [0m|[36;1m             46.300% [0m|[31;1m            63.413% [0m|[32;1m                         +0.04375 [0m|[33m  15.4 [0m|
|[31m    179 [0m|[32m    10 [0m|[33m    -4.00 [0m|[34;1m               +556.00 [0m|[35m         17.9 [0m|[36;1m             46.300% [0m|[31;1m            63.338% [0m|[32;1m                         +0.04344 [0m|[33m  15.4 [0m|
|[31m    180 [0m|[32m    10 [0m|[33m    -5.00 [0m|[34;1m               +551.00 [0m|[35m         18.0 [0m|[36;1m             46.300% [0m|[31;1m            63.333% [0m|[32;1m                         +0.04305 [0m|[33m  15.4 [0m|
|[31m    181 [0m|[32m    10 [0m|[33m    -5.00 [0m|[34;1m               +546.00 [0m|[35m         18.1 [0m|[36;1m             46.300% [0m|[31;1m            63.329% [0m|[32;1m                         +0.04266 [0m|[33m  15.4 [0m|
|[31m    182 [0m|[32m    10 [0m|[33m    -5.00 [0m|[34;1m               +541.00 [0m|[35m         18.2 [0m|[36;1m             46.300% [0m|[31;1m            63.324% [0m|[32;1m                         +0.04227 [0m|[33m  15.4 [0m|
|[31m    183 [0m|[32m    10 [0m|[33m    -5.00 [0m|[34;1m               +536.00 [0m|[35m         18.3 [0m|[36;1m             46.300% [0m|[31;1m            63.320% [0m|[32;1m                         +0.04188 [0m|[33m  15.5 [0m|
|[31m    184 [0m|[32m    10 [0m|[33m    -5.00 [0m|[34;1m               +531.00 [0m|[35m         18.4 [0m|[36;1m             46.300% [0m|[31;1m            63.315% [0m|[32;1m                         +0.04148 [0m|[33m  15.5 [0m|
|[31m    185 [0m|[32m    11 [0m|[33m  +170.00 [0m|[34;1m               +701.00 [0m|[35m         16.8 [0m|[36;1m             48.909% [0m|[31;1m            63.311% [0m|[32;1m                         +0.05477 [0m|[33m  15.5 [0m|
|[31m    186 [0m|[32m    12 [0m|[33m  +147.00 [0m|[34;1m               +848.00 [0m|[35m         15.5 [0m|[36;1m             49.167% [0m|[31;1m            63.306% [0m|[32;1m                         +0.06625 [0m|[33m  15.5 [0m|
|[31m    187 [0m|[32m    12 [0m|[33m    -4.00 [0m|[34;1m               +844.00 [0m|[35m         15.6 [0m|[36;1m             49.167% [0m|[31;1m            63.235% [0m|[32;1m                         +0.06594 [0m|[33m  15.5 [0m|
|[31m    188 [0m|[32m    12 [0m|[33m    -4.00 [0m|[34;1m               +840.00 [0m|[35m         15.7 [0m|[36;1m             49.167% [0m|[31;1m            63.165% [0m|[32;1m                         +0.06563 [0m|[33m  15.6 [0m|
|[31m    189 [0m|[32m    12 [0m|[33m    -4.00 [0m|[34;1m               +836.00 [0m|[35m         15.8 [0m|[36;1m             49.167% [0m|[31;1m            63.095% [0m|[32;1m                         +0.06531 [0m|[33m  15.6 [0m|
|[31m    190 [0m|[32m    12 [0m|[33m    -5.00 [0m|[34;1m               +831.00 [0m|[35m         15.8 [0m|[36;1m             49.167% [0m|[31;1m            63.092% [0m|[32;1m                         +0.06492 [0m|[33m  15.6 [0m|
|[31m    191 [0m|[32m    12 [0m|[33m    -5.00 [0m|[34;1m               +826.00 [0m|[35m         15.9 [0m|[36;1m             49.167% [0m|[31;1m            63.089% [0m|[32;1m                         +0.06453 [0m|[33m  15.4 [0m|
|[31m    192 [0m|[32m    12 [0m|[33m    -5.00 [0m|[34;1m               +821.00 [0m|[35m         16.0 [0m|[36;1m             49.167% [0m|[31;1m            63.086% [0m|[32;1m                         +0.06414 [0m|[33m  15.4 [0m|
|[31m    193 [0m|[32m    12 [0m|[33m    -5.00 [0m|[34;1m               +816.00 [0m|[35m         16.1 [0m|[36;1m             49.167% [0m|[31;1m            63.083% [0m|[32;1m                         +0.06375 [0m|[33m  15.4 [0m|
|[31m    194 [0m|[32m    12 [0m|[33m    -5.00 [0m|[34;1m               +811.00 [0m|[35m         16.2 [0m|[36;1m             49.167% [0m|[31;1m            63.080% [0m|[32;1m                         +0.06336 [0m|[33m  15.5 [0m|
|[31m    195 [0m|[32m    12 [0m|[33m    -5.00 [0m|[34;1m               +806.00 [0m|[35m         16.2 [0m|[36;1m             49.167% [0m|[31;1m            63.077% [0m|[32;1m                         +0.06297 [0m|[33m  15.5 [0m|
|[31m    196 [0m|[32m    12 [0m|[33m    -5.00 [0m|[34;1m               +801.00 [0m|[35m         16.3 [0m|[36;1m             49.167% [0m|[31;1m            63.074% [0m|[32;1m                         +0.06258 [0m|[33m  15.4 [0m|
|[31m    197 [0m|[32m    12 [0m|[33m    -6.00 [0m|[34;1m               +795.00 [0m|[35m         16.4 [0m|[36;1m             49.167% [0m|[31;1m            63.135% [0m|[32;1m                         +0.06211 [0m|[33m  15.5 [0m|
|[31m    198 [0m|[32m    12 [0m|[33m    -6.00 [0m|[34;1m               +789.00 [0m|[35m         16.5 [0m|[36;1m             49.167% [0m|[31;1m            63.194% [0m|[32;1m                         +0.06164 [0m|[33m  15.5 [0m|
|[31m    199 [0m|[32m    12 [0m|[33m    -6.00 [0m|[34;1m               +783.00 [0m|[35m         16.6 [0m|[36;1m             49.167% [0m|[31;1m            63.254% [0m|[32;1m                         +0.06117 [0m|[33m  15.5 [0m|
|[31m    200 [0m|[32m    12 [0m|[33m    -6.00 [0m|[34;1m               +777.00 [0m|[35m         16.7 [0m|[36;1m             49.167% [0m|[31;1m            63.313% [0m|[32;1m                         +0.06070 [0m|[33m  15.5 [0m|
|[31m    201 [0m|[32m    12 [0m|[33m    -6.00 [0m|[34;1m               +771.00 [0m|[35m         16.8 [0m|[36;1m             49.167% [0m|[31;1m            63.371% [0m|[32;1m                         +0.06023 [0m|[33m  15.4 [0m|
|[31m    202 [0m|[32m    12 [0m|[33m    -6.00 [0m|[34;1m               +765.00 [0m|[35m         16.8 [0m|[36;1m             49.167% [0m|[31;1m            63.428% [0m|[32;1m                         +0.05977 [0m|[33m  15.4 [0m|
|[31m    203 [0m|[32m    12 [0m|[33m    -6.00 [0m|[34;1m               +759.00 [0m|[35m         16.9 [0m|[36;1m             49.167% [0m|[31;1m            63.485% [0m|[32;1m                         +0.05930 [0m|[33m  15.4 [0m|
|[31m    204 [0m|[32m    13 [0m|[33m   +94.00 [0m|[34;1m               +853.00 [0m|[35m         15.7 [0m|[36;1m             45.385% [0m|[31;1m            63.542% [0m|[32;1m                         +0.06664 [0m|[33m  15.5 [0m|
|[31m    205 [0m|[32m    13 [0m|[33m    -6.00 [0m|[34;1m               +847.00 [0m|[35m         15.8 [0m|[36;1m             45.385% [0m|[31;1m            63.598% [0m|[32;1m                         +0.06617 [0m|[33m  15.5 [0m|
|[31m    206 [0m|[32m    13 [0m|[33m    -6.00 [0m|[34;1m               +841.00 [0m|[35m         15.8 [0m|[36;1m             45.385% [0m|[31;1m            63.653% [0m|[32;1m                         +0.06570 [0m|[33m  15.4 [0m|
|[31m    207 [0m|[32m    15 [0m|[33m  +250.00 [0m|[34;1m              +1091.00 [0m|[35m         13.8 [0m|[36;1m             43.067% [0m|[31;1m            63.708% [0m|[32;1m                         +0.08523 [0m|[33m  15.4 [0m|
|[31m    208 [0m|[32m    15 [0m|[33m    -6.00 [0m|[34;1m              +1085.00 [0m|[35m         13.9 [0m|[36;1m             43.067% [0m|[31;1m            63.762% [0m|[32;1m                         +0.08477 [0m|[33m  15.5 [0m|
|[31m    209 [0m|[32m    15 [0m|[33m    -7.00 [0m|[34;1m              +1078.00 [0m|[35m         13.9 [0m|[36;1m             43.067% [0m|[31;1m            63.876% [0m|[32;1m                         +0.08422 [0m|[33m  15.5 [0m|
|[31m    210 [0m|[32m    15 [0m|[33m    -7.00 [0m|[34;1m              +1071.00 [0m|[35m         14.0 [0m|[36;1m             43.067% [0m|[31;1m            63.988% [0m|[32;1m                         +0.08367 [0m|[33m  15.5 [0m|
|[31m    211 [0m|[32m    16 [0m|[33m   +99.00 [0m|[34;1m              +1170.00 [0m|[35m         13.2 [0m|[36;1m             40.750% [0m|[31;1m            64.100% [0m|[32;1m                         +0.09141 [0m|[33m  15.4 [0m|
|[31m    212 [0m|[32m    16 [0m|[33m    -7.00 [0m|[34;1m              +1163.00 [0m|[35m         13.2 [0m|[36;1m             40.750% [0m|[31;1m            64.210% [0m|[32;1m                         +0.09086 [0m|[33m  15.5 [0m|
|[31m    213 [0m|[32m    16 [0m|[33m    -7.00 [0m|[34;1m              +1156.00 [0m|[35m         13.3 [0m|[36;1m             40.750% [0m|[31;1m            64.319% [0m|[32;1m                         +0.09031 [0m|[33m  15.5 [0m|
|[31m    214 [0m|[32m    16 [0m|[33m    -7.00 [0m|[34;1m              +1149.00 [0m|[35m         13.4 [0m|[36;1m             40.750% [0m|[31;1m            64.428% [0m|[32;1m                         +0.08977 [0m|[33m  15.6 [0m|
|[31m    215 [0m|[32m    16 [0m|[33m    -6.00 [0m|[34;1m              +1143.00 [0m|[35m         13.4 [0m|[36;1m             40.750% [0m|[31;1m            64.477% [0m|[32;1m                         +0.08930 [0m|[33m  15.6 [0m|
|[31m    216 [0m|[32m    16 [0m|[33m    -6.00 [0m|[34;1m              +1137.00 [0m|[35m         13.5 [0m|[36;1m             40.750% [0m|[31;1m            64.525% [0m|[32;1m                         +0.08883 [0m|[33m  15.5 [0m|
|[31m    217 [0m|[32m    16 [0m|[33m    -7.00 [0m|[34;1m              +1130.00 [0m|[35m         13.6 [0m|[36;1m             40.750% [0m|[31;1m            64.631% [0m|[32;1m                         +0.08828 [0m|[33m  15.6 [0m|
|[31m    218 [0m|[32m    16 [0m|[33m    -7.00 [0m|[34;1m              +1123.00 [0m|[35m         13.6 [0m|[36;1m             40.750% [0m|[31;1m            64.736% [0m|[32;1m                         +0.08773 [0m|[33m  15.6 [0m|
|[31m    219 [0m|[32m    16 [0m|[33m    -6.00 [0m|[34;1m              +1117.00 [0m|[35m         13.7 [0m|[36;1m             40.750% [0m|[31;1m            64.783% [0m|[32;1m                         +0.08727 [0m|[33m  15.7 [0m|
|[31m    220 [0m|[32m    16 [0m|[33m    -6.00 [0m|[34;1m              +1111.00 [0m|[35m         13.8 [0m|[36;1m             40.750% [0m|[31;1m            64.830% [0m|[32;1m                         +0.08680 [0m|[33m  15.6 [0m|
|[31m    221 [0m|[32m    16 [0m|[33m    -6.00 [0m|[34;1m              +1105.00 [0m|[35m         13.8 [0m|[36;1m             40.750% [0m|[31;1m            64.876% [0m|[32;1m                         +0.08633 [0m|[33m  15.6 [0m|
|[31m    222 [0m|[32m    16 [0m|[33m    -6.00 [0m|[34;1m              +1099.00 [0m|[35m         13.9 [0m|[36;1m             40.750% [0m|[31;1m            64.921% [0m|[32;1m                         +0.08586 [0m|[33m  15.6 [0m|
|[31m    223 [0m|[32m    16 [0m|[33m    -7.00 [0m|[34;1m              +1092.00 [0m|[35m         13.9 [0m|[36;1m             40.750% [0m|[31;1m            65.022% [0m|[32;1m                         +0.08531 [0m|[33m  15.7 [0m|
|[31m    224 [0m|[32m    16 [0m|[33m    -7.00 [0m|[34;1m              +1085.00 [0m|[35m         14.0 [0m|[36;1m             40.750% [0m|[31;1m            65.123% [0m|[32;1m                         +0.08477 [0m|[33m  15.7 [0m|
|[31m    225 [0m|[32m    16 [0m|[33m    -5.00 [0m|[34;1m              +1080.00 [0m|[35m         14.1 [0m|[36;1m             40.750% [0m|[31;1m            65.111% [0m|[32;1m                         +0.08438 [0m|[33m  15.8 [0m|
|[31m    226 [0m|[32m    16 [0m|[33m    -7.00 [0m|[34;1m              +1073.00 [0m|[35m         14.1 [0m|[36;1m             40.750% [0m|[31;1m            65.210% [0m|[32;1m                         +0.08383 [0m|[33m  15.7 [0m|
|[31m    227 [0m|[32m    16 [0m|[33m    -6.00 [0m|[34;1m              +1067.00 [0m|[35m         14.2 [0m|[36;1m             40.750% [0m|[31;1m            65.253% [0m|[32;1m                         +0.08336 [0m|[33m  15.7 [0m|
|[31m    228 [0m|[32m    16 [0m|[33m    -6.00 [0m|[34;1m              +1061.00 [0m|[35m         14.2 [0m|[36;1m             40.750% [0m|[31;1m            65.296% [0m|[32;1m                         +0.08289 [0m|[33m  15.8 [0m|
|[31m    229 [0m|[32m    16 [0m|[33m    -5.00 [0m|[34;1m              +1056.00 [0m|[35m         14.3 [0m|[36;1m             40.750% [0m|[31;1m            65.284% [0m|[32;1m                         +0.08250 [0m|[33m  15.8 [0m|
|[31m    230 [0m|[32m    16 [0m|[33m    -5.00 [0m|[34;1m              +1051.00 [0m|[35m         14.4 [0m|[36;1m             40.750% [0m|[31;1m            65.272% [0m|[32;1m                         +0.08211 [0m|[33m  15.8 [0m|
|[31m    231 [0m|[32m    16 [0m|[33m    -5.00 [0m|[34;1m              +1046.00 [0m|[35m         14.4 [0m|[36;1m             40.750% [0m|[31;1m            65.260% [0m|[32;1m                         +0.08172 [0m|[33m  15.8 [0m|
|[31m    232 [0m|[32m    16 [0m|[33m    -6.00 [0m|[34;1m              +1040.00 [0m|[35m         14.5 [0m|[36;1m             40.750% [0m|[31;1m            65.302% [0m|[32;1m                         +0.08125 [0m|[33m  15.8 [0m|
|[31m    233 [0m|[32m    16 [0m|[33m    -5.00 [0m|[34;1m              +1035.00 [0m|[35m         14.6 [0m|[36;1m             40.750% [0m|[31;1m            65.290% [0m|[32;1m                         +0.08086 [0m|[33m  15.8 [0m|
|[31m    234 [0m|[32m    16 [0m|[33m    -4.00 [0m|[34;1m              +1031.00 [0m|[35m         14.6 [0m|[36;1m             40.750% [0m|[31;1m            65.224% [0m|[32;1m                         +0.08055 [0m|[33m  15.9 [0m|
|[31m    235 [0m|[32m    16 [0m|[33m    -4.00 [0m|[34;1m              +1027.00 [0m|[35m         14.7 [0m|[36;1m             40.750% [0m|[31;1m            65.160% [0m|[32;1m                         +0.08023 [0m|[33m  15.9 [0m|
|[31m    236 [0m|[32m    16 [0m|[33m    -3.00 [0m|[34;1m              +1024.00 [0m|[35m         14.8 [0m|[36;1m             40.750% [0m|[31;1m            65.042% [0m|[32;1m                         +0.08000 [0m|[33m  15.9 [0m|
|[31m    237 [0m|[32m    16 [0m|[33m    -3.00 [0m|[34;1m              +1021.00 [0m|[35m         14.8 [0m|[36;1m             40.750% [0m|[31;1m            64.926% [0m|[32;1m                         +0.07977 [0m|[33m  15.9 [0m|
|[31m    238 [0m|[32m    16 [0m|[33m    -3.00 [0m|[34;1m              +1018.00 [0m|[35m         14.9 [0m|[36;1m             40.750% [0m|[31;1m            64.811% [0m|[32;1m                         +0.07953 [0m|[33m  15.9 [0m|
|[31m    239 [0m|[32m    16 [0m|[33m    -2.00 [0m|[34;1m              +1016.00 [0m|[35m         14.9 [0m|[36;1m             40.750% [0m|[31;1m            64.644% [0m|[32;1m                         +0.07938 [0m|[33m  16.0 [0m|
|[31m    240 [0m|[32m    16 [0m|[33m    -2.00 [0m|[34;1m              +1014.00 [0m|[35m         15.0 [0m|[36;1m             40.750% [0m|[31;1m            64.479% [0m|[32;1m                         +0.07922 [0m|[33m  15.9 [0m|
|[31m    241 [0m|[32m    16 [0m|[33m    -2.00 [0m|[34;1m              +1012.00 [0m|[35m         15.1 [0m|[36;1m             40.750% [0m|[31;1m            64.315% [0m|[32;1m                         +0.07906 [0m|[33m  15.9 [0m|
|[31m    242 [0m|[32m    16 [0m|[33m    -2.00 [0m|[34;1m              +1010.00 [0m|[35m         15.1 [0m|[36;1m             40.750% [0m|[31;1m            64.153% [0m|[32;1m                         +0.07891 [0m|[33m  15.9 [0m|
|[31m    243 [0m|[32m    16 [0m|[33m    -3.00 [0m|[34;1m              +1007.00 [0m|[35m         15.2 [0m|[36;1m             40.750% [0m|[31;1m            64.043% [0m|[32;1m                         +0.07867 [0m|[33m  15.9 [0m|
|[31m    244 [0m|[32m    16 [0m|[33m    -5.00 [0m|[34;1m              +1002.00 [0m|[35m         15.2 [0m|[36;1m             40.750% [0m|[31;1m            64.037% [0m|[32;1m                         +0.07828 [0m|[33m  15.9 [0m|
|[31m    245 [0m|[32m    16 [0m|[33m    -6.00 [0m|[34;1m               +996.00 [0m|[35m         15.3 [0m|[36;1m             40.750% [0m|[31;1m            64.082% [0m|[32;1m                         +0.07781 [0m|[33m  16.0 [0m|
|[31m    246 [0m|[32m    16 [0m|[33m    -6.00 [0m|[34;1m               +990.00 [0m|[35m         15.4 [0m|[36;1m             40.750% [0m|[31;1m            64.126% [0m|[32;1m                         +0.07734 [0m|[33m  15.9 [0m|
|[31m    247 [0m|[32m    16 [0m|[33m    -6.00 [0m|[34;1m               +984.00 [0m|[35m         15.4 [0m|[36;1m             40.750% [0m|[31;1m            64.170% [0m|[32;1m                         +0.07687 [0m|[33m  15.9 [0m|
|[31m    248 [0m|[32m    16 [0m|[33m    -6.00 [0m|[34;1m               +978.00 [0m|[35m         15.5 [0m|[36;1m             40.750% [0m|[31;1m            64.214% [0m|[32;1m                         +0.07641 [0m|[33m  15.9 [0m|
|[31m    249 [0m|[32m    16 [0m|[33m    -6.00 [0m|[34;1m               +972.00 [0m|[35m         15.6 [0m|[36;1m             40.750% [0m|[31;1m            64.257% [0m|[32;1m                         +0.07594 [0m|[33m  16.0 [0m|
|[31m    250 [0m|[32m    16 [0m|[33m    -5.00 [0m|[34;1m               +967.00 [0m|[35m         15.6 [0m|[36;1m             40.750% [0m|[31;1m            64.250% [0m|[32;1m                         +0.07555 [0m|[33m  15.9 [0m|
|[31m    251 [0m|[32m    16 [0m|[33m    -6.00 [0m|[34;1m               +961.00 [0m|[35m         15.7 [0m|[36;1m             40.750% [0m|[31;1m            64.293% [0m|[32;1m                         +0.07508 [0m|[33m  15.7 [0m|
|[31m    252 [0m|[32m    16 [0m|[33m    -6.00 [0m|[34;1m               +955.00 [0m|[35m         15.8 [0m|[36;1m             40.750% [0m|[31;1m            64.335% [0m|[32;1m                         +0.07461 [0m|[33m  15.8 [0m|
|[31m    253 [0m|[32m    16 [0m|[33m    -6.00 [0m|[34;1m               +949.00 [0m|[35m         15.8 [0m|[36;1m             40.750% [0m|[31;1m            64.377% [0m|[32;1m                         +0.07414 [0m|[33m  15.8 [0m|
|[31m    254 [0m|[32m    16 [0m|[33m    -6.00 [0m|[34;1m               +943.00 [0m|[35m         15.9 [0m|[36;1m             40.750% [0m|[31;1m            64.419% [0m|[32;1m                         +0.07367 [0m|[33m  15.8 [0m|
|[31m    255 [0m|[32m    16 [0m|[33m    -5.00 [0m|[34;1m               +938.00 [0m|[35m         15.9 [0m|[36;1m             40.750% [0m|[31;1m            64.412% [0m|[32;1m                         +0.07328 [0m|[33m  15.8 [0m|
|[31m    256 [0m|[32m    16 [0m|[33m    -5.00 [0m|[34;1m               +933.00 [0m|[35m         16.0 [0m|[36;1m             40.750% [0m|[31;1m            64.404% [0m|[32;1m                         +0.07289 [0m|[33m  15.7 [0m|
|[31m    257 [0m|[32m    16 [0m|[33m    -5.00 [0m|[34;1m               +928.00 [0m|[35m         16.1 [0m|[36;1m             40.750% [0m|[31;1m            64.397% [0m|[32;1m                         +0.07250 [0m|[33m  15.7 [0m|
|[31m    258 [0m|[32m    16 [0m|[33m    -5.00 [0m|[34;1m               +923.00 [0m|[35m         16.1 [0m|[36;1m             40.750% [0m|[31;1m            64.390% [0m|[32;1m                         +0.07211 [0m|[33m  15.7 [0m|
|[31m    259 [0m|[32m    16 [0m|[33m    -5.00 [0m|[34;1m               +918.00 [0m|[35m         16.2 [0m|[36;1m             40.750% [0m|[31;1m            64.382% [0m|[32;1m                         +0.07172 [0m|[33m  15.8 [0m|
|[31m    260 [0m|[32m    16 [0m|[33m    -4.00 [0m|[34;1m               +914.00 [0m|[35m         16.2 [0m|[36;1m             40.750% [0m|[31;1m            64.327% [0m|[32;1m                         +0.07141 [0m|[33m  15.7 [0m|
|[31m    261 [0m|[32m    16 [0m|[33m    -5.00 [0m|[34;1m               +909.00 [0m|[35m         16.3 [0m|[36;1m             40.750% [0m|[31;1m            64.320% [0m|[32;1m                         +0.07102 [0m|[33m  15.7 [0m|
|[31m    262 [0m|[32m    16 [0m|[33m    -5.00 [0m|[34;1m               +904.00 [0m|[35m         16.4 [0m|[36;1m             40.750% [0m|[31;1m            64.313% [0m|[32;1m                         +0.07062 [0m|[33m  15.7 [0m|
|[31m    263 [0m|[32m    16 [0m|[33m    -5.00 [0m|[34;1m               +899.00 [0m|[35m         16.4 [0m|[36;1m             40.750% [0m|[31;1m            64.306% [0m|[32;1m                         +0.07023 [0m|[33m  15.7 [0m|
|[31m    264 [0m|[32m    16 [0m|[33m    -5.00 [0m|[34;1m               +894.00 [0m|[35m         16.5 [0m|[36;1m             40.750% [0m|[31;1m            64.299% [0m|[32;1m                         +0.06984 [0m|[33m  15.8 [0m|
|[31m    265 [0m|[32m    16 [0m|[33m    -3.00 [0m|[34;1m               +891.00 [0m|[35m         16.6 [0m|[36;1m             40.750% [0m|[31;1m            64.198% [0m|[32;1m                         +0.06961 [0m|[33m  15.8 [0m|
|[31m    266 [0m|[32m    16 [0m|[33m    -5.00 [0m|[34;1m               +886.00 [0m|[35m         16.6 [0m|[36;1m             40.750% [0m|[31;1m            64.192% [0m|[32;1m                         +0.06922 [0m|[33m  15.7 [0m|
|[31m    267 [0m|[32m    16 [0m|[33m    -6.00 [0m|[34;1m               +880.00 [0m|[35m         16.7 [0m|[36;1m             40.750% [0m|[31;1m            64.232% [0m|[32;1m                         +0.06875 [0m|[33m  15.7 [0m|
|[31m    268 [0m|[32m    16 [0m|[33m    -6.00 [0m|[34;1m               +874.00 [0m|[35m         16.8 [0m|[36;1m             40.750% [0m|[31;1m            64.272% [0m|[32;1m                         +0.06828 [0m|[33m  15.7 [0m|
|[31m    269 [0m|[32m    16 [0m|[33m    -5.00 [0m|[34;1m               +869.00 [0m|[35m         16.8 [0m|[36;1m             40.750% [0m|[31;1m            64.312% [0m|[32;1m                         +0.06789 [0m|[33m  15.8 [0m|
|[31m    270 [0m|[32m    16 [0m|[33m    -4.00 [0m|[34;1m               +865.00 [0m|[35m         16.9 [0m|[36;1m             40.750% [0m|[31;1m            64.306% [0m|[32;1m                         +0.06758 [0m|[33m  15.8 [0m|
|[31m    271 [0m|[32m    16 [0m|[33m    -5.00 [0m|[34;1m               +860.00 [0m|[35m         16.9 [0m|[36;1m             40.750% [0m|[31;1m            64.345% [0m|[32;1m                         +0.06719 [0m|[33m  15.7 [0m|
|[31m    272 [0m|[32m    16 [0m|[33m    -5.00 [0m|[34;1m               +855.00 [0m|[35m         17.0 [0m|[36;1m             40.750% [0m|[31;1m            64.384% [0m|[32;1m                         +0.06680 [0m|[33m  15.7 [0m|
|[31m    273 [0m|[32m    16 [0m|[33m    -4.00 [0m|[34;1m               +851.00 [0m|[35m         17.1 [0m|[36;1m             40.750% [0m|[31;1m            64.377% [0m|[32;1m                         +0.06648 [0m|[33m  15.8 [0m|
|[31m    274 [0m|[32m    16 [0m|[33m    -4.00 [0m|[34;1m               +847.00 [0m|[35m         17.1 [0m|[36;1m             40.750% [0m|[31;1m            64.370% [0m|[32;1m                         +0.06617 [0m|[33m  15.8 [0m|
|[31m    275 [0m|[32m    16 [0m|[33m    -4.00 [0m|[34;1m               +843.00 [0m|[35m         17.2 [0m|[36;1m             40.750% [0m|[31;1m            64.364% [0m|[32;1m                         +0.06586 [0m|[33m  15.8 [0m|
|[31m    276 [0m|[32m    16 [0m|[33m    -4.00 [0m|[34;1m               +839.00 [0m|[35m         17.2 [0m|[36;1m             40.750% [0m|[31;1m            64.357% [0m|[32;1m                         +0.06555 [0m|[33m  15.8 [0m|
|[31m    277 [0m|[32m    16 [0m|[33m    -4.00 [0m|[34;1m               +835.00 [0m|[35m         17.3 [0m|[36;1m             40.750% [0m|[31;1m            64.350% [0m|[32;1m                         +0.06523 [0m|[33m  15.8 [0m|
|[31m    278 [0m|[32m    16 [0m|[33m    -4.00 [0m|[34;1m               +831.00 [0m|[35m         17.4 [0m|[36;1m             40.750% [0m|[31;1m            64.344% [0m|[32;1m                         +0.06492 [0m|[33m  15.9 [0m|
|[31m    279 [0m|[32m    16 [0m|[33m    -5.00 [0m|[34;1m               +826.00 [0m|[35m         17.4 [0m|[36;1m             40.750% [0m|[31;1m            64.382% [0m|[32;1m                         +0.06453 [0m|[33m  15.9 [0m|
|[31m    280 [0m|[32m    16 [0m|[33m    -5.00 [0m|[34;1m               +821.00 [0m|[35m         17.5 [0m|[36;1m             40.750% [0m|[31;1m            64.420% [0m|[32;1m                         +0.06414 [0m|[33m  15.8 [0m|
|[31m    281 [0m|[32m    16 [0m|[33m    -5.00 [0m|[34;1m               +816.00 [0m|[35m         17.6 [0m|[36;1m             40.750% [0m|[31;1m            64.457% [0m|[32;1m                         +0.06375 [0m|[33m  15.8 [0m|
|[31m    282 [0m|[32m    16 [0m|[33m    -4.00 [0m|[34;1m               +812.00 [0m|[35m         17.6 [0m|[36;1m             40.750% [0m|[31;1m            64.450% [0m|[32;1m                         +0.06344 [0m|[33m  15.8 [0m|
|[31m    283 [0m|[32m    16 [0m|[33m    -4.00 [0m|[34;1m               +808.00 [0m|[35m         17.7 [0m|[36;1m             40.750% [0m|[31;1m            64.443% [0m|[32;1m                         +0.06313 [0m|[33m  15.8 [0m|
|[31m    284 [0m|[32m    16 [0m|[33m    -4.00 [0m|[34;1m               +804.00 [0m|[35m         17.8 [0m|[36;1m             40.750% [0m|[31;1m            64.437% [0m|[32;1m                         +0.06281 [0m|[33m  15.9 [0m|
|[31m    285 [0m|[32m    16 [0m|[33m    -4.00 [0m|[34;1m               +800.00 [0m|[35m         17.8 [0m|[36;1m             40.750% [0m|[31;1m            64.430% [0m|[32;1m                         +0.06250 [0m|[33m  15.9 [0m|
|[31m    286 [0m|[32m    16 [0m|[33m    -4.00 [0m|[34;1m               +796.00 [0m|[35m         17.9 [0m|[36;1m             40.750% [0m|[31;1m            64.423% [0m|[32;1m                         +0.06219 [0m|[33m  15.9 [0m|
|[31m    287 [0m|[32m    16 [0m|[33m    -4.00 [0m|[34;1m               +792.00 [0m|[35m         17.9 [0m|[36;1m             40.750% [0m|[31;1m            64.416% [0m|[32;1m                         +0.06187 [0m|[33m  15.9 [0m|
|[31m    288 [0m|[32m    16 [0m|[33m    -4.00 [0m|[34;1m               +788.00 [0m|[35m         18.0 [0m|[36;1m             40.750% [0m|[31;1m            64.410% [0m|[32;1m                         +0.06156 [0m|[33m  15.9 [0m|
|[31m    289 [0m|[32m    16 [0m|[33m    -4.00 [0m|[34;1m               +784.00 [0m|[35m         18.1 [0m|[36;1m             40.750% [0m|[31;1m            64.403% [0m|[32;1m                         +0.06125 [0m|[33m  15.9 [0m|
|[31m    290 [0m|[32m    16 [0m|[33m    -5.00 [0m|[34;1m               +779.00 [0m|[35m         18.1 [0m|[36;1m             40.750% [0m|[31;1m            64.440% [0m|[32;1m                         +0.06086 [0m|[33m  15.9 [0m|
|[31m    291 [0m|[32m    16 [0m|[33m    -5.00 [0m|[34;1m               +774.00 [0m|[35m         18.2 [0m|[36;1m             40.750% [0m|[31;1m            64.476% [0m|[32;1m                         +0.06047 [0m|[33m  15.9 [0m|
|[31m    292 [0m|[32m    16 [0m|[33m    -4.00 [0m|[34;1m               +770.00 [0m|[35m         18.2 [0m|[36;1m             40.750% [0m|[31;1m            64.469% [0m|[32;1m                         +0.06016 [0m|[33m  15.9 [0m|
|[31m    293 [0m|[32m    16 [0m|[33m    -4.00 [0m|[34;1m               +766.00 [0m|[35m         18.3 [0m|[36;1m             40.750% [0m|[31;1m            64.462% [0m|[32;1m                         +0.05984 [0m|[33m  16.0 [0m|
|[31m    294 [0m|[32m    16 [0m|[33m    -4.00 [0m|[34;1m               +762.00 [0m|[35m         18.4 [0m|[36;1m             40.750% [0m|[31;1m            64.456% [0m|[32;1m                         +0.05953 [0m|[33m  16.0 [0m|
|[31m    295 [0m|[32m    16 [0m|[33m    -3.00 [0m|[34;1m               +759.00 [0m|[35m         18.4 [0m|[36;1m             40.750% [0m|[31;1m            64.407% [0m|[32;1m                         +0.05930 [0m|[33m  16.0 [0m|
|[31m    296 [0m|[32m    16 [0m|[33m    -3.00 [0m|[34;1m               +756.00 [0m|[35m         18.5 [0m|[36;1m             40.750% [0m|[31;1m            64.358% [0m|[32;1m                         +0.05906 [0m|[33m  16.0 [0m|
|[31m    297 [0m|[32m    16 [0m|[33m    -3.00 [0m|[34;1m               +753.00 [0m|[35m         18.6 [0m|[36;1m             40.750% [0m|[31;1m            64.310% [0m|[32;1m                         +0.05883 [0m|[33m  16.0 [0m|
|[31m    298 [0m|[32m    16 [0m|[33m    -3.00 [0m|[34;1m               +750.00 [0m|[35m         18.6 [0m|[36;1m             40.750% [0m|[31;1m            64.262% [0m|[32;1m                         +0.05859 [0m|[33m  16.0 [0m|
|[31m    299 [0m|[32m    16 [0m|[33m    -4.00 [0m|[34;1m               +746.00 [0m|[35m         18.7 [0m|[36;1m             40.750% [0m|[31;1m            64.256% [0m|[32;1m                         +0.05828 [0m|[33m  16.1 [0m|
|[31m    300 [0m|[32m    16 [0m|[33m    -4.00 [0m|[34;1m               +742.00 [0m|[35m         18.8 [0m|[36;1m             40.750% [0m|[31;1m            64.250% [0m|[32;1m                         +0.05797 [0m|[33m  16.1 [0m|
|[31m    301 [0m|[32m    16 [0m|[33m    -4.00 [0m|[34;1m               +738.00 [0m|[35m         18.8 [0m|[36;1m             40.750% [0m|[31;1m            64.244% [0m|[32;1m                         +0.05766 [0m|[33m  16.0 [0m|
|[31m    302 [0m|[32m    16 [0m|[33m    -3.00 [0m|[34;1m               +735.00 [0m|[35m         18.9 [0m|[36;1m             40.750% [0m|[31;1m            64.197% [0m|[32;1m                         +0.05742 [0m|[33m  16.1 [0m|
|[31m    303 [0m|[32m    16 [0m|[33m    -3.00 [0m|[34;1m               +732.00 [0m|[35m         18.9 [0m|[36;1m             40.750% [0m|[31;1m            64.150% [0m|[32;1m                         +0.05719 [0m|[33m  16.1 [0m|
|[31m    304 [0m|[32m    16 [0m|[33m    -3.00 [0m|[34;1m               +729.00 [0m|[35m         19.0 [0m|[36;1m             40.750% [0m|[31;1m            64.104% [0m|[32;1m                         +0.05695 [0m|[33m  16.1 [0m|
|[31m    305 [0m|[32m    16 [0m|[33m    -2.00 [0m|[34;1m               +727.00 [0m|[35m         19.1 [0m|[36;1m             40.750% [0m|[31;1m            64.016% [0m|[32;1m                         +0.05680 [0m|[33m  16.1 [0m|
|[31m    306 [0m|[32m    16 [0m|[33m    -2.00 [0m|[34;1m               +725.00 [0m|[35m         19.1 [0m|[36;1m             40.750% [0m|[31;1m            63.930% [0m|[32;1m                         +0.05664 [0m|[33m  16.1 [0m|
|[31m    307 [0m|[32m    16 [0m|[33m    -2.00 [0m|[34;1m               +723.00 [0m|[35m         19.2 [0m|[36;1m             40.750% [0m|[31;1m            63.844% [0m|[32;1m                         +0.05648 [0m|[33m  16.1 [0m|
|[31m    308 [0m|[32m    16 [0m|[33m    -2.00 [0m|[34;1m               +721.00 [0m|[35m         19.2 [0m|[36;1m             40.750% [0m|[31;1m            63.758% [0m|[32;1m                         +0.05633 [0m|[33m  16.2 [0m|
|[31m    309 [0m|[32m    16 [0m|[33m    -2.00 [0m|[34;1m               +719.00 [0m|[35m         19.3 [0m|[36;1m             40.750% [0m|[31;1m            63.673% [0m|[32;1m                         +0.05617 [0m|[33m  16.2 [0m|
|[31m    310 [0m|[32m    17 [0m|[33m  +174.00 [0m|[34;1m               +893.00 [0m|[35m         18.2 [0m|[36;1m             42.765% [0m|[31;1m            63.548% [0m|[32;1m                         +0.06977 [0m|[33m  16.2 [0m|
|[31m    311 [0m|[32m    17 [0m|[33m    -1.00 [0m|[34;1m               +892.00 [0m|[35m         18.3 [0m|[36;1m             42.765% [0m|[31;1m            63.424% [0m|[32;1m                         +0.06969 [0m|[33m  16.2 [0m|
|[31m    312 [0m|[32m    17 [0m|[33m    -1.00 [0m|[34;1m               +891.00 [0m|[35m         18.4 [0m|[36;1m             42.765% [0m|[31;1m            63.301% [0m|[32;1m                         +0.06961 [0m|[33m  16.2 [0m|
|[31m    313 [0m|[32m    17 [0m|[33m    -1.00 [0m|[34;1m               +890.00 [0m|[35m         18.4 [0m|[36;1m             42.765% [0m|[31;1m            63.179% [0m|[32;1m                         +0.06953 [0m|[33m  16.2 [0m|
|[31m    314 [0m|[32m    17 [0m|[33m    -1.00 [0m|[34;1m               +889.00 [0m|[35m         18.5 [0m|[36;1m             42.765% [0m|[31;1m            63.057% [0m|[32;1m                         +0.06945 [0m|[33m  16.2 [0m|
|[31m    315 [0m|[32m    17 [0m|[33m    -1.00 [0m|[34;1m               +888.00 [0m|[35m         18.5 [0m|[36;1m             42.765% [0m|[31;1m            62.937% [0m|[32;1m                         +0.06938 [0m|[33m  16.2 [0m|
|[31m    316 [0m|[32m    17 [0m|[33m    -1.00 [0m|[34;1m               +887.00 [0m|[35m         18.6 [0m|[36;1m             42.765% [0m|[31;1m            62.816% [0m|[32;1m                         +0.06930 [0m|[33m  16.1 [0m|
|[31m    317 [0m|[32m    17 [0m|[33m    -1.00 [0m|[34;1m               +886.00 [0m|[35m         18.6 [0m|[36;1m             42.765% [0m|[31;1m            62.697% [0m|[32;1m                         +0.06922 [0m|[33m  16.2 [0m|
|[31m    318 [0m|[32m    17 [0m|[33m    -1.00 [0m|[34;1m               +885.00 [0m|[35m         18.7 [0m|[36;1m             42.765% [0m|[31;1m            62.579% [0m|[32;1m                         +0.06914 [0m|[33m  16.2 [0m|
|[31m    319 [0m|[32m    17 [0m|[33m    -1.00 [0m|[34;1m               +884.00 [0m|[35m         18.8 [0m|[36;1m             42.765% [0m|[31;1m            62.461% [0m|[32;1m                         +0.06906 [0m|[33m  16.2 [0m|
|[31m    320 [0m|[32m    17 [0m|[33m    -1.00 [0m|[34;1m               +883.00 [0m|[35m         18.8 [0m|[36;1m             42.765% [0m|[31;1m            62.344% [0m|[32;1m                         +0.06898 [0m|[33m  16.2 [0m|
|[31m    321 [0m|[32m    17 [0m|[33m    -1.00 [0m|[34;1m               +882.00 [0m|[35m         18.9 [0m|[36;1m             42.765% [0m|[31;1m            62.227% [0m|[32;1m                         +0.06891 [0m|[33m  16.1 [0m|
|[31m    322 [0m|[32m    17 [0m|[33m    -1.00 [0m|[34;1m               +881.00 [0m|[35m         18.9 [0m|[36;1m             42.765% [0m|[31;1m            62.112% [0m|[32;1m                         +0.06883 [0m|[33m  16.1 [0m|
|[31m    323 [0m|[32m    17 [0m|[33m    -1.00 [0m|[34;1m               +880.00 [0m|[35m         19.0 [0m|[36;1m             42.765% [0m|[31;1m            61.997% [0m|[32;1m                         +0.06875 [0m|[33m  16.2 [0m|
|[31m    324 [0m|[32m    17 [0m|[33m    -1.00 [0m|[34;1m               +879.00 [0m|[35m         19.1 [0m|[36;1m             42.765% [0m|[31;1m            61.883% [0m|[32;1m                         +0.06867 [0m|[33m  16.2 [0m|
|[31m    325 [0m|[32m    19 [0m|[33m  +335.00 [0m|[34;1m              +1214.00 [0m|[35m         17.1 [0m|[36;1m             45.421% [0m|[31;1m            61.769% [0m|[32;1m                         +0.09484 [0m|[33m  16.2 [0m|
|[31m    326 [0m|[32m    19 [0m|[33m    -1.00 [0m|[34;1m              +1213.00 [0m|[35m         17.2 [0m|[36;1m             45.421% [0m|[31;1m            61.656% [0m|[32;1m                         +0.09477 [0m|[33m  16.2 [0m|
|[31m    327 [0m|[32m    20 [0m|[33m  +137.00 [0m|[34;1m              +1350.00 [0m|[35m         16.4 [0m|[36;1m             45.050% [0m|[31;1m            61.544% [0m|[32;1m                         +0.10547 [0m|[33m  16.2 [0m|
|[31m    328 [0m|[32m    20 [0m|[33m    -1.00 [0m|[34;1m              +1349.00 [0m|[35m         16.4 [0m|[36;1m             45.050% [0m|[31;1m            61.433% [0m|[32;1m                         +0.10539 [0m|[33m  16.2 [0m|
|[31m    329 [0m|[32m    20 [0m|[33m    -1.00 [0m|[34;1m              +1348.00 [0m|[35m         16.4 [0m|[36;1m             45.050% [0m|[31;1m            61.322% [0m|[32;1m                         +0.10531 [0m|[33m  16.2 [0m|
|[31m    330 [0m|[32m    20 [0m|[33m    -2.00 [0m|[34;1m              +1346.00 [0m|[35m         16.5 [0m|[36;1m             45.050% [0m|[31;1m            61.250% [0m|[32;1m                         +0.10516 [0m|[33m  16.2 [0m|
|[31m    331 [0m|[32m    20 [0m|[33m    -2.00 [0m|[34;1m              +1344.00 [0m|[35m         16.6 [0m|[36;1m             45.050% [0m|[31;1m            61.178% [0m|[32;1m                         +0.10500 [0m|[33m  16.1 [0m|
|[31m    332 [0m|[32m    20 [0m|[33m    -2.00 [0m|[34;1m              +1342.00 [0m|[35m         16.6 [0m|[36;1m             45.050% [0m|[31;1m            61.107% [0m|[32;1m                         +0.10484 [0m|[33m  16.2 [0m|
|[31m    333 [0m|[32m    20 [0m|[33m    -2.00 [0m|[34;1m              +1340.00 [0m|[35m         16.6 [0m|[36;1m             45.050% [0m|[31;1m            61.036% [0m|[32;1m                         +0.10469 [0m|[33m  16.2 [0m|
|[31m    334 [0m|[32m    21 [0m|[33m  +107.00 [0m|[34;1m              +1447.00 [0m|[35m         15.9 [0m|[36;1m             43.333% [0m|[31;1m            60.966% [0m|[32;1m                         +0.11305 [0m|[33m  16.2 [0m|
|[31m    335 [0m|[32m    21 [0m|[33m    -1.00 [0m|[34;1m              +1446.00 [0m|[35m         16.0 [0m|[36;1m             43.333% [0m|[31;1m            60.858% [0m|[32;1m                         +0.11297 [0m|[33m  16.2 [0m|
|[31m    336 [0m|[32m    21 [0m|[33m    -2.00 [0m|[34;1m              +1444.00 [0m|[35m         16.0 [0m|[36;1m             43.333% [0m|[31;1m            60.789% [0m|[32;1m                         +0.11281 [0m|[33m  16.2 [0m|
|[31m    337 [0m|[32m    21 [0m|[33m    -2.00 [0m|[34;1m              +1442.00 [0m|[35m         16.0 [0m|[36;1m             43.333% [0m|[31;1m            60.720% [0m|[32;1m                         +0.11266 [0m|[33m  16.2 [0m|
|[31m    338 [0m|[32m    21 [0m|[33m    -2.00 [0m|[34;1m              +1440.00 [0m|[35m         16.1 [0m|[36;1m             43.333% [0m|[31;1m            60.651% [0m|[32;1m                         +0.11250 [0m|[33m  16.2 [0m|
|[31m    339 [0m|[32m    21 [0m|[33m    -2.00 [0m|[34;1m              +1438.00 [0m|[35m         16.1 [0m|[36;1m             43.333% [0m|[31;1m            60.583% [0m|[32;1m                         +0.11234 [0m|[33m  16.3 [0m|
|[31m    340 [0m|[32m    21 [0m|[33m    -2.00 [0m|[34;1m              +1436.00 [0m|[35m         16.2 [0m|[36;1m             43.333% [0m|[31;1m            60.478% [0m|[32;1m                         +0.11219 [0m|[33m  16.2 [0m|
|[31m    341 [0m|[32m    21 [0m|[33m    -2.00 [0m|[34;1m              +1434.00 [0m|[35m         16.2 [0m|[36;1m             43.333% [0m|[31;1m            60.374% [0m|[32;1m                         +0.11203 [0m|[33m  16.1 [0m|
|[31m    342 [0m|[32m    21 [0m|[33m    -2.00 [0m|[34;1m              +1432.00 [0m|[35m         16.3 [0m|[36;1m             43.333% [0m|[31;1m            60.270% [0m|[32;1m                         +0.11188 [0m|[33m  16.2 [0m|
|[31m    343 [0m|[32m    21 [0m|[33m    -2.00 [0m|[34;1m              +1430.00 [0m|[35m         16.3 [0m|[36;1m             43.333% [0m|[31;1m            60.168% [0m|[32;1m                         +0.11172 [0m|[33m  16.2 [0m|
|[31m    344 [0m|[32m    21 [0m|[33m    -2.00 [0m|[34;1m              +1428.00 [0m|[35m         16.4 [0m|[36;1m             43.333% [0m|[31;1m            60.065% [0m|[32;1m                         +0.11156 [0m|[33m  16.2 [0m|
|[31m    345 [0m|[32m    22 [0m|[33m  +117.00 [0m|[34;1m              +1545.00 [0m|[35m         15.7 [0m|[36;1m             42.182% [0m|[31;1m            59.928% [0m|[32;1m                         +0.12070 [0m|[33m  16.2 [0m|
|[31m    346 [0m|[32m    22 [0m|[33m    -2.00 [0m|[34;1m              +1543.00 [0m|[35m         15.7 [0m|[36;1m             42.182% [0m|[31;1m            59.827% [0m|[32;1m                         +0.12055 [0m|[33m  16.2 [0m|
|[31m    347 [0m|[32m    22 [0m|[33m    -2.00 [0m|[34;1m              +1541.00 [0m|[35m         15.8 [0m|[36;1m             42.182% [0m|[31;1m            59.726% [0m|[32;1m                         +0.12039 [0m|[33m  16.2 [0m|
|[31m    348 [0m|[32m    22 [0m|[33m    -2.00 [0m|[34;1m              +1539.00 [0m|[35m         15.8 [0m|[36;1m             42.182% [0m|[31;1m            59.626% [0m|[32;1m                         +0.12023 [0m|[33m  16.2 [0m|
|[31m    349 [0m|[32m    22 [0m|[33m    -1.00 [0m|[34;1m              +1538.00 [0m|[35m         15.9 [0m|[36;1m             42.182% [0m|[31;1m            59.491% [0m|[32;1m                         +0.12016 [0m|[33m  16.2 [0m|
|[31m    350 [0m|[32m    22 [0m|[33m    -2.00 [0m|[34;1m              +1536.00 [0m|[35m         15.9 [0m|[36;1m             42.182% [0m|[31;1m            59.393% [0m|[32;1m                         +0.12000 [0m|[33m  16.2 [0m|
|[31m    351 [0m|[32m    22 [0m|[33m    -2.00 [0m|[34;1m              +1534.00 [0m|[35m         16.0 [0m|[36;1m             42.182% [0m|[31;1m            59.295% [0m|[32;1m                         +0.11984 [0m|[33m  16.2 [0m|
|[31m    352 [0m|[32m    22 [0m|[33m    -2.00 [0m|[34;1m              +1532.00 [0m|[35m         16.0 [0m|[36;1m             42.182% [0m|[31;1m            59.197% [0m|[32;1m                         +0.11969 [0m|[33m  16.2 [0m|
|[31m    353 [0m|[32m    22 [0m|[33m    -2.00 [0m|[34;1m              +1530.00 [0m|[35m         16.0 [0m|[36;1m             42.182% [0m|[31;1m            59.101% [0m|[32;1m                         +0.11953 [0m|[33m  16.2 [0m|
|[31m    354 [0m|[32m    22 [0m|[33m    -2.00 [0m|[34;1m              +1528.00 [0m|[35m         16.1 [0m|[36;1m             42.182% [0m|[31;1m            59.004% [0m|[32;1m                         +0.11937 [0m|[33m  16.3 [0m|
|[31m    355 [0m|[32m    22 [0m|[33m    -3.00 [0m|[34;1m              +1525.00 [0m|[35m         16.1 [0m|[36;1m             42.182% [0m|[31;1m            58.944% [0m|[32;1m                         +0.11914 [0m|[33m  16.3 [0m|
|[31m    356 [0m|[32m    22 [0m|[33m    -2.00 [0m|[34;1m              +1523.00 [0m|[35m         16.2 [0m|[36;1m             42.182% [0m|[31;1m            58.848% [0m|[32;1m                         +0.11898 [0m|[33m  16.3 [0m|
|[31m    357 [0m|[32m    22 [0m|[33m    -2.00 [0m|[34;1m              +1521.00 [0m|[35m         16.2 [0m|[36;1m             42.182% [0m|[31;1m            58.754% [0m|[32;1m                         +0.11883 [0m|[33m  16.3 [0m|
|[31m    358 [0m|[32m    22 [0m|[33m    -1.00 [0m|[34;1m              +1520.00 [0m|[35m         16.3 [0m|[36;1m             42.182% [0m|[31;1m            58.624% [0m|[32;1m                         +0.11875 [0m|[33m  16.3 [0m|
|[31m    359 [0m|[32m    22 [0m|[33m    -2.00 [0m|[34;1m              +1518.00 [0m|[35m         16.3 [0m|[36;1m             42.182% [0m|[31;1m            58.531% [0m|[32;1m                         +0.11859 [0m|[33m  16.3 [0m|
|[31m    360 [0m|[32m    22 [0m|[33m    -2.00 [0m|[34;1m              +1516.00 [0m|[35m         16.4 [0m|[36;1m             42.182% [0m|[31;1m            58.438% [0m|[32;1m                         +0.11844 [0m|[33m  16.3 [0m|
|[31m    361 [0m|[32m    22 [0m|[33m    -2.00 [0m|[34;1m              +1514.00 [0m|[35m         16.4 [0m|[36;1m             42.182% [0m|[31;1m            58.345% [0m|[32;1m                         +0.11828 [0m|[33m  16.2 [0m|
|[31m    362 [0m|[32m    22 [0m|[33m    -2.00 [0m|[34;1m              +1512.00 [0m|[35m         16.5 [0m|[36;1m             42.182% [0m|[31;1m            58.253% [0m|[32;1m                         +0.11812 [0m|[33m  16.2 [0m|
|[31m    363 [0m|[32m    22 [0m|[33m    -1.00 [0m|[34;1m              +1511.00 [0m|[35m         16.5 [0m|[36;1m             42.182% [0m|[31;1m            58.127% [0m|[32;1m                         +0.11805 [0m|[33m  16.3 [0m|
|[31m    364 [0m|[32m    22 [0m|[33m    -1.00 [0m|[34;1m              +1510.00 [0m|[35m         16.5 [0m|[36;1m             42.182% [0m|[31;1m            58.001% [0m|[32;1m                         +0.11797 [0m|[33m  16.3 [0m|
|[31m    365 [0m|[32m    22 [0m|[33m    -1.00 [0m|[34;1m              +1509.00 [0m|[35m         16.6 [0m|[36;1m             42.182% [0m|[31;1m            57.877% [0m|[32;1m                         +0.11789 [0m|[33m  16.3 [0m|
|[31m    366 [0m|[32m    22 [0m|[33m    -1.00 [0m|[34;1m              +1508.00 [0m|[35m         16.6 [0m|[36;1m             42.182% [0m|[31;1m            57.753% [0m|[32;1m                         +0.11781 [0m|[33m  16.3 [0m|
|[31m    367 [0m|[32m    22 [0m|[33m    -1.00 [0m|[34;1m              +1507.00 [0m|[35m         16.7 [0m|[36;1m             42.182% [0m|[31;1m            57.629% [0m|[32;1m                         +0.11773 [0m|[33m  16.3 [0m|
|[31m    368 [0m|[32m    22 [0m|[33m    -1.00 [0m|[34;1m              +1506.00 [0m|[35m         16.7 [0m|[36;1m             42.182% [0m|[31;1m            57.507% [0m|[32;1m                         +0.11766 [0m|[33m  16.3 [0m|
|[31m    369 [0m|[32m    22 [0m|[33m    -2.00 [0m|[34;1m              +1504.00 [0m|[35m         16.8 [0m|[36;1m             42.182% [0m|[31;1m            57.419% [0m|[32;1m                         +0.11750 [0m|[33m  16.3 [0m|
|[31m    370 [0m|[32m    22 [0m|[33m    -2.00 [0m|[34;1m              +1502.00 [0m|[35m         16.8 [0m|[36;1m             42.182% [0m|[31;1m            57.331% [0m|[32;1m                         +0.11734 [0m|[33m  16.3 [0m|
|[31m    371 [0m|[32m    22 [0m|[33m    -2.00 [0m|[34;1m              +1500.00 [0m|[35m         16.9 [0m|[36;1m             42.182% [0m|[31;1m            57.244% [0m|[32;1m                         +0.11719 [0m|[33m  16.3 [0m|
|[31m    372 [0m|[32m    22 [0m|[33m    -2.00 [0m|[34;1m              +1498.00 [0m|[35m         16.9 [0m|[36;1m             42.182% [0m|[31;1m            57.157% [0m|[32;1m                         +0.11703 [0m|[33m  16.3 [0m|
|[31m    373 [0m|[32m    22 [0m|[33m    -2.00 [0m|[34;1m              +1496.00 [0m|[35m         17.0 [0m|[36;1m             42.182% [0m|[31;1m            57.071% [0m|[32;1m                         +0.11688 [0m|[33m  16.3 [0m|
|[31m    374 [0m|[32m    22 [0m|[33m    -2.00 [0m|[34;1m              +1494.00 [0m|[35m         17.0 [0m|[36;1m             42.182% [0m|[31;1m            56.985% [0m|[32;1m                         +0.11672 [0m|[33m  16.3 [0m|
|[31m    375 [0m|[32m    22 [0m|[33m    -2.00 [0m|[34;1m              +1492.00 [0m|[35m         17.0 [0m|[36;1m             42.182% [0m|[31;1m            56.900% [0m|[32;1m                         +0.11656 [0m|[33m  16.3 [0m|
|[31m    376 [0m|[32m    22 [0m|[33m    -2.00 [0m|[34;1m              +1490.00 [0m|[35m         17.1 [0m|[36;1m             42.182% [0m|[31;1m            56.815% [0m|[32;1m                         +0.11641 [0m|[33m  16.3 [0m|
|[31m    377 [0m|[32m    22 [0m|[33m    -2.00 [0m|[34;1m              +1488.00 [0m|[35m         17.1 [0m|[36;1m             42.182% [0m|[31;1m            56.731% [0m|[32;1m                         +0.11625 [0m|[33m  16.3 [0m|
|[31m    378 [0m|[32m    22 [0m|[33m    -2.00 [0m|[34;1m              +1486.00 [0m|[35m         17.2 [0m|[36;1m             42.182% [0m|[31;1m            56.647% [0m|[32;1m                         +0.11609 [0m|[33m  16.4 [0m|
|[31m    379 [0m|[32m    22 [0m|[33m    -2.00 [0m|[34;1m              +1484.00 [0m|[35m         17.2 [0m|[36;1m             42.182% [0m|[31;1m            56.563% [0m|[32;1m                         +0.11594 [0m|[33m  16.4 [0m|
|[31m    380 [0m|[32m    22 [0m|[33m    -2.00 [0m|[34;1m              +1482.00 [0m|[35m         17.3 [0m|[36;1m             42.182% [0m|[31;1m            56.480% [0m|[32;1m                         +0.11578 [0m|[33m  16.4 [0m|
|[31m    381 [0m|[32m    22 [0m|[33m    -2.00 [0m|[34;1m              +1480.00 [0m|[35m         17.3 [0m|[36;1m             42.182% [0m|[31;1m            56.398% [0m|[32;1m                         +0.11563 [0m|[33m  16.4 [0m|
|[31m    382 [0m|[32m    22 [0m|[33m    -2.00 [0m|[34;1m              +1478.00 [0m|[35m         17.4 [0m|[36;1m             42.182% [0m|[31;1m            56.315% [0m|[32;1m                         +0.11547 [0m|[33m  16.4 [0m|
|[31m    383 [0m|[32m    22 [0m|[33m    -2.00 [0m|[34;1m              +1476.00 [0m|[35m         17.4 [0m|[36;1m             42.182% [0m|[31;1m            56.234% [0m|[32;1m                         +0.11531 [0m|[33m  16.4 [0m|
|[31m    384 [0m|[32m    22 [0m|[33m    -2.00 [0m|[34;1m              +1474.00 [0m|[35m         17.5 [0m|[36;1m             42.182% [0m|[31;1m            56.152% [0m|[32;1m                         +0.11516 [0m|[33m  16.4 [0m|
|[31m    385 [0m|[32m    22 [0m|[33m    -1.00 [0m|[34;1m              +1473.00 [0m|[35m         17.5 [0m|[36;1m             42.182% [0m|[31;1m            56.039% [0m|[32;1m                         +0.11508 [0m|[33m  16.4 [0m|
|[31m    386 [0m|[32m    22 [0m|[33m    -1.00 [0m|[34;1m              +1472.00 [0m|[35m         17.5 [0m|[36;1m             42.182% [0m|[31;1m            55.926% [0m|[32;1m                         +0.11500 [0m|[33m  16.4 [0m|
|[31m    387 [0m|[32m    22 [0m|[33m    -2.00 [0m|[34;1m              +1470.00 [0m|[35m         17.6 [0m|[36;1m             42.182% [0m|[31;1m            55.846% [0m|[32;1m                         +0.11484 [0m|[33m  16.4 [0m|
|[31m    388 [0m|[32m    22 [0m|[33m    -2.00 [0m|[34;1m              +1468.00 [0m|[35m         17.6 [0m|[36;1m             42.182% [0m|[31;1m            55.767% [0m|[32;1m                         +0.11469 [0m|[33m  16.5 [0m|
|[31m    389 [0m|[32m    22 [0m|[33m    -2.00 [0m|[34;1m              +1466.00 [0m|[35m         17.7 [0m|[36;1m             42.182% [0m|[31;1m            55.688% [0m|[32;1m                         +0.11453 [0m|[33m  16.5 [0m|
|[31m    390 [0m|[32m    22 [0m|[33m    -2.00 [0m|[34;1m              +1464.00 [0m|[35m         17.7 [0m|[36;1m             42.182% [0m|[31;1m            55.609% [0m|[32;1m                         +0.11438 [0m|[33m  16.5 [0m|
|[31m    391 [0m|[32m    22 [0m|[33m    -2.00 [0m|[34;1m              +1462.00 [0m|[35m         17.8 [0m|[36;1m             42.182% [0m|[31;1m            55.531% [0m|[32;1m                         +0.11422 [0m|[33m  16.5 [0m|
|[31m    392 [0m|[32m    22 [0m|[33m    -2.00 [0m|[34;1m              +1460.00 [0m|[35m         17.8 [0m|[36;1m             42.182% [0m|[31;1m            55.453% [0m|[32;1m                         +0.11406 [0m|[33m  16.5 [0m|
|[31m    393 [0m|[32m    22 [0m|[33m    -2.00 [0m|[34;1m              +1458.00 [0m|[35m         17.9 [0m|[36;1m             42.182% [0m|[31;1m            55.375% [0m|[32;1m                         +0.11391 [0m|[33m  16.5 [0m|
|[31m    394 [0m|[32m    22 [0m|[33m    -3.00 [0m|[34;1m              +1455.00 [0m|[35m         17.9 [0m|[36;1m             42.182% [0m|[31;1m            55.330% [0m|[32;1m                         +0.11367 [0m|[33m  16.5 [0m|
|[31m    395 [0m|[32m    22 [0m|[33m    -1.00 [0m|[34;1m              +1454.00 [0m|[35m         18.0 [0m|[36;1m             42.182% [0m|[31;1m            55.222% [0m|[32;1m                         +0.11359 [0m|[33m  16.5 [0m|
|[31m    396 [0m|[32m    22 [0m|[33m    -2.00 [0m|[34;1m              +1452.00 [0m|[35m         18.0 [0m|[36;1m             42.182% [0m|[31;1m            55.145% [0m|[32;1m                         +0.11344 [0m|[33m  16.5 [0m|
|[31m    397 [0m|[32m    22 [0m|[33m    -2.00 [0m|[34;1m              +1450.00 [0m|[35m         18.0 [0m|[36;1m             42.182% [0m|[31;1m            55.069% [0m|[32;1m                         +0.11328 [0m|[33m  16.5 [0m|
|[31m    398 [0m|[32m    22 [0m|[33m    -2.00 [0m|[34;1m              +1448.00 [0m|[35m         18.1 [0m|[36;1m             42.182% [0m|[31;1m            54.994% [0m|[32;1m                         +0.11313 [0m|[33m  16.6 [0m|
|[31m    399 [0m|[32m    22 [0m|[33m    -2.00 [0m|[34;1m              +1446.00 [0m|[35m         18.1 [0m|[36;1m             42.182% [0m|[31;1m            54.919% [0m|[32;1m                         +0.11297 [0m|[33m  16.6 [0m|
|[31m    400 [0m|[32m    22 [0m|[33m    -2.00 [0m|[34;1m              +1444.00 [0m|[35m         18.2 [0m|[36;1m             42.182% [0m|[31;1m            54.844% [0m|[32;1m                         +0.11281 [0m|[33m  16.6 [0m|
|[31m    401 [0m|[32m    22 [0m|[33m    -2.00 [0m|[34;1m              +1442.00 [0m|[35m         18.2 [0m|[36;1m             42.182% [0m|[31;1m            54.769% [0m|[32;1m                         +0.11266 [0m|[33m  16.5 [0m|
|[31m    402 [0m|[32m    22 [0m|[33m    -2.00 [0m|[34;1m              +1440.00 [0m|[35m         18.3 [0m|[36;1m             42.182% [0m|[31;1m            54.695% [0m|[32;1m                         +0.11250 [0m|[33m  16.6 [0m|
|[31m    403 [0m|[32m    22 [0m|[33m    -2.00 [0m|[34;1m              +1438.00 [0m|[35m         18.3 [0m|[36;1m             42.182% [0m|[31;1m            54.622% [0m|[32;1m                         +0.11234 [0m|[33m  16.6 [0m|
|[31m    404 [0m|[32m    22 [0m|[33m    -2.00 [0m|[34;1m              +1436.00 [0m|[35m         18.4 [0m|[36;1m             42.182% [0m|[31;1m            54.548% [0m|[32;1m                         +0.11219 [0m|[33m  16.6 [0m|
|[31m    405 [0m|[32m    22 [0m|[33m    -2.00 [0m|[34;1m              +1434.00 [0m|[35m         18.4 [0m|[36;1m             42.182% [0m|[31;1m            54.475% [0m|[32;1m                         +0.11203 [0m|[33m  16.6 [0m|
|[31m    406 [0m|[32m    22 [0m|[33m    -2.00 [0m|[34;1m              +1432.00 [0m|[35m         18.5 [0m|[36;1m             42.182% [0m|[31;1m            54.403% [0m|[32;1m                         +0.11188 [0m|[33m  16.6 [0m|
|[31m    407 [0m|[32m    22 [0m|[33m    -2.00 [0m|[34;1m              +1430.00 [0m|[35m         18.5 [0m|[36;1m             42.182% [0m|[31;1m            54.330% [0m|[32;1m                         +0.11172 [0m|[33m  16.6 [0m|
|[31m    408 [0m|[32m    22 [0m|[33m    -2.00 [0m|[34;1m              +1428.00 [0m|[35m         18.5 [0m|[36;1m             42.182% [0m|[31;1m            54.259% [0m|[32;1m                         +0.11156 [0m|[33m  16.6 [0m|
|[31m    409 [0m|[32m    23 [0m|[33m   +98.00 [0m|[34;1m              +1526.00 [0m|[35m         17.8 [0m|[36;1m             40.348% [0m|[31;1m            54.187% [0m|[32;1m                         +0.11922 [0m|[33m  16.6 [0m|
|[31m    410 [0m|[32m    23 [0m|[33m    -3.00 [0m|[34;1m              +1523.00 [0m|[35m         17.8 [0m|[36;1m             40.348% [0m|[31;1m            54.146% [0m|[32;1m                         +0.11898 [0m|[33m  16.6 [0m|
|[31m    411 [0m|[32m    23 [0m|[33m    -3.00 [0m|[34;1m              +1520.00 [0m|[35m         17.9 [0m|[36;1m             40.348% [0m|[31;1m            54.106% [0m|[32;1m                         +0.11875 [0m|[33m  16.6 [0m|
|[31m    412 [0m|[32m    23 [0m|[33m    -3.00 [0m|[34;1m              +1517.00 [0m|[35m         17.9 [0m|[36;1m             40.348% [0m|[31;1m            54.066% [0m|[32;1m                         +0.11852 [0m|[33m  16.6 [0m|
|[31m    413 [0m|[32m    23 [0m|[33m    -3.00 [0m|[34;1m              +1514.00 [0m|[35m         18.0 [0m|[36;1m             40.348% [0m|[31;1m            54.025% [0m|[32;1m                         +0.11828 [0m|[33m  16.6 [0m|
|[31m    414 [0m|[32m    23 [0m|[33m    -3.00 [0m|[34;1m              +1511.00 [0m|[35m         18.0 [0m|[36;1m             40.348% [0m|[31;1m            53.986% [0m|[32;1m                         +0.11805 [0m|[33m  16.6 [0m|
|[31m    415 [0m|[32m    23 [0m|[33m    -3.00 [0m|[34;1m              +1508.00 [0m|[35m         18.0 [0m|[36;1m             40.348% [0m|[31;1m            53.946% [0m|[32;1m                         +0.11781 [0m|[33m  16.6 [0m|
|[31m    416 [0m|[32m    25 [0m|[33m  +233.00 [0m|[34;1m              +1741.00 [0m|[35m         16.6 [0m|[36;1m             38.560% [0m|[31;1m            53.906% [0m|[32;1m                         +0.13602 [0m|[33m  16.6 [0m|
|[31m    417 [0m|[32m    25 [0m|[33m    -3.00 [0m|[34;1m              +1738.00 [0m|[35m         16.7 [0m|[36;1m             38.560% [0m|[31;1m            53.867% [0m|[32;1m                         +0.13578 [0m|[33m  16.6 [0m|
|[31m    418 [0m|[32m    25 [0m|[33m    -3.00 [0m|[34;1m              +1735.00 [0m|[35m         16.7 [0m|[36;1m             38.560% [0m|[31;1m            53.828% [0m|[32;1m                         +0.13555 [0m|[33m  16.6 [0m|
|[31m    419 [0m|[32m    25 [0m|[33m    -3.00 [0m|[34;1m              +1732.00 [0m|[35m         16.8 [0m|[36;1m             38.560% [0m|[31;1m            53.789% [0m|[32;1m                         +0.13531 [0m|[33m  16.6 [0m|
|[31m    420 [0m|[32m    25 [0m|[33m    -3.00 [0m|[34;1m              +1729.00 [0m|[35m         16.8 [0m|[36;1m             38.560% [0m|[31;1m            53.750% [0m|[32;1m                         +0.13508 [0m|[33m  16.6 [0m|
|[31m    421 [0m|[32m    25 [0m|[33m    -3.00 [0m|[34;1m              +1726.00 [0m|[35m         16.8 [0m|[36;1m             38.560% [0m|[31;1m            53.711% [0m|[32;1m                         +0.13484 [0m|[33m  16.6 [0m|
|[31m    422 [0m|[32m    25 [0m|[33m    -3.00 [0m|[34;1m              +1723.00 [0m|[35m         16.9 [0m|[36;1m             38.560% [0m|[31;1m            53.673% [0m|[32;1m                         +0.13461 [0m|[33m  16.6 [0m|
|[31m    423 [0m|[32m    26 [0m|[33m  +197.00 [0m|[34;1m              +1920.00 [0m|[35m         16.3 [0m|[36;1m             40.923% [0m|[31;1m            53.635% [0m|[32;1m                         +0.15000 [0m|[33m  16.6 [0m|
|[31m    424 [0m|[32m    26 [0m|[33m    -2.00 [0m|[34;1m              +1918.00 [0m|[35m         16.3 [0m|[36;1m             40.923% [0m|[31;1m            53.567% [0m|[32;1m                         +0.14984 [0m|[33m  16.6 [0m|
|[31m    425 [0m|[32m    26 [0m|[33m    -2.00 [0m|[34;1m              +1916.00 [0m|[35m         16.3 [0m|[36;1m             40.923% [0m|[31;1m            53.500% [0m|[32;1m                         +0.14969 [0m|[33m  16.6 [0m|
|[31m    426 [0m|[32m    26 [0m|[33m    -3.00 [0m|[34;1m              +1913.00 [0m|[35m         16.4 [0m|[36;1m             40.923% [0m|[31;1m            53.462% [0m|[32;1m                         +0.14945 [0m|[33m  16.6 [0m|
|[31m    427 [0m|[32m    26 [0m|[33m    -3.00 [0m|[34;1m              +1910.00 [0m|[35m         16.4 [0m|[36;1m             40.923% [0m|[31;1m            53.425% [0m|[32;1m                         +0.14922 [0m|[33m  16.6 [0m|
|[31m    428 [0m|[32m    26 [0m|[33m    -3.00 [0m|[34;1m              +1907.00 [0m|[35m         16.5 [0m|[36;1m             40.923% [0m|[31;1m            53.388% [0m|[32;1m                         +0.14898 [0m|[33m  16.6 [0m|
|[31m    429 [0m|[32m    26 [0m|[33m    -3.00 [0m|[34;1m              +1904.00 [0m|[35m         16.5 [0m|[36;1m             40.923% [0m|[31;1m            53.351% [0m|[32;1m                         +0.14875 [0m|[33m  16.7 [0m|
|[31m    430 [0m|[32m    26 [0m|[33m    -3.00 [0m|[34;1m              +1901.00 [0m|[35m         16.5 [0m|[36;1m             40.923% [0m|[31;1m            53.314% [0m|[32;1m                         +0.14852 [0m|[33m  16.6 [0m|
|[31m    431 [0m|[32m    26 [0m|[33m    -3.00 [0m|[34;1m              +1898.00 [0m|[35m         16.6 [0m|[36;1m             40.923% [0m|[31;1m            53.277% [0m|[32;1m                         +0.14828 [0m|[33m  16.6 [0m|
|[31m    432 [0m|[32m    26 [0m|[33m    -3.00 [0m|[34;1m              +1895.00 [0m|[35m         16.6 [0m|[36;1m             40.923% [0m|[31;1m            53.241% [0m|[32;1m                         +0.14805 [0m|[33m  16.6 [0m|
|[31m    433 [0m|[32m    26 [0m|[33m    -3.00 [0m|[34;1m              +1892.00 [0m|[35m         16.7 [0m|[36;1m             40.923% [0m|[31;1m            53.204% [0m|[32;1m                         +0.14781 [0m|[33m  16.7 [0m|
|[31m    434 [0m|[32m    26 [0m|[33m    -3.00 [0m|[34;1m              +1889.00 [0m|[35m         16.7 [0m|[36;1m             40.923% [0m|[31;1m            53.168% [0m|[32;1m                         +0.14758 [0m|[33m  16.7 [0m|
|[31m    435 [0m|[32m    26 [0m|[33m    -3.00 [0m|[34;1m              +1886.00 [0m|[35m         16.7 [0m|[36;1m             40.923% [0m|[31;1m            53.132% [0m|[32;1m                         +0.14734 [0m|[33m  16.7 [0m|
|[31m    436 [0m|[32m    26 [0m|[33m    -3.00 [0m|[34;1m              +1883.00 [0m|[35m         16.8 [0m|[36;1m             40.923% [0m|[31;1m            53.096% [0m|[32;1m                         +0.14711 [0m|[33m  16.7 [0m|
|[31m    437 [0m|[32m    26 [0m|[33m    -3.00 [0m|[34;1m              +1880.00 [0m|[35m         16.8 [0m|[36;1m             40.923% [0m|[31;1m            53.061% [0m|[32;1m                         +0.14688 [0m|[33m  16.7 [0m|
|[31m    438 [0m|[32m    26 [0m|[33m    -3.00 [0m|[34;1m              +1877.00 [0m|[35m         16.8 [0m|[36;1m             40.923% [0m|[31;1m            53.025% [0m|[32;1m                         +0.14664 [0m|[33m  16.7 [0m|
|[31m    439 [0m|[32m    26 [0m|[33m    -3.00 [0m|[34;1m              +1874.00 [0m|[35m         16.9 [0m|[36;1m             40.923% [0m|[31;1m            52.990% [0m|[32;1m                         +0.14641 [0m|[33m  16.7 [0m|
|[31m    440 [0m|[32m    26 [0m|[33m    -3.00 [0m|[34;1m              +1871.00 [0m|[35m         16.9 [0m|[36;1m             40.923% [0m|[31;1m            52.955% [0m|[32;1m                         +0.14617 [0m|[33m  16.7 [0m|
|[31m    441 [0m|[32m    26 [0m|[33m    -3.00 [0m|[34;1m              +1868.00 [0m|[35m         17.0 [0m|[36;1m             40.923% [0m|[31;1m            52.920% [0m|[32;1m                         +0.14594 [0m|[33m  16.7 [0m|
|[31m    442 [0m|[32m    26 [0m|[33m    -3.00 [0m|[34;1m              +1865.00 [0m|[35m         17.0 [0m|[36;1m             40.923% [0m|[31;1m            52.885% [0m|[32;1m                         +0.14570 [0m|[33m  16.7 [0m|
|[31m    443 [0m|[32m    27 [0m|[33m  +196.00 [0m|[34;1m              +2061.00 [0m|[35m         16.4 [0m|[36;1m             43.037% [0m|[31;1m            52.850% [0m|[32;1m                         +0.16102 [0m|[33m  16.7 [0m|
|[31m    444 [0m|[32m    27 [0m|[33m    -2.00 [0m|[34;1m              +2059.00 [0m|[35m         16.4 [0m|[36;1m             43.037% [0m|[31;1m            52.815% [0m|[32;1m                         +0.16086 [0m|[33m  16.8 [0m|
|[31m    445 [0m|[32m    27 [0m|[33m    -2.00 [0m|[34;1m              +2057.00 [0m|[35m         16.5 [0m|[36;1m             43.037% [0m|[31;1m            52.781% [0m|[32;1m                         +0.16070 [0m|[33m  16.8 [0m|
|[31m    446 [0m|[32m    27 [0m|[33m    -2.00 [0m|[34;1m              +2055.00 [0m|[35m         16.5 [0m|[36;1m             43.037% [0m|[31;1m            52.747% [0m|[32;1m                         +0.16055 [0m|[33m  16.7 [0m|
|[31m    447 [0m|[32m    27 [0m|[33m    -2.00 [0m|[34;1m              +2053.00 [0m|[35m         16.6 [0m|[36;1m             43.037% [0m|[31;1m            52.713% [0m|[32;1m                         +0.16039 [0m|[33m  16.7 [0m|
|[31m    448 [0m|[32m    27 [0m|[33m    -2.00 [0m|[34;1m              +2051.00 [0m|[35m         16.6 [0m|[36;1m             43.037% [0m|[31;1m            52.679% [0m|[32;1m                         +0.16023 [0m|[33m  16.8 [0m|
|[31m    449 [0m|[32m    27 [0m|[33m    -2.00 [0m|[34;1m              +2049.00 [0m|[35m         16.6 [0m|[36;1m             43.037% [0m|[31;1m            52.617% [0m|[32;1m                         +0.16008 [0m|[33m  16.8 [0m|
|[31m    450 [0m|[32m    27 [0m|[33m    -2.00 [0m|[34;1m              +2047.00 [0m|[35m         16.7 [0m|[36;1m             43.037% [0m|[31;1m            52.556% [0m|[32;1m                         +0.15992 [0m|[33m  16.8 [0m|
|[31m    451 [0m|[32m    27 [0m|[33m    -2.00 [0m|[34;1m              +2045.00 [0m|[35m         16.7 [0m|[36;1m             43.037% [0m|[31;1m            52.494% [0m|[32;1m                         +0.15977 [0m|[33m  16.7 [0m|
|[31m    452 [0m|[32m    27 [0m|[33m    -2.00 [0m|[34;1m              +2043.00 [0m|[35m         16.7 [0m|[36;1m             43.037% [0m|[31;1m            52.434% [0m|[32;1m                         +0.15961 [0m|[33m  16.7 [0m|
|[31m    453 [0m|[32m    27 [0m|[33m    -2.00 [0m|[34;1m              +2041.00 [0m|[35m         16.8 [0m|[36;1m             43.037% [0m|[31;1m            52.401% [0m|[32;1m                         +0.15945 [0m|[33m  16.8 [0m|
|[31m    454 [0m|[32m    28 [0m|[33m  +117.00 [0m|[34;1m              +2158.00 [0m|[35m         16.2 [0m|[36;1m             42.179% [0m|[31;1m            52.368% [0m|[32;1m                         +0.16859 [0m|[33m  16.8 [0m|
|[31m    455 [0m|[32m    28 [0m|[33m    -2.00 [0m|[34;1m              +2156.00 [0m|[35m         16.2 [0m|[36;1m             42.179% [0m|[31;1m            52.335% [0m|[32;1m                         +0.16844 [0m|[33m  16.8 [0m|
|[31m    456 [0m|[32m    28 [0m|[33m    -2.00 [0m|[34;1m              +2154.00 [0m|[35m         16.3 [0m|[36;1m             42.179% [0m|[31;1m            52.303% [0m|[32;1m                         +0.16828 [0m|[33m  16.8 [0m|
|[31m    457 [0m|[32m    28 [0m|[33m    -2.00 [0m|[34;1m              +2152.00 [0m|[35m         16.3 [0m|[36;1m             42.179% [0m|[31;1m            52.270% [0m|[32;1m                         +0.16812 [0m|[33m  16.8 [0m|
|[31m    458 [0m|[32m    28 [0m|[33m    -2.00 [0m|[34;1m              +2150.00 [0m|[35m         16.4 [0m|[36;1m             42.179% [0m|[31;1m            52.211% [0m|[32;1m                         +0.16797 [0m|[33m  16.8 [0m|
|[31m    459 [0m|[32m    28 [0m|[33m    -2.00 [0m|[34;1m              +2148.00 [0m|[35m         16.4 [0m|[36;1m             42.179% [0m|[31;1m            52.151% [0m|[32;1m                         +0.16781 [0m|[33m  16.8 [0m|
|[31m    460 [0m|[32m    28 [0m|[33m    -2.00 [0m|[34;1m              +2146.00 [0m|[35m         16.4 [0m|[36;1m             42.179% [0m|[31;1m            52.092% [0m|[32;1m                         +0.16766 [0m|[33m  16.8 [0m|
|[31m    461 [0m|[32m    28 [0m|[33m    -2.00 [0m|[34;1m              +2144.00 [0m|[35m         16.5 [0m|[36;1m             42.179% [0m|[31;1m            52.034% [0m|[32;1m                         +0.16750 [0m|[33m  16.7 [0m|
|[31m    462 [0m|[32m    28 [0m|[33m    -2.00 [0m|[34;1m              +2142.00 [0m|[35m         16.5 [0m|[36;1m             42.179% [0m|[31;1m            51.975% [0m|[32;1m                         +0.16734 [0m|[33m  16.8 [0m|
|[31m    463 [0m|[32m    28 [0m|[33m    -2.00 [0m|[34;1m              +2140.00 [0m|[35m         16.5 [0m|[36;1m             42.179% [0m|[31;1m            51.917% [0m|[32;1m                         +0.16719 [0m|[33m  16.8 [0m|
|[31m    464 [0m|[32m    28 [0m|[33m    -2.00 [0m|[34;1m              +2138.00 [0m|[35m         16.6 [0m|[36;1m             42.179% [0m|[31;1m            51.859% [0m|[32;1m                         +0.16703 [0m|[33m  16.8 [0m|
|[31m    465 [0m|[32m    30 [0m|[33m  +350.00 [0m|[34;1m              +2488.00 [0m|[35m         15.5 [0m|[36;1m             44.433% [0m|[31;1m            51.801% [0m|[32;1m                         +0.19437 [0m|[33m  16.8 [0m|
|[31m    466 [0m|[32m    30 [0m|[33m    -1.00 [0m|[34;1m              +2487.00 [0m|[35m         15.5 [0m|[36;1m             44.433% [0m|[31;1m            51.717% [0m|[32;1m                         +0.19430 [0m|[33m  16.8 [0m|
|[31m    467 [0m|[32m    30 [0m|[33m    -1.00 [0m|[34;1m              +2486.00 [0m|[35m         15.6 [0m|[36;1m             44.433% [0m|[31;1m            51.633% [0m|[32;1m                         +0.19422 [0m|[33m  16.8 [0m|
|[31m    468 [0m|[32m    30 [0m|[33m    -1.00 [0m|[34;1m              +2485.00 [0m|[35m         15.6 [0m|[36;1m             44.433% [0m|[31;1m            51.549% [0m|[32;1m                         +0.19414 [0m|[33m  16.8 [0m|
|[31m    469 [0m|[32m    30 [0m|[33m    -2.00 [0m|[34;1m              +2483.00 [0m|[35m         15.6 [0m|[36;1m             44.433% [0m|[31;1m            51.493% [0m|[32;1m                         +0.19398 [0m|[33m  16.8 [0m|
|[31m    470 [0m|[32m    30 [0m|[33m    -1.00 [0m|[34;1m              +2482.00 [0m|[35m         15.7 [0m|[36;1m             44.433% [0m|[31;1m            51.410% [0m|[32;1m                         +0.19391 [0m|[33m  16.8 [0m|
|[31m    471 [0m|[32m    30 [0m|[33m    -2.00 [0m|[34;1m              +2480.00 [0m|[35m         15.7 [0m|[36;1m             44.433% [0m|[31;1m            51.354% [0m|[32;1m                         +0.19375 [0m|[33m  16.8 [0m|
|[31m    472 [0m|[32m    30 [0m|[33m    -1.00 [0m|[34;1m              +2479.00 [0m|[35m         15.7 [0m|[36;1m             44.433% [0m|[31;1m            51.271% [0m|[32;1m                         +0.19367 [0m|[33m  16.8 [0m|
|[31m    473 [0m|[32m    30 [0m|[33m    -1.00 [0m|[34;1m              +2478.00 [0m|[35m         15.8 [0m|[36;1m             44.433% [0m|[31;1m            51.189% [0m|[32;1m                         +0.19359 [0m|[33m  16.8 [0m|
|[31m    474 [0m|[32m    30 [0m|[33m    -1.00 [0m|[34;1m              +2477.00 [0m|[35m         15.8 [0m|[36;1m             44.433% [0m|[31;1m            51.108% [0m|[32;1m                         +0.19352 [0m|[33m  16.8 [0m|
|[31m    475 [0m|[32m    30 [0m|[33m    -1.00 [0m|[34;1m              +2476.00 [0m|[35m         15.8 [0m|[36;1m             44.433% [0m|[31;1m            51.026% [0m|[32;1m                         +0.19344 [0m|[33m  16.9 [0m|
|[31m    476 [0m|[32m    30 [0m|[33m    -1.00 [0m|[34;1m              +2475.00 [0m|[35m         15.9 [0m|[36;1m             44.433% [0m|[31;1m            50.945% [0m|[32;1m                         +0.19336 [0m|[33m  16.8 [0m|
|[31m    477 [0m|[32m    31 [0m|[33m   +99.00 [0m|[34;1m              +2574.00 [0m|[35m         15.4 [0m|[36;1m             43.000% [0m|[31;1m            50.865% [0m|[32;1m                         +0.20109 [0m|[33m  16.8 [0m|
|[31m    478 [0m|[32m    31 [0m|[33m    -2.00 [0m|[34;1m              +2572.00 [0m|[35m         15.4 [0m|[36;1m             43.000% [0m|[31;1m            50.811% [0m|[32;1m                         +0.20094 [0m|[33m  16.8 [0m|
|[31m    479 [0m|[32m    31 [0m|[33m    -2.00 [0m|[34;1m              +2570.00 [0m|[35m         15.5 [0m|[36;1m             43.000% [0m|[31;1m            50.757% [0m|[32;1m                         +0.20078 [0m|[33m  16.8 [0m|
|[31m    480 [0m|[32m    31 [0m|[33m    -3.00 [0m|[34;1m              +2567.00 [0m|[35m         15.5 [0m|[36;1m             43.000% [0m|[31;1m            50.729% [0m|[32;1m                         +0.20055 [0m|[33m  16.8 [0m|
|[31m    481 [0m|[32m    31 [0m|[33m    -3.00 [0m|[34;1m              +2564.00 [0m|[35m         15.5 [0m|[36;1m             43.000% [0m|[31;1m            50.702% [0m|[32;1m                         +0.20031 [0m|[33m  16.8 [0m|
|[31m    482 [0m|[32m    31 [0m|[33m    -3.00 [0m|[34;1m              +2561.00 [0m|[35m         15.5 [0m|[36;1m             43.000% [0m|[31;1m            50.674% [0m|[32;1m                         +0.20008 [0m|[33m  16.8 [0m|
|[31m    483 [0m|[32m    31 [0m|[33m    -3.00 [0m|[34;1m              +2558.00 [0m|[35m         15.6 [0m|[36;1m             43.000% [0m|[31;1m            50.647% [0m|[32;1m                         +0.19984 [0m|[33m  16.8 [0m|
|[31m    484 [0m|[32m    31 [0m|[33m    -3.00 [0m|[34;1m              +2555.00 [0m|[35m         15.6 [0m|[36;1m             43.000% [0m|[31;1m            50.620% [0m|[32;1m                         +0.19961 [0m|[33m  16.9 [0m|
|[31m    485 [0m|[32m    31 [0m|[33m    -3.00 [0m|[34;1m              +2552.00 [0m|[35m         15.6 [0m|[36;1m             43.000% [0m|[31;1m            50.593% [0m|[32;1m                         +0.19937 [0m|[33m  16.9 [0m|
|[31m    486 [0m|[32m    31 [0m|[33m    -3.00 [0m|[34;1m              +2549.00 [0m|[35m         15.7 [0m|[36;1m             43.000% [0m|[31;1m            50.566% [0m|[32;1m                         +0.19914 [0m|[33m  16.9 [0m|
|[31m    487 [0m|[32m    31 [0m|[33m    -3.00 [0m|[34;1m              +2546.00 [0m|[35m         15.7 [0m|[36;1m             43.000% [0m|[31;1m            50.539% [0m|[32;1m                         +0.19891 [0m|[33m  16.9 [0m|
|[31m    488 [0m|[32m    31 [0m|[33m    -3.00 [0m|[34;1m              +2543.00 [0m|[35m         15.7 [0m|[36;1m             43.000% [0m|[31;1m            50.512% [0m|[32;1m                         +0.19867 [0m|[33m  16.9 [0m|
|[31m    489 [0m|[32m    31 [0m|[33m    -3.00 [0m|[34;1m              +2540.00 [0m|[35m         15.8 [0m|[36;1m             43.000% [0m|[31;1m            50.486% [0m|[32;1m                         +0.19844 [0m|[33m  16.9 [0m|
|[31m    490 [0m|[32m    31 [0m|[33m    -3.00 [0m|[34;1m              +2537.00 [0m|[35m         15.8 [0m|[36;1m             43.000% [0m|[31;1m            50.459% [0m|[32;1m                         +0.19820 [0m|[33m  16.9 [0m|
|[31m    491 [0m|[32m    31 [0m|[33m    -3.00 [0m|[34;1m              +2534.00 [0m|[35m         15.8 [0m|[36;1m             43.000% [0m|[31;1m            50.433% [0m|[32;1m                         +0.19797 [0m|[33m  16.8 [0m|
|[31m    492 [0m|[32m    31 [0m|[33m    -3.00 [0m|[34;1m              +2531.00 [0m|[35m         15.9 [0m|[36;1m             43.000% [0m|[31;1m            50.407% [0m|[32;1m                         +0.19773 [0m|[33m  16.8 [0m|
|[31m    493 [0m|[32m    31 [0m|[33m    -3.00 [0m|[34;1m              +2528.00 [0m|[35m         15.9 [0m|[36;1m             43.000% [0m|[31;1m            50.380% [0m|[32;1m                         +0.19750 [0m|[33m  16.9 [0m|
|[31m    494 [0m|[32m    31 [0m|[33m    -4.00 [0m|[34;1m              +2524.00 [0m|[35m         15.9 [0m|[36;1m             43.000% [0m|[31;1m            50.380% [0m|[32;1m                         +0.19719 [0m|[33m  16.9 [0m|
|[31m    495 [0m|[32m    31 [0m|[33m    -4.00 [0m|[34;1m              +2520.00 [0m|[35m         16.0 [0m|[36;1m             43.000% [0m|[31;1m            50.379% [0m|[32;1m                         +0.19687 [0m|[33m  16.9 [0m|
|[31m    496 [0m|[32m    31 [0m|[33m    -4.00 [0m|[34;1m              +2516.00 [0m|[35m         16.0 [0m|[36;1m             43.000% [0m|[31;1m            50.378% [0m|[32;1m                         +0.19656 [0m|[33m  16.9 [0m|
|[31m    497 [0m|[32m    31 [0m|[33m    -4.00 [0m|[34;1m              +2512.00 [0m|[35m         16.0 [0m|[36;1m             43.000% [0m|[31;1m            50.377% [0m|[32;1m                         +0.19625 [0m|[33m  16.9 [0m|
|[31m    498 [0m|[32m    31 [0m|[33m    -4.00 [0m|[34;1m              +2508.00 [0m|[35m         16.1 [0m|[36;1m             43.000% [0m|[31;1m            50.377% [0m|[32;1m                         +0.19594 [0m|[33m  16.9 [0m|
|[31m    499 [0m|[32m    31 [0m|[33m    -4.00 [0m|[34;1m              +2504.00 [0m|[35m         16.1 [0m|[36;1m             43.000% [0m|[31;1m            50.376% [0m|[32;1m                         +0.19562 [0m|[33m  16.9 [0m|
|[31m    500 [0m|[32m    31 [0m|[33m    -4.00 [0m|[34;1m              +2500.00 [0m|[35m         16.1 [0m|[36;1m             43.000% [0m|[31;1m            50.375% [0m|[32;1m                         +0.19531 [0m|[33m  16.9 [0m|
|[31m    501 [0m|[32m    31 [0m|[33m    -4.00 [0m|[34;1m              +2496.00 [0m|[35m         16.2 [0m|[36;1m             43.000% [0m|[31;1m            50.374% [0m|[32;1m                         +0.19500 [0m|[33m  16.8 [0m|
|[31m    502 [0m|[32m    31 [0m|[33m    -4.00 [0m|[34;1m              +2492.00 [0m|[35m         16.2 [0m|[36;1m             43.000% [0m|[31;1m            50.374% [0m|[32;1m                         +0.19469 [0m|[33m  16.9 [0m|
|[31m    503 [0m|[32m    31 [0m|[33m    -4.00 [0m|[34;1m              +2488.00 [0m|[35m         16.2 [0m|[36;1m             43.000% [0m|[31;1m            50.373% [0m|[32;1m                         +0.19437 [0m|[33m  16.9 [0m|
|[31m    504 [0m|[32m    31 [0m|[33m    -4.00 [0m|[34;1m              +2484.00 [0m|[35m         16.3 [0m|[36;1m             43.000% [0m|[31;1m            50.372% [0m|[32;1m                         +0.19406 [0m|[33m  16.9 [0m|
|[31m    505 [0m|[32m    31 [0m|[33m    -4.00 [0m|[34;1m              +2480.00 [0m|[35m         16.3 [0m|[36;1m             43.000% [0m|[31;1m            50.371% [0m|[32;1m                         +0.19375 [0m|[33m  16.9 [0m|
|[31m    506 [0m|[32m    31 [0m|[33m    -4.00 [0m|[34;1m              +2476.00 [0m|[35m         16.3 [0m|[36;1m             43.000% [0m|[31;1m            50.371% [0m|[32;1m                         +0.19344 [0m|[33m  16.9 [0m|
|[31m    507 [0m|[32m    31 [0m|[33m    -4.00 [0m|[34;1m              +2472.00 [0m|[35m         16.4 [0m|[36;1m             43.000% [0m|[31;1m            50.370% [0m|[32;1m                         +0.19312 [0m|[33m  16.9 [0m|
|[31m    508 [0m|[32m    31 [0m|[33m    -4.00 [0m|[34;1m              +2468.00 [0m|[35m         16.4 [0m|[36;1m             43.000% [0m|[31;1m            50.369% [0m|[32;1m                         +0.19281 [0m|[33m  16.9 [0m|
|[31m    509 [0m|[32m    31 [0m|[33m    -4.00 [0m|[34;1m              +2464.00 [0m|[35m         16.4 [0m|[36;1m             43.000% [0m|[31;1m            50.368% [0m|[32;1m                         +0.19250 [0m|[33m  16.9 [0m|
|[31m    510 [0m|[32m    31 [0m|[33m    -4.00 [0m|[34;1m              +2460.00 [0m|[35m         16.5 [0m|[36;1m             43.000% [0m|[31;1m            50.368% [0m|[32;1m                         +0.19219 [0m|[33m  16.9 [0m|
|[31m    511 [0m|[32m    31 [0m|[33m    -4.00 [0m|[34;1m              +2456.00 [0m|[35m         16.5 [0m|[36;1m             43.000% [0m|[31;1m            50.367% [0m|[32;1m                         +0.19187 [0m|[33m  16.9 [0m|
|[31m    512 [0m|[32m    31 [0m|[33m    -4.00 [0m|[34;1m              +2452.00 [0m|[35m         16.5 [0m|[36;1m             43.000% [0m|[31;1m            50.366% [0m|[32;1m                         +0.19156 [0m|[33m  16.9 [0m|
|[31m    513 [0m|[32m    31 [0m|[33m    -4.00 [0m|[34;1m              +2448.00 [0m|[35m         16.5 [0m|[36;1m             43.000% [0m|[31;1m            50.365% [0m|[32;1m                         +0.19125 [0m|[33m  16.9 [0m|
|[31m    514 [0m|[32m    31 [0m|[33m    -3.00 [0m|[34;1m              +2445.00 [0m|[35m         16.6 [0m|[36;1m             43.000% [0m|[31;1m            50.340% [0m|[32;1m                         +0.19102 [0m|[33m  16.9 [0m|
|[31m    515 [0m|[32m    31 [0m|[33m    -3.00 [0m|[34;1m              +2442.00 [0m|[35m         16.6 [0m|[36;1m             43.000% [0m|[31;1m            50.316% [0m|[32;1m                         +0.19078 [0m|[33m  16.9 [0m|
|[31m    516 [0m|[32m    31 [0m|[33m    -3.00 [0m|[34;1m              +2439.00 [0m|[35m         16.6 [0m|[36;1m             43.000% [0m|[31;1m            50.291% [0m|[32;1m                         +0.19055 [0m|[33m  16.9 [0m|
|[31m    517 [0m|[32m    31 [0m|[33m    -4.00 [0m|[34;1m              +2435.00 [0m|[35m         16.7 [0m|[36;1m             43.000% [0m|[31;1m            50.290% [0m|[32;1m                         +0.19023 [0m|[33m  16.9 [0m|
|[31m    518 [0m|[32m    31 [0m|[33m    -4.00 [0m|[34;1m              +2431.00 [0m|[35m         16.7 [0m|[36;1m             43.000% [0m|[31;1m            50.290% [0m|[32;1m                         +0.18992 [0m|[33m  16.9 [0m|
|[31m    519 [0m|[32m    31 [0m|[33m    -5.00 [0m|[34;1m              +2426.00 [0m|[35m         16.7 [0m|[36;1m             43.000% [0m|[31;1m            50.313% [0m|[32;1m                         +0.18953 [0m|[33m  16.9 [0m|
|[31m    520 [0m|[32m    31 [0m|[33m    -5.00 [0m|[34;1m              +2421.00 [0m|[35m         16.8 [0m|[36;1m             43.000% [0m|[31;1m            50.337% [0m|[32;1m                         +0.18914 [0m|[33m  16.9 [0m|
|[31m    521 [0m|[32m    31 [0m|[33m    -5.00 [0m|[34;1m              +2416.00 [0m|[35m         16.8 [0m|[36;1m             43.000% [0m|[31;1m            50.360% [0m|[32;1m                         +0.18875 [0m|[33m  16.9 [0m|
|[31m    522 [0m|[32m    31 [0m|[33m    -5.00 [0m|[34;1m              +2411.00 [0m|[35m         16.8 [0m|[36;1m             43.000% [0m|[31;1m            50.383% [0m|[32;1m                         +0.18836 [0m|[33m  16.9 [0m|
|[31m    523 [0m|[32m    31 [0m|[33m    -5.00 [0m|[34;1m              +2406.00 [0m|[35m         16.9 [0m|[36;1m             43.000% [0m|[31;1m            50.406% [0m|[32;1m                         +0.18797 [0m|[33m  16.9 [0m|
|[31m    524 [0m|[32m    31 [0m|[33m    -5.00 [0m|[34;1m              +2401.00 [0m|[35m         16.9 [0m|[36;1m             43.000% [0m|[31;1m            50.429% [0m|[32;1m                         +0.18758 [0m|[33m  16.9 [0m|
|[31m    525 [0m|[32m    31 [0m|[33m    -5.00 [0m|[34;1m              +2396.00 [0m|[35m         16.9 [0m|[36;1m             43.000% [0m|[31;1m            50.452% [0m|[32;1m                         +0.18719 [0m|[33m  17.0 [0m|
|[31m    526 [0m|[32m    31 [0m|[33m    -5.00 [0m|[34;1m              +2391.00 [0m|[35m         17.0 [0m|[36;1m             43.000% [0m|[31;1m            50.475% [0m|[32;1m                         +0.18680 [0m|[33m  16.9 [0m|
|[31m    527 [0m|[32m    31 [0m|[33m    -5.00 [0m|[34;1m              +2386.00 [0m|[35m         17.0 [0m|[36;1m             43.000% [0m|[31;1m            50.498% [0m|[32;1m                         +0.18641 [0m|[33m  16.9 [0m|
|[31m    528 [0m|[32m    31 [0m|[33m    -5.00 [0m|[34;1m              +2381.00 [0m|[35m         17.0 [0m|[36;1m             43.000% [0m|[31;1m            50.521% [0m|[32;1m                         +0.18602 [0m|[33m  16.9 [0m|
|[31m    529 [0m|[32m    31 [0m|[33m    -5.00 [0m|[34;1m              +2376.00 [0m|[35m         17.1 [0m|[36;1m             43.000% [0m|[31;1m            50.543% [0m|[32;1m                         +0.18563 [0m|[33m  17.0 [0m|
|[31m    530 [0m|[32m    31 [0m|[33m    -4.00 [0m|[34;1m              +2372.00 [0m|[35m         17.1 [0m|[36;1m             43.000% [0m|[31;1m            50.542% [0m|[32;1m                         +0.18531 [0m|[33m  16.9 [0m|
|[31m    531 [0m|[32m    31 [0m|[33m    -5.00 [0m|[34;1m              +2367.00 [0m|[35m         17.1 [0m|[36;1m             43.000% [0m|[31;1m            50.565% [0m|[32;1m                         +0.18492 [0m|[33m  16.9 [0m|
|[31m    532 [0m|[32m    31 [0m|[33m    -5.00 [0m|[34;1m              +2362.00 [0m|[35m         17.2 [0m|[36;1m             43.000% [0m|[31;1m            50.587% [0m|[32;1m                         +0.18453 [0m|[33m  16.9 [0m|
|[31m    533 [0m|[32m    31 [0m|[33m    -5.00 [0m|[34;1m              +2357.00 [0m|[35m         17.2 [0m|[36;1m             43.000% [0m|[31;1m            50.610% [0m|[32;1m                         +0.18414 [0m|[33m  16.9 [0m|
|[31m    534 [0m|[32m    31 [0m|[33m    -5.00 [0m|[34;1m              +2352.00 [0m|[35m         17.2 [0m|[36;1m             43.000% [0m|[31;1m            50.632% [0m|[32;1m                         +0.18375 [0m|[33m  16.9 [0m|
|[31m    535 [0m|[32m    31 [0m|[33m    -4.00 [0m|[34;1m              +2348.00 [0m|[35m         17.3 [0m|[36;1m             43.000% [0m|[31;1m            50.631% [0m|[32;1m                         +0.18344 [0m|[33m  16.9 [0m|
|[31m    536 [0m|[32m    31 [0m|[33m    -5.00 [0m|[34;1m              +2343.00 [0m|[35m         17.3 [0m|[36;1m             43.000% [0m|[31;1m            50.653% [0m|[32;1m                         +0.18305 [0m|[33m  16.9 [0m|
|[31m    537 [0m|[32m    31 [0m|[33m    -5.00 [0m|[34;1m              +2338.00 [0m|[35m         17.3 [0m|[36;1m             43.000% [0m|[31;1m            50.675% [0m|[32;1m                         +0.18266 [0m|[33m  16.9 [0m|
|[31m    538 [0m|[32m    31 [0m|[33m    -4.00 [0m|[34;1m              +2334.00 [0m|[35m         17.4 [0m|[36;1m             43.000% [0m|[31;1m            50.674% [0m|[32;1m                         +0.18234 [0m|[33m  16.9 [0m|
|[31m    539 [0m|[32m    31 [0m|[33m    -4.00 [0m|[34;1m              +2330.00 [0m|[35m         17.4 [0m|[36;1m             43.000% [0m|[31;1m            50.673% [0m|[32;1m                         +0.18203 [0m|[33m  16.9 [0m|
|[31m    540 [0m|[32m    31 [0m|[33m    -3.00 [0m|[34;1m              +2327.00 [0m|[35m         17.4 [0m|[36;1m             43.000% [0m|[31;1m            50.648% [0m|[32;1m                         +0.18180 [0m|[33m  16.9 [0m|
|[31m    541 [0m|[32m    31 [0m|[33m    -3.00 [0m|[34;1m              +2324.00 [0m|[35m         17.5 [0m|[36;1m             43.000% [0m|[31;1m            50.624% [0m|[32;1m                         +0.18156 [0m|[33m  16.9 [0m|
|[31m    542 [0m|[32m    31 [0m|[33m    -2.00 [0m|[34;1m              +2322.00 [0m|[35m         17.5 [0m|[36;1m             43.000% [0m|[31;1m            50.577% [0m|[32;1m                         +0.18141 [0m|[33m  16.9 [0m|
|[31m    543 [0m|[32m    31 [0m|[33m    -3.00 [0m|[34;1m              +2319.00 [0m|[35m         17.5 [0m|[36;1m             43.000% [0m|[31;1m            50.552% [0m|[32;1m                         +0.18117 [0m|[33m  16.9 [0m|
|[31m    544 [0m|[32m    31 [0m|[33m    -3.00 [0m|[34;1m              +2316.00 [0m|[35m         17.5 [0m|[36;1m             43.000% [0m|[31;1m            50.528% [0m|[32;1m                         +0.18094 [0m|[33m  17.0 [0m|
|[31m    545 [0m|[32m    31 [0m|[33m    -3.00 [0m|[34;1m              +2313.00 [0m|[35m         17.6 [0m|[36;1m             43.000% [0m|[31;1m            50.505% [0m|[32;1m                         +0.18070 [0m|[33m  17.0 [0m|
|[31m    546 [0m|[32m    31 [0m|[33m    -3.00 [0m|[34;1m              +2310.00 [0m|[35m         17.6 [0m|[36;1m             43.000% [0m|[31;1m            50.481% [0m|[32;1m                         +0.18047 [0m|[33m  16.9 [0m|
|[31m    547 [0m|[32m    31 [0m|[33m    -3.00 [0m|[34;1m              +2307.00 [0m|[35m         17.6 [0m|[36;1m             43.000% [0m|[31;1m            50.457% [0m|[32;1m                         +0.18023 [0m|[33m  16.9 [0m|
|[31m    548 [0m|[32m    31 [0m|[33m    -2.00 [0m|[34;1m              +2305.00 [0m|[35m         17.7 [0m|[36;1m             43.000% [0m|[31;1m            50.411% [0m|[32;1m                         +0.18008 [0m|[33m  17.0 [0m|
|[31m    549 [0m|[32m    31 [0m|[33m    -3.00 [0m|[34;1m              +2302.00 [0m|[35m         17.7 [0m|[36;1m             43.000% [0m|[31;1m            50.387% [0m|[32;1m                         +0.17984 [0m|[33m  17.0 [0m|
|[31m    550 [0m|[32m    31 [0m|[33m    -3.00 [0m|[34;1m              +2299.00 [0m|[35m         17.7 [0m|[36;1m             43.000% [0m|[31;1m            50.364% [0m|[32;1m                         +0.17961 [0m|[33m  16.9 [0m|
|[31m    551 [0m|[32m    31 [0m|[33m    -4.00 [0m|[34;1m              +2295.00 [0m|[35m         17.8 [0m|[36;1m             43.000% [0m|[31;1m            50.363% [0m|[32;1m                         +0.17930 [0m|[33m  16.9 [0m|
|[31m    552 [0m|[32m    31 [0m|[33m    -3.00 [0m|[34;1m              +2292.00 [0m|[35m         17.8 [0m|[36;1m             43.000% [0m|[31;1m            50.340% [0m|[32;1m                         +0.17906 [0m|[33m  16.9 [0m|
|[31m    553 [0m|[32m    31 [0m|[33m    -3.00 [0m|[34;1m              +2289.00 [0m|[35m         17.8 [0m|[36;1m             43.000% [0m|[31;1m            50.316% [0m|[32;1m                         +0.17883 [0m|[33m  17.0 [0m|
|[31m    554 [0m|[32m    31 [0m|[33m    -2.00 [0m|[34;1m              +2287.00 [0m|[35m         17.9 [0m|[36;1m             43.000% [0m|[31;1m            50.271% [0m|[32;1m                         +0.17867 [0m|[33m  17.0 [0m|
|[31m    555 [0m|[32m    31 [0m|[33m    -1.00 [0m|[34;1m              +2286.00 [0m|[35m         17.9 [0m|[36;1m             43.000% [0m|[31;1m            50.203% [0m|[32;1m                         +0.17859 [0m|[33m  17.0 [0m|
|[31m    556 [0m|[32m    31 [0m|[33m    -2.00 [0m|[34;1m              +2284.00 [0m|[35m         17.9 [0m|[36;1m             43.000% [0m|[31;1m            50.157% [0m|[32;1m                         +0.17844 [0m|[33m  17.0 [0m|
|[31m    557 [0m|[32m    31 [0m|[33m    -2.00 [0m|[34;1m              +2282.00 [0m|[35m         18.0 [0m|[36;1m             43.000% [0m|[31;1m            50.112% [0m|[32;1m                         +0.17828 [0m|[33m  17.0 [0m|
|[31m    558 [0m|[32m    31 [0m|[33m    -2.00 [0m|[34;1m              +2280.00 [0m|[35m         18.0 [0m|[36;1m             43.000% [0m|[31;1m            50.067% [0m|[32;1m                         +0.17813 [0m|[33m  17.0 [0m|
|[31m    559 [0m|[32m    31 [0m|[33m    -2.00 [0m|[34;1m              +2278.00 [0m|[35m         18.0 [0m|[36;1m             43.000% [0m|[31;1m            50.022% [0m|[32;1m                         +0.17797 [0m|[33m  17.0 [0m|
|[31m    560 [0m|[32m    31 [0m|[33m    -2.00 [0m|[34;1m              +2276.00 [0m|[35m         18.1 [0m|[36;1m             43.000% [0m|[31;1m            49.978% [0m|[32;1m                         +0.17781 [0m|[33m  17.0 [0m|
|[31m    561 [0m|[32m    31 [0m|[33m    -2.00 [0m|[34;1m              +2274.00 [0m|[35m         18.1 [0m|[36;1m             43.000% [0m|[31;1m            49.933% [0m|[32;1m                         +0.17766 [0m|[33m  17.0 [0m|
|[31m    562 [0m|[32m    31 [0m|[33m    -2.00 [0m|[34;1m              +2272.00 [0m|[35m         18.1 [0m|[36;1m             43.000% [0m|[31;1m            49.889% [0m|[32;1m                         +0.17750 [0m|[33m  17.0 [0m|
|[31m    563 [0m|[32m    31 [0m|[33m    -2.00 [0m|[34;1m              +2270.00 [0m|[35m         18.2 [0m|[36;1m             43.000% [0m|[31;1m            49.845% [0m|[32;1m                         +0.17734 [0m|[33m  17.0 [0m|
|[31m    564 [0m|[32m    31 [0m|[33m    -2.00 [0m|[34;1m              +2268.00 [0m|[35m         18.2 [0m|[36;1m             43.000% [0m|[31;1m            49.801% [0m|[32;1m                         +0.17719 [0m|[33m  17.0 [0m|
|[31m    565 [0m|[32m    31 [0m|[33m    -2.00 [0m|[34;1m              +2266.00 [0m|[35m         18.2 [0m|[36;1m             43.000% [0m|[31;1m            49.757% [0m|[32;1m                         +0.17703 [0m|[33m  17.0 [0m|
|[31m    566 [0m|[32m    32 [0m|[33m  +133.00 [0m|[34;1m              +2399.00 [0m|[35m         17.7 [0m|[36;1m             42.750% [0m|[31;1m            49.713% [0m|[32;1m                         +0.18742 [0m|[33m  17.0 [0m|
|[31m    567 [0m|[32m    33 [0m|[33m  +101.00 [0m|[34;1m              +2500.00 [0m|[35m         17.2 [0m|[36;1m             41.545% [0m|[31;1m            49.669% [0m|[32;1m                         +0.19531 [0m|[33m  17.0 [0m|
|[31m    568 [0m|[32m    33 [0m|[33m    -2.00 [0m|[34;1m              +2498.00 [0m|[35m         17.2 [0m|[36;1m             41.545% [0m|[31;1m            49.626% [0m|[32;1m                         +0.19516 [0m|[33m  17.0 [0m|
|[31m    569 [0m|[32m    33 [0m|[33m    -2.00 [0m|[34;1m              +2496.00 [0m|[35m         17.2 [0m|[36;1m             41.545% [0m|[31;1m            49.583% [0m|[32;1m                         +0.19500 [0m|[33m  17.0 [0m|
|[31m    570 [0m|[32m    33 [0m|[33m    -2.00 [0m|[34;1m              +2494.00 [0m|[35m         17.3 [0m|[36;1m             41.545% [0m|[31;1m            49.539% [0m|[32;1m                         +0.19484 [0m|[33m  17.0 [0m|
|[31m    571 [0m|[32m    33 [0m|[33m    -2.00 [0m|[34;1m              +2492.00 [0m|[35m         17.3 [0m|[36;1m             41.545% [0m|[31;1m            49.496% [0m|[32;1m                         +0.19469 [0m|[33m  17.0 [0m|
|[31m    572 [0m|[32m    33 [0m|[33m    -2.00 [0m|[34;1m              +2490.00 [0m|[35m         17.3 [0m|[36;1m             41.545% [0m|[31;1m            49.454% [0m|[32;1m                         +0.19453 [0m|[33m  17.0 [0m|
|[31m    573 [0m|[32m    33 [0m|[33m    -2.00 [0m|[34;1m              +2488.00 [0m|[35m         17.4 [0m|[36;1m             41.545% [0m|[31;1m            49.411% [0m|[32;1m                         +0.19437 [0m|[33m  17.0 [0m|
|[31m    574 [0m|[32m    33 [0m|[33m    -2.00 [0m|[34;1m              +2486.00 [0m|[35m         17.4 [0m|[36;1m             41.545% [0m|[31;1m            49.368% [0m|[32;1m                         +0.19422 [0m|[33m  17.0 [0m|
|[31m    575 [0m|[32m    33 [0m|[33m    -3.00 [0m|[34;1m              +2483.00 [0m|[35m         17.4 [0m|[36;1m             41.545% [0m|[31;1m            49.348% [0m|[32;1m                         +0.19398 [0m|[33m  17.1 [0m|
|[31m    576 [0m|[32m    33 [0m|[33m    -3.00 [0m|[34;1m              +2480.00 [0m|[35m         17.5 [0m|[36;1m             41.545% [0m|[31;1m            49.327% [0m|[32;1m                         +0.19375 [0m|[33m  17.0 [0m|
|[31m    577 [0m|[32m    33 [0m|[33m    -3.00 [0m|[34;1m              +2477.00 [0m|[35m         17.5 [0m|[36;1m             41.545% [0m|[31;1m            49.307% [0m|[32;1m                         +0.19352 [0m|[33m  17.1 [0m|
|[31m    578 [0m|[32m    33 [0m|[33m    -2.00 [0m|[34;1m              +2475.00 [0m|[35m         17.5 [0m|[36;1m             41.545% [0m|[31;1m            49.265% [0m|[32;1m                         +0.19336 [0m|[33m  17.1 [0m|
|[31m    579 [0m|[32m    33 [0m|[33m    -2.00 [0m|[34;1m              +2473.00 [0m|[35m         17.5 [0m|[36;1m             41.545% [0m|[31;1m            49.223% [0m|[32;1m                         +0.19320 [0m|[33m  17.1 [0m|
|[31m    580 [0m|[32m    33 [0m|[33m    -1.00 [0m|[34;1m              +2472.00 [0m|[35m         17.6 [0m|[36;1m             41.545% [0m|[31;1m            49.159% [0m|[32;1m                         +0.19312 [0m|[33m  17.1 [0m|
|[31m    581 [0m|[32m    33 [0m|[33m    -3.00 [0m|[34;1m              +2469.00 [0m|[35m         17.6 [0m|[36;1m             41.545% [0m|[31;1m            49.139% [0m|[32;1m                         +0.19289 [0m|[33m  17.0 [0m|
|[31m    582 [0m|[32m    33 [0m|[33m    -3.00 [0m|[34;1m              +2466.00 [0m|[35m         17.6 [0m|[36;1m             41.545% [0m|[31;1m            49.119% [0m|[32;1m                         +0.19266 [0m|[33m  17.1 [0m|
|[31m    583 [0m|[32m    33 [0m|[33m    -3.00 [0m|[34;1m              +2463.00 [0m|[35m         17.7 [0m|[36;1m             41.545% [0m|[31;1m            49.099% [0m|[32;1m                         +0.19242 [0m|[33m  17.1 [0m|
|[31m    584 [0m|[32m    33 [0m|[33m    -3.00 [0m|[34;1m              +2460.00 [0m|[35m         17.7 [0m|[36;1m             41.545% [0m|[31;1m            49.080% [0m|[32;1m                         +0.19219 [0m|[33m  17.1 [0m|
|[31m    585 [0m|[32m    33 [0m|[33m    -3.00 [0m|[34;1m              +2457.00 [0m|[35m         17.7 [0m|[36;1m             41.545% [0m|[31;1m            49.060% [0m|[32;1m                         +0.19195 [0m|[33m  17.1 [0m|
|[31m    586 [0m|[32m    33 [0m|[33m    -3.00 [0m|[34;1m              +2454.00 [0m|[35m         17.8 [0m|[36;1m             41.545% [0m|[31;1m            49.040% [0m|[32;1m                         +0.19172 [0m|[33m  17.1 [0m|
|[31m    587 [0m|[32m    33 [0m|[33m    -3.00 [0m|[34;1m              +2451.00 [0m|[35m         17.8 [0m|[36;1m             41.545% [0m|[31;1m            49.020% [0m|[32;1m                         +0.19148 [0m|[33m  17.1 [0m|
|[31m    588 [0m|[32m    33 [0m|[33m    -3.00 [0m|[34;1m              +2448.00 [0m|[35m         17.8 [0m|[36;1m             41.545% [0m|[31;1m            49.001% [0m|[32;1m                         +0.19125 [0m|[33m  17.1 [0m|
|[31m    589 [0m|[32m    33 [0m|[33m    -3.00 [0m|[34;1m              +2445.00 [0m|[35m         17.8 [0m|[36;1m             41.545% [0m|[31;1m            48.981% [0m|[32;1m                         +0.19102 [0m|[33m  17.1 [0m|
|[31m    590 [0m|[32m    33 [0m|[33m    -4.00 [0m|[34;1m              +2441.00 [0m|[35m         17.9 [0m|[36;1m             41.545% [0m|[31;1m            48.983% [0m|[32;1m                         +0.19070 [0m|[33m  17.1 [0m|
|[31m    591 [0m|[32m    33 [0m|[33m    -4.00 [0m|[34;1m              +2437.00 [0m|[35m         17.9 [0m|[36;1m             41.545% [0m|[31;1m            48.985% [0m|[32;1m                         +0.19039 [0m|[33m  17.1 [0m|
|[31m    592 [0m|[32m    33 [0m|[33m    -4.00 [0m|[34;1m              +2433.00 [0m|[35m         17.9 [0m|[36;1m             41.545% [0m|[31;1m            48.986% [0m|[32;1m                         +0.19008 [0m|[33m  17.1 [0m|
|[31m    593 [0m|[32m    33 [0m|[33m    -4.00 [0m|[34;1m              +2429.00 [0m|[35m         18.0 [0m|[36;1m             41.545% [0m|[31;1m            48.988% [0m|[32;1m                         +0.18977 [0m|[33m  17.1 [0m|
|[31m    594 [0m|[32m    33 [0m|[33m    -3.00 [0m|[34;1m              +2426.00 [0m|[35m         18.0 [0m|[36;1m             41.545% [0m|[31;1m            48.969% [0m|[32;1m                         +0.18953 [0m|[33m  17.1 [0m|
|[31m    595 [0m|[32m    33 [0m|[33m    -3.00 [0m|[34;1m              +2423.00 [0m|[35m         18.0 [0m|[36;1m             41.545% [0m|[31;1m            48.950% [0m|[32;1m                         +0.18930 [0m|[33m  17.1 [0m|
|[31m    596 [0m|[32m    33 [0m|[33m    -3.00 [0m|[34;1m              +2420.00 [0m|[35m         18.1 [0m|[36;1m             41.545% [0m|[31;1m            48.930% [0m|[32;1m                         +0.18906 [0m|[33m  17.1 [0m|
|[31m    597 [0m|[32m    33 [0m|[33m    -3.00 [0m|[34;1m              +2417.00 [0m|[35m         18.1 [0m|[36;1m             41.545% [0m|[31;1m            48.911% [0m|[32;1m                         +0.18883 [0m|[33m  17.1 [0m|
|[31m    598 [0m|[32m    33 [0m|[33m    -4.00 [0m|[34;1m              +2413.00 [0m|[35m         18.1 [0m|[36;1m             41.545% [0m|[31;1m            48.913% [0m|[32;1m                         +0.18852 [0m|[33m  17.1 [0m|
|[31m    599 [0m|[32m    33 [0m|[33m    -5.00 [0m|[34;1m              +2408.00 [0m|[35m         18.2 [0m|[36;1m             41.545% [0m|[31;1m            48.936% [0m|[32;1m                         +0.18812 [0m|[33m  17.2 [0m|
|[31m    600 [0m|[32m    33 [0m|[33m    -4.00 [0m|[34;1m              +2404.00 [0m|[35m         18.2 [0m|[36;1m             41.545% [0m|[31;1m            48.938% [0m|[32;1m                         +0.18781 [0m|[33m  17.1 [0m|
|[31m    601 [0m|[32m    33 [0m|[33m    -5.00 [0m|[34;1m              +2399.00 [0m|[35m         18.2 [0m|[36;1m             41.545% [0m|[31;1m            48.960% [0m|[32;1m                         +0.18742 [0m|[33m  17.1 [0m|
|[31m    602 [0m|[32m    33 [0m|[33m    -5.00 [0m|[34;1m              +2394.00 [0m|[35m         18.2 [0m|[36;1m             41.545% [0m|[31;1m            48.983% [0m|[32;1m                         +0.18703 [0m|[33m  17.1 [0m|
|[31m    603 [0m|[32m    33 [0m|[33m    -5.00 [0m|[34;1m              +2389.00 [0m|[35m         18.3 [0m|[36;1m             41.545% [0m|[31;1m            49.005% [0m|[32;1m                         +0.18664 [0m|[33m  17.2 [0m|
|[31m    604 [0m|[32m    33 [0m|[33m    -4.00 [0m|[34;1m              +2385.00 [0m|[35m         18.3 [0m|[36;1m             41.545% [0m|[31;1m            49.007% [0m|[32;1m                         +0.18633 [0m|[33m  17.2 [0m|
|[31m    605 [0m|[32m    33 [0m|[33m    -4.00 [0m|[34;1m              +2381.00 [0m|[35m         18.3 [0m|[36;1m             41.545% [0m|[31;1m            49.008% [0m|[32;1m                         +0.18602 [0m|[33m  17.2 [0m|
|[31m    606 [0m|[32m    33 [0m|[33m    -4.00 [0m|[34;1m              +2377.00 [0m|[35m         18.4 [0m|[36;1m             41.545% [0m|[31;1m            49.010% [0m|[32;1m                         +0.18570 [0m|[33m  17.2 [0m|
|[31m    607 [0m|[32m    35 [0m|[33m  +396.00 [0m|[34;1m              +2773.00 [0m|[35m         17.3 [0m|[36;1m             44.886% [0m|[31;1m            49.012% [0m|[32;1m                         +0.21664 [0m|[33m  17.2 [0m|
|[31m    608 [0m|[32m    35 [0m|[33m    -4.00 [0m|[34;1m              +2769.00 [0m|[35m         17.4 [0m|[36;1m             44.886% [0m|[31;1m            49.013% [0m|[32;1m                         +0.21633 [0m|[33m  17.2 [0m|
|[31m    609 [0m|[32m    35 [0m|[33m    -3.00 [0m|[34;1m              +2766.00 [0m|[35m         17.4 [0m|[36;1m             44.886% [0m|[31;1m            48.994% [0m|[32;1m                         +0.21609 [0m|[33m  17.2 [0m|
|[31m    610 [0m|[32m    35 [0m|[33m    -5.00 [0m|[34;1m              +2761.00 [0m|[35m         17.4 [0m|[36;1m             44.886% [0m|[31;1m            49.016% [0m|[32;1m                         +0.21570 [0m|[33m  17.2 [0m|
|[31m    611 [0m|[32m    35 [0m|[33m    -5.00 [0m|[34;1m              +2756.00 [0m|[35m         17.5 [0m|[36;1m             44.886% [0m|[31;1m            49.038% [0m|[32;1m                         +0.21531 [0m|[33m  17.2 [0m|
|[31m    612 [0m|[32m    35 [0m|[33m    -4.00 [0m|[34;1m              +2752.00 [0m|[35m         17.5 [0m|[36;1m             44.886% [0m|[31;1m            49.040% [0m|[32;1m                         +0.21500 [0m|[33m  17.2 [0m|
|[31m    613 [0m|[32m    35 [0m|[33m    -4.00 [0m|[34;1m              +2748.00 [0m|[35m         17.5 [0m|[36;1m             44.886% [0m|[31;1m            49.042% [0m|[32;1m                         +0.21469 [0m|[33m  17.2 [0m|
|[31m    614 [0m|[32m    35 [0m|[33m    -3.00 [0m|[34;1m              +2745.00 [0m|[35m         17.5 [0m|[36;1m             44.886% [0m|[31;1m            49.023% [0m|[32;1m                         +0.21445 [0m|[33m  17.2 [0m|
|[31m    615 [0m|[32m    35 [0m|[33m    -3.00 [0m|[34;1m              +2742.00 [0m|[35m         17.6 [0m|[36;1m             44.886% [0m|[31;1m            49.004% [0m|[32;1m                         +0.21422 [0m|[33m  17.2 [0m|
|[31m    616 [0m|[32m    35 [0m|[33m    -3.00 [0m|[34;1m              +2739.00 [0m|[35m         17.6 [0m|[36;1m             44.886% [0m|[31;1m            48.985% [0m|[32;1m                         +0.21398 [0m|[33m  17.2 [0m|
|[31m    617 [0m|[32m    35 [0m|[33m    -3.00 [0m|[34;1m              +2736.00 [0m|[35m         17.6 [0m|[36;1m             44.886% [0m|[31;1m            48.967% [0m|[32;1m                         +0.21375 [0m|[33m  17.2 [0m|
|[31m    618 [0m|[32m    35 [0m|[33m    -3.00 [0m|[34;1m              +2733.00 [0m|[35m         17.7 [0m|[36;1m             44.886% [0m|[31;1m            48.948% [0m|[32;1m                         +0.21352 [0m|[33m  17.2 [0m|
|[31m    619 [0m|[32m    35 [0m|[33m    -3.00 [0m|[34;1m              +2730.00 [0m|[35m         17.7 [0m|[36;1m             44.886% [0m|[31;1m            48.930% [0m|[32;1m                         +0.21328 [0m|[33m  17.3 [0m|
|[31m    620 [0m|[32m    35 [0m|[33m    -3.00 [0m|[34;1m              +2727.00 [0m|[35m         17.7 [0m|[36;1m             44.886% [0m|[31;1m            48.911% [0m|[32;1m                         +0.21305 [0m|[33m  17.3 [0m|
|[31m    621 [0m|[32m    35 [0m|[33m    -3.00 [0m|[34;1m              +2724.00 [0m|[35m         17.7 [0m|[36;1m             44.886% [0m|[31;1m            48.893% [0m|[32;1m                         +0.21281 [0m|[33m  17.2 [0m|
|[31m    622 [0m|[32m    35 [0m|[33m    -3.00 [0m|[34;1m              +2721.00 [0m|[35m         17.8 [0m|[36;1m             44.886% [0m|[31;1m            48.875% [0m|[32;1m                         +0.21258 [0m|[33m  17.3 [0m|
|[31m    623 [0m|[32m    35 [0m|[33m    -3.00 [0m|[34;1m              +2718.00 [0m|[35m         17.8 [0m|[36;1m             44.886% [0m|[31;1m            48.856% [0m|[32;1m                         +0.21234 [0m|[33m  17.3 [0m|
|[31m    624 [0m|[32m    35 [0m|[33m    -3.00 [0m|[34;1m              +2715.00 [0m|[35m         17.8 [0m|[36;1m             44.886% [0m|[31;1m            48.838% [0m|[32;1m                         +0.21211 [0m|[33m  17.3 [0m|
|[31m    625 [0m|[32m    35 [0m|[33m    -3.00 [0m|[34;1m              +2712.00 [0m|[35m         17.9 [0m|[36;1m             44.886% [0m|[31;1m            48.820% [0m|[32;1m                         +0.21188 [0m|[33m  17.3 [0m|
|[31m    626 [0m|[32m    35 [0m|[33m    -3.00 [0m|[34;1m              +2709.00 [0m|[35m         17.9 [0m|[36;1m             44.886% [0m|[31;1m            48.802% [0m|[32;1m                         +0.21164 [0m|[33m  17.3 [0m|
|[31m    627 [0m|[32m    35 [0m|[33m    -3.00 [0m|[34;1m              +2706.00 [0m|[35m         17.9 [0m|[36;1m             44.886% [0m|[31;1m            48.784% [0m|[32;1m                         +0.21141 [0m|[33m  17.3 [0m|
|[31m    628 [0m|[32m    35 [0m|[33m    -2.00 [0m|[34;1m              +2704.00 [0m|[35m         17.9 [0m|[36;1m             44.886% [0m|[31;1m            48.766% [0m|[32;1m                         +0.21125 [0m|[33m  17.3 [0m|
|[31m    629 [0m|[32m    35 [0m|[33m    -2.00 [0m|[34;1m              +2702.00 [0m|[35m         18.0 [0m|[36;1m             44.886% [0m|[31;1m            48.748% [0m|[32;1m                         +0.21109 [0m|[33m  17.3 [0m|
|[31m    630 [0m|[32m    35 [0m|[33m    -2.00 [0m|[34;1m              +2700.00 [0m|[35m         18.0 [0m|[36;1m             44.886% [0m|[31;1m            48.730% [0m|[32;1m                         +0.21094 [0m|[33m  17.3 [0m|
|[31m    631 [0m|[32m    35 [0m|[33m    -2.00 [0m|[34;1m              +2698.00 [0m|[35m         18.0 [0m|[36;1m             44.886% [0m|[31;1m            48.712% [0m|[32;1m                         +0.21078 [0m|[33m  17.3 [0m|
|[31m    632 [0m|[32m    37 [0m|[33m  +198.00 [0m|[34;1m              +2896.00 [0m|[35m         17.1 [0m|[36;1m             42.459% [0m|[31;1m            48.695% [0m|[32;1m                         +0.22625 [0m|[33m  17.3 [0m|
|[31m    633 [0m|[32m    37 [0m|[33m    -3.00 [0m|[34;1m              +2893.00 [0m|[35m         17.1 [0m|[36;1m             42.459% [0m|[31;1m            48.677% [0m|[32;1m                         +0.22602 [0m|[33m  17.3 [0m|
|[31m    634 [0m|[32m    37 [0m|[33m    -3.00 [0m|[34;1m              +2890.00 [0m|[35m         17.1 [0m|[36;1m             42.459% [0m|[31;1m            48.659% [0m|[32;1m                         +0.22578 [0m|[33m  17.3 [0m|
|[31m    635 [0m|[32m    37 [0m|[33m    -3.00 [0m|[34;1m              +2887.00 [0m|[35m         17.2 [0m|[36;1m             42.459% [0m|[31;1m            48.642% [0m|[32;1m                         +0.22555 [0m|[33m  17.3 [0m|
|[31m    636 [0m|[32m    37 [0m|[33m    -3.00 [0m|[34;1m              +2884.00 [0m|[35m         17.2 [0m|[36;1m             42.459% [0m|[31;1m            48.624% [0m|[32;1m                         +0.22531 [0m|[33m  17.3 [0m|
|[31m    637 [0m|[32m    37 [0m|[33m    -3.00 [0m|[34;1m              +2881.00 [0m|[35m         17.2 [0m|[36;1m             42.459% [0m|[31;1m            48.607% [0m|[32;1m                         +0.22508 [0m|[33m  17.3 [0m|
|[31m    638 [0m|[32m    37 [0m|[33m    -3.00 [0m|[34;1m              +2878.00 [0m|[35m         17.2 [0m|[36;1m             42.459% [0m|[31;1m            48.589% [0m|[32;1m                         +0.22484 [0m|[33m  17.4 [0m|
|[31m    639 [0m|[32m    37 [0m|[33m    -3.00 [0m|[34;1m              +2875.00 [0m|[35m         17.3 [0m|[36;1m             42.459% [0m|[31;1m            48.572% [0m|[32;1m                         +0.22461 [0m|[33m  17.4 [0m|
|[31m    640 [0m|[32m    37 [0m|[33m    -3.00 [0m|[34;1m              +2872.00 [0m|[35m         17.3 [0m|[36;1m             42.459% [0m|[31;1m            48.555% [0m|[32;1m                         +0.22437 [0m|[33m  17.4 [0m|
|[31m    641 [0m|[32m    37 [0m|[33m    -3.00 [0m|[34;1m              +2869.00 [0m|[35m         17.3 [0m|[36;1m             42.459% [0m|[31;1m            48.537% [0m|[32;1m                         +0.22414 [0m|[33m  17.3 [0m|
|[31m    642 [0m|[32m    37 [0m|[33m    -3.00 [0m|[34;1m              +2866.00 [0m|[35m         17.4 [0m|[36;1m             42.459% [0m|[31;1m            48.520% [0m|[32;1m                         +0.22391 [0m|[33m  17.4 [0m|
|[31m    643 [0m|[32m    37 [0m|[33m    -3.00 [0m|[34;1m              +2863.00 [0m|[35m         17.4 [0m|[36;1m             42.459% [0m|[31;1m            48.503% [0m|[32;1m                         +0.22367 [0m|[33m  17.4 [0m|
|[31m    644 [0m|[32m    37 [0m|[33m    -3.00 [0m|[34;1m              +2860.00 [0m|[35m         17.4 [0m|[36;1m             42.459% [0m|[31;1m            48.486% [0m|[32;1m                         +0.22344 [0m|[33m  17.4 [0m|
|[31m    645 [0m|[32m    37 [0m|[33m    -3.00 [0m|[34;1m              +2857.00 [0m|[35m         17.4 [0m|[36;1m             42.459% [0m|[31;1m            48.469% [0m|[32;1m                         +0.22320 [0m|[33m  17.4 [0m|
|[31m    646 [0m|[32m    37 [0m|[33m    -3.00 [0m|[34;1m              +2854.00 [0m|[35m         17.5 [0m|[36;1m             42.459% [0m|[31;1m            48.452% [0m|[32;1m                         +0.22297 [0m|[33m  17.4 [0m|
|[31m    647 [0m|[32m    37 [0m|[33m    -3.00 [0m|[34;1m              +2851.00 [0m|[35m         17.5 [0m|[36;1m             42.459% [0m|[31;1m            48.435% [0m|[32;1m                         +0.22273 [0m|[33m  17.4 [0m|
|[31m    648 [0m|[32m    37 [0m|[33m    -3.00 [0m|[34;1m              +2848.00 [0m|[35m         17.5 [0m|[36;1m             42.459% [0m|[31;1m            48.418% [0m|[32;1m                         +0.22250 [0m|[33m  17.4 [0m|
|[31m    649 [0m|[32m    37 [0m|[33m    -3.00 [0m|[34;1m              +2845.00 [0m|[35m         17.5 [0m|[36;1m             42.459% [0m|[31;1m            48.401% [0m|[32;1m                         +0.22227 [0m|[33m  17.4 [0m|
|[31m    650 [0m|[32m    37 [0m|[33m    -3.00 [0m|[34;1m              +2842.00 [0m|[35m         17.6 [0m|[36;1m             42.459% [0m|[31;1m            48.385% [0m|[32;1m                         +0.22203 [0m|[33m  17.4 [0m|
|[31m    651 [0m|[32m    37 [0m|[33m    -3.00 [0m|[34;1m              +2839.00 [0m|[35m         17.6 [0m|[36;1m             42.459% [0m|[31;1m            48.368% [0m|[32;1m                         +0.22180 [0m|[33m  17.3 [0m|
|[31m    652 [0m|[32m    37 [0m|[33m    -3.00 [0m|[34;1m              +2836.00 [0m|[35m         17.6 [0m|[36;1m             42.459% [0m|[31;1m            48.351% [0m|[32;1m                         +0.22156 [0m|[33m  17.4 [0m|
|[31m    653 [0m|[32m    37 [0m|[33m    -3.00 [0m|[34;1m              +2833.00 [0m|[35m         17.6 [0m|[36;1m             42.459% [0m|[31;1m            48.335% [0m|[32;1m                         +0.22133 [0m|[33m  17.4 [0m|
|[31m    654 [0m|[32m    37 [0m|[33m    -4.00 [0m|[34;1m              +2829.00 [0m|[35m         17.7 [0m|[36;1m             42.459% [0m|[31;1m            48.337% [0m|[32;1m                         +0.22102 [0m|[33m  17.4 [0m|
|[31m    655 [0m|[32m    37 [0m|[33m    -4.00 [0m|[34;1m              +2825.00 [0m|[35m         17.7 [0m|[36;1m             42.459% [0m|[31;1m            48.340% [0m|[32;1m                         +0.22070 [0m|[33m  17.4 [0m|
|[31m    656 [0m|[32m    37 [0m|[33m    -4.00 [0m|[34;1m              +2821.00 [0m|[35m         17.7 [0m|[36;1m             42.459% [0m|[31;1m            48.342% [0m|[32;1m                         +0.22039 [0m|[33m  17.4 [0m|
|[31m    657 [0m|[32m    37 [0m|[33m    -4.00 [0m|[34;1m              +2817.00 [0m|[35m         17.8 [0m|[36;1m             42.459% [0m|[31;1m            48.345% [0m|[32;1m                         +0.22008 [0m|[33m  17.4 [0m|
|[31m    658 [0m|[32m    37 [0m|[33m    -4.00 [0m|[34;1m              +2813.00 [0m|[35m         17.8 [0m|[36;1m             42.459% [0m|[31;1m            48.347% [0m|[32;1m                         +0.21977 [0m|[33m  17.4 [0m|
|[31m    659 [0m|[32m    37 [0m|[33m    -4.00 [0m|[34;1m              +2809.00 [0m|[35m         17.8 [0m|[36;1m             42.459% [0m|[31;1m            48.350% [0m|[32;1m                         +0.21945 [0m|[33m  17.4 [0m|
|[31m    660 [0m|[32m    37 [0m|[33m    -4.00 [0m|[34;1m              +2805.00 [0m|[35m         17.8 [0m|[36;1m             42.459% [0m|[31;1m            48.352% [0m|[32;1m                         +0.21914 [0m|[33m  17.4 [0m|
|[31m    661 [0m|[32m    37 [0m|[33m    -4.00 [0m|[34;1m              +2801.00 [0m|[35m         17.9 [0m|[36;1m             42.459% [0m|[31;1m            48.355% [0m|[32;1m                         +0.21883 [0m|[33m  17.3 [0m|
|[31m    662 [0m|[32m    37 [0m|[33m    -4.00 [0m|[34;1m              +2797.00 [0m|[35m         17.9 [0m|[36;1m             42.459% [0m|[31;1m            48.357% [0m|[32;1m                         +0.21852 [0m|[33m  17.4 [0m|
|[31m    663 [0m|[32m    37 [0m|[33m    -4.00 [0m|[34;1m              +2793.00 [0m|[35m         17.9 [0m|[36;1m             42.459% [0m|[31;1m            48.360% [0m|[32;1m                         +0.21820 [0m|[33m  17.4 [0m|
|[31m    664 [0m|[32m    37 [0m|[33m    -4.00 [0m|[34;1m              +2789.00 [0m|[35m         17.9 [0m|[36;1m             42.459% [0m|[31;1m            48.362% [0m|[32;1m                         +0.21789 [0m|[33m  17.4 [0m|
|[31m    665 [0m|[32m    39 [0m|[33m  +363.00 [0m|[34;1m              +3152.00 [0m|[35m         17.1 [0m|[36;1m             44.564% [0m|[31;1m            48.365% [0m|[32;1m                         +0.24625 [0m|[33m  17.4 [0m|
|[31m    666 [0m|[32m    39 [0m|[33m    -4.00 [0m|[34;1m              +3148.00 [0m|[35m         17.1 [0m|[36;1m             44.564% [0m|[31;1m            48.367% [0m|[32;1m                         +0.24594 [0m|[33m  17.4 [0m|
|[31m    667 [0m|[32m    39 [0m|[33m    -4.00 [0m|[34;1m              +3144.00 [0m|[35m         17.1 [0m|[36;1m             44.564% [0m|[31;1m            48.370% [0m|[32;1m                         +0.24563 [0m|[33m  17.4 [0m|
|[31m    668 [0m|[32m    39 [0m|[33m    -3.00 [0m|[34;1m              +3141.00 [0m|[35m         17.1 [0m|[36;1m             44.564% [0m|[31;1m            48.353% [0m|[32;1m                         +0.24539 [0m|[33m  17.4 [0m|
|[31m    669 [0m|[32m    39 [0m|[33m    -2.00 [0m|[34;1m              +3139.00 [0m|[35m         17.2 [0m|[36;1m             44.564% [0m|[31;1m            48.318% [0m|[32;1m                         +0.24523 [0m|[33m  17.4 [0m|
|[31m    670 [0m|[32m    40 [0m|[33m  +194.00 [0m|[34;1m              +3333.00 [0m|[35m         16.8 [0m|[36;1m             45.850% [0m|[31;1m            48.284% [0m|[32;1m                         +0.26039 [0m|[33m  17.4 [0m|
|[31m    671 [0m|[32m    40 [0m|[33m    -2.00 [0m|[34;1m              +3331.00 [0m|[35m         16.8 [0m|[36;1m             45.850% [0m|[31;1m            48.249% [0m|[32;1m                         +0.26023 [0m|[33m  17.4 [0m|
|[31m    672 [0m|[32m    40 [0m|[33m    -2.00 [0m|[34;1m              +3329.00 [0m|[35m         16.8 [0m|[36;1m             45.850% [0m|[31;1m            48.214% [0m|[32;1m                         +0.26008 [0m|[33m  17.4 [0m|
|[31m    673 [0m|[32m    40 [0m|[33m    -4.00 [0m|[34;1m              +3325.00 [0m|[35m         16.8 [0m|[36;1m             45.850% [0m|[31;1m            48.217% [0m|[32;1m                         +0.25977 [0m|[33m  17.4 [0m|
|[31m    674 [0m|[32m    40 [0m|[33m    -4.00 [0m|[34;1m              +3321.00 [0m|[35m         16.9 [0m|[36;1m             45.850% [0m|[31;1m            48.220% [0m|[32;1m                         +0.25945 [0m|[33m  17.4 [0m|
|[31m    675 [0m|[32m    40 [0m|[33m    -4.00 [0m|[34;1m              +3317.00 [0m|[35m         16.9 [0m|[36;1m             45.850% [0m|[31;1m            48.222% [0m|[32;1m                         +0.25914 [0m|[33m  17.4 [0m|
|[31m    676 [0m|[32m    40 [0m|[33m    -4.00 [0m|[34;1m              +3313.00 [0m|[35m         16.9 [0m|[36;1m             45.850% [0m|[31;1m            48.225% [0m|[32;1m                         +0.25883 [0m|[33m  17.4 [0m|
|[31m    677 [0m|[32m    40 [0m|[33m    -3.00 [0m|[34;1m              +3310.00 [0m|[35m         16.9 [0m|[36;1m             45.850% [0m|[31;1m            48.209% [0m|[32;1m                         +0.25859 [0m|[33m  17.4 [0m|
|[31m    678 [0m|[32m    40 [0m|[33m    -3.00 [0m|[34;1m              +3307.00 [0m|[35m         16.9 [0m|[36;1m             45.850% [0m|[31;1m            48.193% [0m|[32;1m                         +0.25836 [0m|[33m  17.4 [0m|
|[31m    679 [0m|[32m    40 [0m|[33m    -3.00 [0m|[34;1m              +3304.00 [0m|[35m         17.0 [0m|[36;1m             45.850% [0m|[31;1m            48.177% [0m|[32;1m                         +0.25812 [0m|[33m  17.4 [0m|
|[31m    680 [0m|[32m    40 [0m|[33m    -3.00 [0m|[34;1m              +3301.00 [0m|[35m         17.0 [0m|[36;1m             45.850% [0m|[31;1m            48.162% [0m|[32;1m                         +0.25789 [0m|[33m  17.4 [0m|
|[31m    681 [0m|[32m    41 [0m|[33m  +197.00 [0m|[34;1m              +3498.00 [0m|[35m         16.6 [0m|[36;1m             47.171% [0m|[31;1m            48.146% [0m|[32;1m                         +0.27328 [0m|[33m  17.4 [0m|
|[31m    682 [0m|[32m    41 [0m|[33m    -3.00 [0m|[34;1m              +3495.00 [0m|[35m         16.6 [0m|[36;1m             47.171% [0m|[31;1m            48.130% [0m|[32;1m                         +0.27305 [0m|[33m  17.4 [0m|
|[31m    683 [0m|[32m    41 [0m|[33m    -3.00 [0m|[34;1m              +3492.00 [0m|[35m         16.7 [0m|[36;1m             47.171% [0m|[31;1m            48.115% [0m|[32;1m                         +0.27281 [0m|[33m  17.4 [0m|
|[31m    684 [0m|[32m    41 [0m|[33m    -3.00 [0m|[34;1m              +3489.00 [0m|[35m         16.7 [0m|[36;1m             47.171% [0m|[31;1m            48.099% [0m|[32;1m                         +0.27258 [0m|[33m  17.4 [0m|
|[31m    685 [0m|[32m    41 [0m|[33m    -3.00 [0m|[34;1m              +3486.00 [0m|[35m         16.7 [0m|[36;1m             47.171% [0m|[31;1m            48.084% [0m|[32;1m                         +0.27234 [0m|[33m  17.4 [0m|
|[31m    686 [0m|[32m    41 [0m|[33m    -3.00 [0m|[34;1m              +3483.00 [0m|[35m         16.7 [0m|[36;1m             47.171% [0m|[31;1m            48.069% [0m|[32;1m                         +0.27211 [0m|[33m  17.4 [0m|
|[31m    687 [0m|[32m    42 [0m|[33m  +103.00 [0m|[34;1m              +3586.00 [0m|[35m         16.4 [0m|[36;1m             46.190% [0m|[31;1m            48.053% [0m|[32;1m                         +0.28016 [0m|[33m  17.4 [0m|
|[31m    688 [0m|[32m    42 [0m|[33m    -3.00 [0m|[34;1m              +3583.00 [0m|[35m         16.4 [0m|[36;1m             46.190% [0m|[31;1m            48.038% [0m|[32;1m                         +0.27992 [0m|[33m  17.4 [0m|
|[31m    689 [0m|[32m    42 [0m|[33m    -3.00 [0m|[34;1m              +3580.00 [0m|[35m         16.4 [0m|[36;1m             46.190% [0m|[31;1m            48.022% [0m|[32;1m                         +0.27969 [0m|[33m  17.5 [0m|
|[31m    690 [0m|[32m    42 [0m|[33m    -3.00 [0m|[34;1m              +3577.00 [0m|[35m         16.4 [0m|[36;1m             46.190% [0m|[31;1m            48.007% [0m|[32;1m                         +0.27945 [0m|[33m  17.5 [0m|
|[31m    691 [0m|[32m    42 [0m|[33m    -3.00 [0m|[34;1m              +3574.00 [0m|[35m         16.5 [0m|[36;1m             46.190% [0m|[31;1m            47.992% [0m|[32;1m                         +0.27922 [0m|[33m  17.4 [0m|
|[31m    692 [0m|[32m    42 [0m|[33m    -3.00 [0m|[34;1m              +3571.00 [0m|[35m         16.5 [0m|[36;1m             46.190% [0m|[31;1m            47.977% [0m|[32;1m                         +0.27898 [0m|[33m  17.4 [0m|
|[31m    693 [0m|[32m    42 [0m|[33m    -3.00 [0m|[34;1m              +3568.00 [0m|[35m         16.5 [0m|[36;1m             46.190% [0m|[31;1m            47.962% [0m|[32;1m                         +0.27875 [0m|[33m  17.5 [0m|
|[31m    694 [0m|[32m    42 [0m|[33m    -3.00 [0m|[34;1m              +3565.00 [0m|[35m         16.5 [0m|[36;1m             46.190% [0m|[31;1m            47.947% [0m|[32;1m                         +0.27852 [0m|[33m  17.5 [0m|
|[31m    695 [0m|[32m    42 [0m|[33m    -1.00 [0m|[34;1m              +3564.00 [0m|[35m         16.5 [0m|[36;1m             46.190% [0m|[31;1m            47.914% [0m|[32;1m                         +0.27844 [0m|[33m  17.5 [0m|
|[31m    696 [0m|[32m    42 [0m|[33m    -2.00 [0m|[34;1m              +3562.00 [0m|[35m         16.6 [0m|[36;1m             46.190% [0m|[31;1m            47.899% [0m|[32;1m                         +0.27828 [0m|[33m  17.5 [0m|
|[31m    697 [0m|[32m    42 [0m|[33m    -2.00 [0m|[34;1m              +3560.00 [0m|[35m         16.6 [0m|[36;1m             46.190% [0m|[31;1m            47.884% [0m|[32;1m                         +0.27813 [0m|[33m  17.5 [0m|
|[31m    698 [0m|[32m    42 [0m|[33m    -2.00 [0m|[34;1m              +3558.00 [0m|[35m         16.6 [0m|[36;1m             46.190% [0m|[31;1m            47.869% [0m|[32;1m                         +0.27797 [0m|[33m  17.5 [0m|
|[31m    699 [0m|[32m    42 [0m|[33m    -2.00 [0m|[34;1m              +3556.00 [0m|[35m         16.6 [0m|[36;1m             46.190% [0m|[31;1m            47.854% [0m|[32;1m                         +0.27781 [0m|[33m  17.5 [0m|
|[31m    700 [0m|[32m    42 [0m|[33m    -2.00 [0m|[34;1m              +3554.00 [0m|[35m         16.7 [0m|[36;1m             46.190% [0m|[31;1m            47.839% [0m|[32;1m                         +0.27766 [0m|[33m  17.5 [0m|
|[31m    701 [0m|[32m    42 [0m|[33m    -2.00 [0m|[34;1m              +3552.00 [0m|[35m         16.7 [0m|[36;1m             46.190% [0m|[31;1m            47.825% [0m|[32;1m                         +0.27750 [0m|[33m  17.5 [0m|
|[31m    702 [0m|[32m    42 [0m|[33m    -2.00 [0m|[34;1m              +3550.00 [0m|[35m         16.7 [0m|[36;1m             46.190% [0m|[31;1m            47.810% [0m|[32;1m                         +0.27734 [0m|[33m  17.5 [0m|
|[31m    703 [0m|[32m    42 [0m|[33m    -2.00 [0m|[34;1m              +3548.00 [0m|[35m         16.7 [0m|[36;1m             46.190% [0m|[31;1m            47.795% [0m|[32;1m                         +0.27719 [0m|[33m  17.5 [0m|
|[31m    704 [0m|[32m    42 [0m|[33m    -2.00 [0m|[34;1m              +3546.00 [0m|[35m         16.8 [0m|[36;1m             46.190% [0m|[31;1m            47.781% [0m|[32;1m                         +0.27703 [0m|[33m  17.5 [0m|
|[31m    705 [0m|[32m    42 [0m|[33m    -1.00 [0m|[34;1m              +3545.00 [0m|[35m         16.8 [0m|[36;1m             46.190% [0m|[31;1m            47.748% [0m|[32;1m                         +0.27695 [0m|[33m  17.5 [0m|
|[31m    706 [0m|[32m    42 [0m|[33m    -2.00 [0m|[34;1m              +3543.00 [0m|[35m         16.8 [0m|[36;1m             46.190% [0m|[31;1m            47.734% [0m|[32;1m                         +0.27680 [0m|[33m  17.5 [0m|
|[31m    707 [0m|[32m    42 [0m|[33m    -2.00 [0m|[34;1m              +3541.00 [0m|[35m         16.8 [0m|[36;1m             46.190% [0m|[31;1m            47.719% [0m|[32;1m                         +0.27664 [0m|[33m  17.5 [0m|
|[31m    708 [0m|[32m    42 [0m|[33m    -2.00 [0m|[34;1m              +3539.00 [0m|[35m         16.9 [0m|[36;1m             46.190% [0m|[31;1m            47.705% [0m|[32;1m                         +0.27648 [0m|[33m  17.5 [0m|
|[31m    709 [0m|[32m    42 [0m|[33m    -3.00 [0m|[34;1m              +3536.00 [0m|[35m         16.9 [0m|[36;1m             46.190% [0m|[31;1m            47.708% [0m|[32;1m                         +0.27625 [0m|[33m  17.5 [0m|
|[31m    710 [0m|[32m    42 [0m|[33m    -3.00 [0m|[34;1m              +3533.00 [0m|[35m         16.9 [0m|[36;1m             46.190% [0m|[31;1m            47.711% [0m|[32;1m                         +0.27602 [0m|[33m  17.5 [0m|
|[31m    711 [0m|[32m    42 [0m|[33m    -3.00 [0m|[34;1m              +3530.00 [0m|[35m         16.9 [0m|[36;1m             46.190% [0m|[31;1m            47.714% [0m|[32;1m                         +0.27578 [0m|[33m  17.5 [0m|
|[31m    712 [0m|[32m    42 [0m|[33m    -3.00 [0m|[34;1m              +3527.00 [0m|[35m         17.0 [0m|[36;1m             46.190% [0m|[31;1m            47.718% [0m|[32;1m                         +0.27555 [0m|[33m  17.5 [0m|
|[31m    713 [0m|[32m    42 [0m|[33m    -2.00 [0m|[34;1m              +3525.00 [0m|[35m         17.0 [0m|[36;1m             46.190% [0m|[31;1m            47.703% [0m|[32;1m                         +0.27539 [0m|[33m  17.5 [0m|
|[31m    714 [0m|[32m    42 [0m|[33m    -2.00 [0m|[34;1m              +3523.00 [0m|[35m         17.0 [0m|[36;1m             46.190% [0m|[31;1m            47.689% [0m|[32;1m                         +0.27523 [0m|[33m  17.5 [0m|
|[31m    715 [0m|[32m    42 [0m|[33m    -2.00 [0m|[34;1m              +3521.00 [0m|[35m         17.0 [0m|[36;1m             46.190% [0m|[31;1m            47.675% [0m|[32;1m                         +0.27508 [0m|[33m  17.5 [0m|
|[31m    716 [0m|[32m    42 [0m|[33m    -2.00 [0m|[34;1m              +3519.00 [0m|[35m         17.0 [0m|[36;1m             46.190% [0m|[31;1m            47.661% [0m|[32;1m                         +0.27492 [0m|[33m  17.5 [0m|
|[31m    717 [0m|[32m    42 [0m|[33m    -2.00 [0m|[34;1m              +3517.00 [0m|[35m         17.1 [0m|[36;1m             46.190% [0m|[31;1m            47.646% [0m|[32;1m                         +0.27477 [0m|[33m  17.5 [0m|
|[31m    718 [0m|[32m    42 [0m|[33m    -1.00 [0m|[34;1m              +3516.00 [0m|[35m         17.1 [0m|[36;1m             46.190% [0m|[31;1m            47.615% [0m|[32;1m                         +0.27469 [0m|[33m  17.5 [0m|
|[31m    719 [0m|[32m    42 [0m|[33m    -2.00 [0m|[34;1m              +3514.00 [0m|[35m         17.1 [0m|[36;1m             46.190% [0m|[31;1m            47.601% [0m|[32;1m                         +0.27453 [0m|[33m  17.5 [0m|
|[31m    720 [0m|[32m    42 [0m|[33m    -3.00 [0m|[34;1m              +3511.00 [0m|[35m         17.1 [0m|[36;1m             46.190% [0m|[31;1m            47.604% [0m|[32;1m                         +0.27430 [0m|[33m  17.5 [0m|
|[31m    721 [0m|[32m    42 [0m|[33m    -3.00 [0m|[34;1m              +3508.00 [0m|[35m         17.2 [0m|[36;1m             46.190% [0m|[31;1m            47.607% [0m|[32;1m                         +0.27406 [0m|[33m  17.5 [0m|
|[31m    722 [0m|[32m    42 [0m|[33m    -3.00 [0m|[34;1m              +3505.00 [0m|[35m         17.2 [0m|[36;1m             46.190% [0m|[31;1m            47.611% [0m|[32;1m                         +0.27383 [0m|[33m  17.5 [0m|
|[31m    723 [0m|[32m    42 [0m|[33m    -3.00 [0m|[34;1m              +3502.00 [0m|[35m         17.2 [0m|[36;1m             46.190% [0m|[31;1m            47.614% [0m|[32;1m                         +0.27359 [0m|[33m  17.5 [0m|
|[31m    724 [0m|[32m    42 [0m|[33m    -3.00 [0m|[34;1m              +3499.00 [0m|[35m         17.2 [0m|[36;1m             46.190% [0m|[31;1m            47.617% [0m|[32;1m                         +0.27336 [0m|[33m  17.5 [0m|
|[31m    725 [0m|[32m    42 [0m|[33m    -2.00 [0m|[34;1m              +3497.00 [0m|[35m         17.3 [0m|[36;1m             46.190% [0m|[31;1m            47.603% [0m|[32;1m                         +0.27320 [0m|[33m  17.5 [0m|
|[31m    726 [0m|[32m    42 [0m|[33m    -3.00 [0m|[34;1m              +3494.00 [0m|[35m         17.3 [0m|[36;1m             46.190% [0m|[31;1m            47.607% [0m|[32;1m                         +0.27297 [0m|[33m  17.5 [0m|
|[31m    727 [0m|[32m    43 [0m|[33m  +129.00 [0m|[34;1m              +3623.00 [0m|[35m         16.9 [0m|[36;1m             45.837% [0m|[31;1m            47.593% [0m|[32;1m                         +0.28305 [0m|[33m  17.5 [0m|
|[31m    728 [0m|[32m    43 [0m|[33m    -2.00 [0m|[34;1m              +3621.00 [0m|[35m         16.9 [0m|[36;1m             45.837% [0m|[31;1m            47.596% [0m|[32;1m                         +0.28289 [0m|[33m  17.5 [0m|
|[31m    729 [0m|[32m    43 [0m|[33m    -2.00 [0m|[34;1m              +3619.00 [0m|[35m         17.0 [0m|[36;1m             45.837% [0m|[31;1m            47.599% [0m|[32;1m                         +0.28273 [0m|[33m  17.6 [0m|
|[31m    730 [0m|[32m    43 [0m|[33m    -2.00 [0m|[34;1m              +3617.00 [0m|[35m         17.0 [0m|[36;1m             45.837% [0m|[31;1m            47.603% [0m|[32;1m                         +0.28258 [0m|[33m  17.5 [0m|
|[31m    731 [0m|[32m    43 [0m|[33m    -3.00 [0m|[34;1m              +3614.00 [0m|[35m         17.0 [0m|[36;1m             45.837% [0m|[31;1m            47.606% [0m|[32;1m                         +0.28234 [0m|[33m  17.5 [0m|
|[31m    732 [0m|[32m    43 [0m|[33m    -3.00 [0m|[34;1m              +3611.00 [0m|[35m         17.0 [0m|[36;1m             45.837% [0m|[31;1m            47.609% [0m|[32;1m                         +0.28211 [0m|[33m  17.5 [0m|
|[31m    733 [0m|[32m    43 [0m|[33m    -3.00 [0m|[34;1m              +3608.00 [0m|[35m         17.0 [0m|[36;1m             45.837% [0m|[31;1m            47.613% [0m|[32;1m                         +0.28187 [0m|[33m  17.6 [0m|
|[31m    734 [0m|[32m    43 [0m|[33m    -3.00 [0m|[34;1m              +3605.00 [0m|[35m         17.1 [0m|[36;1m             45.837% [0m|[31;1m            47.616% [0m|[32;1m                         +0.28164 [0m|[33m  17.6 [0m|
|[31m    735 [0m|[32m    43 [0m|[33m    -3.00 [0m|[34;1m              +3602.00 [0m|[35m         17.1 [0m|[36;1m             45.837% [0m|[31;1m            47.636% [0m|[32;1m                         +0.28141 [0m|[33m  17.6 [0m|
|[31m    736 [0m|[32m    43 [0m|[33m    -3.00 [0m|[34;1m              +3599.00 [0m|[35m         17.1 [0m|[36;1m             45.837% [0m|[31;1m            47.656% [0m|[32;1m                         +0.28117 [0m|[33m  17.6 [0m|
|[31m    737 [0m|[32m    43 [0m|[33m    -2.00 [0m|[34;1m              +3597.00 [0m|[35m         17.1 [0m|[36;1m             45.837% [0m|[31;1m            47.659% [0m|[32;1m                         +0.28102 [0m|[33m  17.6 [0m|
|[31m    738 [0m|[32m    43 [0m|[33m    -2.00 [0m|[34;1m              +3595.00 [0m|[35m         17.2 [0m|[36;1m             45.837% [0m|[31;1m            47.663% [0m|[32;1m                         +0.28086 [0m|[33m  17.6 [0m|
|[31m    739 [0m|[32m    43 [0m|[33m    -3.00 [0m|[34;1m              +3592.00 [0m|[35m         17.2 [0m|[36;1m             45.837% [0m|[31;1m            47.683% [0m|[32;1m                         +0.28063 [0m|[33m  17.6 [0m|
|[31m    740 [0m|[32m    43 [0m|[33m    -3.00 [0m|[34;1m              +3589.00 [0m|[35m         17.2 [0m|[36;1m             45.837% [0m|[31;1m            47.703% [0m|[32;1m                         +0.28039 [0m|[33m  17.6 [0m|
|[31m    741 [0m|[32m    43 [0m|[33m    -3.00 [0m|[34;1m              +3586.00 [0m|[35m         17.2 [0m|[36;1m             45.837% [0m|[31;1m            47.723% [0m|[32;1m                         +0.28016 [0m|[33m  17.6 [0m|
|[31m    742 [0m|[32m    43 [0m|[33m    -3.00 [0m|[34;1m              +3583.00 [0m|[35m         17.3 [0m|[36;1m             45.837% [0m|[31;1m            47.743% [0m|[32;1m                         +0.27992 [0m|[33m  17.6 [0m|
|[31m    743 [0m|[32m    43 [0m|[33m    -3.00 [0m|[34;1m              +3580.00 [0m|[35m         17.3 [0m|[36;1m             45.837% [0m|[31;1m            47.762% [0m|[32;1m                         +0.27969 [0m|[33m  17.6 [0m|
|[31m    744 [0m|[32m    43 [0m|[33m    -2.00 [0m|[34;1m              +3578.00 [0m|[35m         17.3 [0m|[36;1m             45.837% [0m|[31;1m            47.749% [0m|[32;1m                         +0.27953 [0m|[33m  17.6 [0m|
|[31m    745 [0m|[32m    43 [0m|[33m    -1.00 [0m|[34;1m              +3577.00 [0m|[35m         17.3 [0m|[36;1m             45.837% [0m|[31;1m            47.718% [0m|[32;1m                         +0.27945 [0m|[33m  17.6 [0m|
|[31m    746 [0m|[32m    43 [0m|[33m    -1.00 [0m|[34;1m              +3576.00 [0m|[35m         17.3 [0m|[36;1m             45.837% [0m|[31;1m            47.688% [0m|[32;1m                         +0.27937 [0m|[33m  17.6 [0m|
|[31m    747 [0m|[32m    43 [0m|[33m    -2.00 [0m|[34;1m              +3574.00 [0m|[35m         17.4 [0m|[36;1m             45.837% [0m|[31;1m            47.674% [0m|[32;1m                         +0.27922 [0m|[33m  17.6 [0m|
|[31m    748 [0m|[32m    43 [0m|[33m    -3.00 [0m|[34;1m              +3571.00 [0m|[35m         17.4 [0m|[36;1m             45.837% [0m|[31;1m            47.677% [0m|[32;1m                         +0.27898 [0m|[33m  17.6 [0m|
|[31m    749 [0m|[32m    43 [0m|[33m    -3.00 [0m|[34;1m              +3568.00 [0m|[35m         17.4 [0m|[36;1m             45.837% [0m|[31;1m            47.680% [0m|[32;1m                         +0.27875 [0m|[33m  17.6 [0m|
|[31m    750 [0m|[32m    43 [0m|[33m    -3.00 [0m|[34;1m              +3565.00 [0m|[35m         17.4 [0m|[36;1m             45.837% [0m|[31;1m            47.683% [0m|[32;1m                         +0.27852 [0m|[33m  17.6 [0m|
|[31m    751 [0m|[32m    43 [0m|[33m    -3.00 [0m|[34;1m              +3562.00 [0m|[35m         17.5 [0m|[36;1m             45.837% [0m|[31;1m            47.686% [0m|[32;1m                         +0.27828 [0m|[33m  17.6 [0m|
|[31m    752 [0m|[32m    43 [0m|[33m    -3.00 [0m|[34;1m              +3559.00 [0m|[35m         17.5 [0m|[36;1m             45.837% [0m|[31;1m            47.673% [0m|[32;1m                         +0.27805 [0m|[33m  17.6 [0m|
|[31m    753 [0m|[32m    43 [0m|[33m    -3.00 [0m|[34;1m              +3556.00 [0m|[35m         17.5 [0m|[36;1m             45.837% [0m|[31;1m            47.659% [0m|[32;1m                         +0.27781 [0m|[33m  17.6 [0m|
|[31m    754 [0m|[32m    43 [0m|[33m    -3.00 [0m|[34;1m              +3553.00 [0m|[35m         17.5 [0m|[36;1m             45.837% [0m|[31;1m            47.646% [0m|[32;1m                         +0.27758 [0m|[33m  17.6 [0m|
|[31m    755 [0m|[32m    43 [0m|[33m    -3.00 [0m|[34;1m              +3550.00 [0m|[35m         17.6 [0m|[36;1m             45.837% [0m|[31;1m            47.649% [0m|[32;1m                         +0.27734 [0m|[33m  17.7 [0m|
|[31m    756 [0m|[32m    43 [0m|[33m    -3.00 [0m|[34;1m              +3547.00 [0m|[35m         17.6 [0m|[36;1m             45.837% [0m|[31;1m            47.652% [0m|[32;1m                         +0.27711 [0m|[33m  17.6 [0m|
|[31m    757 [0m|[32m    43 [0m|[33m    -4.00 [0m|[34;1m              +3543.00 [0m|[35m         17.6 [0m|[36;1m             45.837% [0m|[31;1m            47.672% [0m|[32;1m                         +0.27680 [0m|[33m  17.6 [0m|
|[31m    758 [0m|[32m    43 [0m|[33m    -4.00 [0m|[34;1m              +3539.00 [0m|[35m         17.6 [0m|[36;1m             45.837% [0m|[31;1m            47.691% [0m|[32;1m                         +0.27648 [0m|[33m  17.6 [0m|
|[31m    759 [0m|[32m    43 [0m|[33m    -4.00 [0m|[34;1m              +3535.00 [0m|[35m         17.7 [0m|[36;1m             45.837% [0m|[31;1m            47.711% [0m|[32;1m                         +0.27617 [0m|[33m  17.7 [0m|
|[31m    760 [0m|[32m    43 [0m|[33m    -4.00 [0m|[34;1m              +3531.00 [0m|[35m         17.7 [0m|[36;1m             45.837% [0m|[31;1m            47.714% [0m|[32;1m                         +0.27586 [0m|[33m  17.7 [0m|
|[31m    761 [0m|[32m    43 [0m|[33m    -4.00 [0m|[34;1m              +3527.00 [0m|[35m         17.7 [0m|[36;1m             45.837% [0m|[31;1m            47.717% [0m|[32;1m                         +0.27555 [0m|[33m  17.6 [0m|
|[31m    762 [0m|[32m    43 [0m|[33m    -4.00 [0m|[34;1m              +3523.00 [0m|[35m         17.7 [0m|[36;1m             45.837% [0m|[31;1m            47.720% [0m|[32;1m                         +0.27523 [0m|[33m  17.7 [0m|
|[31m    763 [0m|[32m    43 [0m|[33m    -4.00 [0m|[34;1m              +3519.00 [0m|[35m         17.7 [0m|[36;1m             45.837% [0m|[31;1m            47.723% [0m|[32;1m                         +0.27492 [0m|[33m  17.7 [0m|
|[31m    764 [0m|[32m    43 [0m|[33m    -4.00 [0m|[34;1m              +3515.00 [0m|[35m         17.8 [0m|[36;1m             45.837% [0m|[31;1m            47.726% [0m|[32;1m                         +0.27461 [0m|[33m  17.7 [0m|
|[31m    765 [0m|[32m    43 [0m|[33m    -4.00 [0m|[34;1m              +3511.00 [0m|[35m         17.8 [0m|[36;1m             45.837% [0m|[31;1m            47.745% [0m|[32;1m                         +0.27430 [0m|[33m  17.7 [0m|
|[31m    766 [0m|[32m    43 [0m|[33m    -4.00 [0m|[34;1m              +3507.00 [0m|[35m         17.8 [0m|[36;1m             45.837% [0m|[31;1m            47.764% [0m|[32;1m                         +0.27398 [0m|[33m  17.7 [0m|
|[31m    767 [0m|[32m    43 [0m|[33m    -4.00 [0m|[34;1m              +3503.00 [0m|[35m         17.8 [0m|[36;1m             45.837% [0m|[31;1m            47.784% [0m|[32;1m                         +0.27367 [0m|[33m  17.7 [0m|
|[31m    768 [0m|[32m    44 [0m|[33m  +154.00 [0m|[34;1m              +3657.00 [0m|[35m         17.5 [0m|[36;1m             46.091% [0m|[31;1m            47.786% [0m|[32;1m                         +0.28570 [0m|[33m  17.7 [0m|
|[31m    769 [0m|[32m    44 [0m|[33m    -2.00 [0m|[34;1m              +3655.00 [0m|[35m         17.5 [0m|[36;1m             46.091% [0m|[31;1m            47.789% [0m|[32;1m                         +0.28555 [0m|[33m  17.7 [0m|
|[31m    770 [0m|[32m    44 [0m|[33m    -2.00 [0m|[34;1m              +3653.00 [0m|[35m         17.5 [0m|[36;1m             46.091% [0m|[31;1m            47.792% [0m|[32;1m                         +0.28539 [0m|[33m  17.7 [0m|
|[31m    771 [0m|[32m    44 [0m|[33m    -2.00 [0m|[34;1m              +3651.00 [0m|[35m         17.5 [0m|[36;1m             46.091% [0m|[31;1m            47.795% [0m|[32;1m                         +0.28523 [0m|[33m  17.6 [0m|
|[31m    772 [0m|[32m    44 [0m|[33m    -2.00 [0m|[34;1m              +3649.00 [0m|[35m         17.5 [0m|[36;1m             46.091% [0m|[31;1m            47.814% [0m|[32;1m                         +0.28508 [0m|[33m  17.7 [0m|
|[31m    773 [0m|[32m    44 [0m|[33m    -2.00 [0m|[34;1m              +3647.00 [0m|[35m         17.6 [0m|[36;1m             46.091% [0m|[31;1m            47.817% [0m|[32;1m                         +0.28492 [0m|[33m  17.7 [0m|
|[31m    774 [0m|[32m    44 [0m|[33m    -2.00 [0m|[34;1m              +3645.00 [0m|[35m         17.6 [0m|[36;1m             46.091% [0m|[31;1m            47.820% [0m|[32;1m                         +0.28477 [0m|[33m  17.7 [0m|
|[31m    775 [0m|[32m    44 [0m|[33m    -2.00 [0m|[34;1m              +3643.00 [0m|[35m         17.6 [0m|[36;1m             46.091% [0m|[31;1m            47.823% [0m|[32;1m                         +0.28461 [0m|[33m  17.7 [0m|
|[31m    776 [0m|[32m    44 [0m|[33m    -2.00 [0m|[34;1m              +3641.00 [0m|[35m         17.6 [0m|[36;1m             46.091% [0m|[31;1m            47.825% [0m|[32;1m                         +0.28445 [0m|[33m  17.7 [0m|
|[31m    777 [0m|[32m    44 [0m|[33m    -2.00 [0m|[34;1m              +3639.00 [0m|[35m         17.7 [0m|[36;1m             46.091% [0m|[31;1m            47.828% [0m|[32;1m                         +0.28430 [0m|[33m  17.7 [0m|
|[31m    778 [0m|[32m    44 [0m|[33m    -2.00 [0m|[34;1m              +3637.00 [0m|[35m         17.7 [0m|[36;1m             46.091% [0m|[31;1m            47.831% [0m|[32;1m                         +0.28414 [0m|[33m  17.7 [0m|
|[31m    779 [0m|[32m    44 [0m|[33m    -2.00 [0m|[34;1m              +3635.00 [0m|[35m         17.7 [0m|[36;1m             46.091% [0m|[31;1m            47.850% [0m|[32;1m                         +0.28398 [0m|[33m  17.7 [0m|
|[31m    780 [0m|[32m    44 [0m|[33m    -2.00 [0m|[34;1m              +3633.00 [0m|[35m         17.7 [0m|[36;1m             46.091% [0m|[31;1m            47.853% [0m|[32;1m                         +0.28383 [0m|[33m  17.7 [0m|
|[31m    781 [0m|[32m    44 [0m|[33m    -2.00 [0m|[34;1m              +3631.00 [0m|[35m         17.8 [0m|[36;1m             46.091% [0m|[31;1m            47.855% [0m|[32;1m                         +0.28367 [0m|[33m  17.7 [0m|
|[31m    782 [0m|[32m    44 [0m|[33m    -2.00 [0m|[34;1m              +3629.00 [0m|[35m         17.8 [0m|[36;1m             46.091% [0m|[31;1m            47.858% [0m|[32;1m                         +0.28352 [0m|[33m  17.7 [0m|
|[31m    783 [0m|[32m    44 [0m|[33m    -2.00 [0m|[34;1m              +3627.00 [0m|[35m         17.8 [0m|[36;1m             46.091% [0m|[31;1m            47.861% [0m|[32;1m                         +0.28336 [0m|[33m  17.7 [0m|
|[31m    784 [0m|[32m    44 [0m|[33m    -2.00 [0m|[34;1m              +3625.00 [0m|[35m         17.8 [0m|[36;1m             46.091% [0m|[31;1m            47.864% [0m|[32;1m                         +0.28320 [0m|[33m  17.7 [0m|
|[31m    785 [0m|[32m    46 [0m|[33m  +198.00 [0m|[34;1m              +3823.00 [0m|[35m         17.1 [0m|[36;1m             44.087% [0m|[31;1m            47.866% [0m|[32;1m                         +0.29867 [0m|[33m  17.7 [0m|
|[31m    786 [0m|[32m    46 [0m|[33m    -2.00 [0m|[34;1m              +3821.00 [0m|[35m         17.1 [0m|[36;1m             44.087% [0m|[31;1m            47.869% [0m|[32;1m                         +0.29852 [0m|[33m  17.7 [0m|
|[31m    787 [0m|[32m    46 [0m|[33m    -2.00 [0m|[34;1m              +3819.00 [0m|[35m         17.1 [0m|[36;1m             44.087% [0m|[31;1m            47.872% [0m|[32;1m                         +0.29836 [0m|[33m  17.7 [0m|
|[31m    788 [0m|[32m    46 [0m|[33m    -2.00 [0m|[34;1m              +3817.00 [0m|[35m         17.1 [0m|[36;1m             44.087% [0m|[31;1m            47.874% [0m|[32;1m                         +0.29820 [0m|[33m  17.7 [0m|
|[31m    789 [0m|[32m    46 [0m|[33m    -2.00 [0m|[34;1m              +3815.00 [0m|[35m         17.2 [0m|[36;1m             44.087% [0m|[31;1m            47.893% [0m|[32;1m                         +0.29805 [0m|[33m  17.7 [0m|
|[31m    790 [0m|[32m    47 [0m|[33m  +187.00 [0m|[34;1m              +4002.00 [0m|[35m         16.8 [0m|[36;1m             45.043% [0m|[31;1m            47.911% [0m|[32;1m                         +0.31266 [0m|[33m  17.7 [0m|
|[31m    791 [0m|[32m    47 [0m|[33m    -2.00 [0m|[34;1m              +4000.00 [0m|[35m         16.8 [0m|[36;1m             45.043% [0m|[31;1m            47.930% [0m|[32;1m                         +0.31250 [0m|[33m  17.7 [0m|
|[31m    792 [0m|[32m    47 [0m|[33m    -2.00 [0m|[34;1m              +3998.00 [0m|[35m         16.9 [0m|[36;1m             45.043% [0m|[31;1m            47.948% [0m|[32;1m                         +0.31234 [0m|[33m  17.7 [0m|
|[31m    793 [0m|[32m    47 [0m|[33m    -2.00 [0m|[34;1m              +3996.00 [0m|[35m         16.9 [0m|[36;1m             45.043% [0m|[31;1m            47.967% [0m|[32;1m                         +0.31219 [0m|[33m  17.7 [0m|
|[31m    794 [0m|[32m    47 [0m|[33m    -2.00 [0m|[34;1m              +3994.00 [0m|[35m         16.9 [0m|[36;1m             45.043% [0m|[31;1m            47.985% [0m|[32;1m                         +0.31203 [0m|[33m  17.7 [0m|
|[31m    795 [0m|[32m    47 [0m|[33m    -2.00 [0m|[34;1m              +3992.00 [0m|[35m         16.9 [0m|[36;1m             45.043% [0m|[31;1m            47.987% [0m|[32;1m                         +0.31188 [0m|[33m  17.7 [0m|
|[31m    796 [0m|[32m    47 [0m|[33m    -2.00 [0m|[34;1m              +3990.00 [0m|[35m         16.9 [0m|[36;1m             45.043% [0m|[31;1m            47.990% [0m|[32;1m                         +0.31172 [0m|[33m  17.7 [0m|
|[31m    797 [0m|[32m    47 [0m|[33m    -2.00 [0m|[34;1m              +3988.00 [0m|[35m         17.0 [0m|[36;1m             45.043% [0m|[31;1m            47.992% [0m|[32;1m                         +0.31156 [0m|[33m  17.6 [0m|
|[31m    798 [0m|[32m    47 [0m|[33m    -2.00 [0m|[34;1m              +3986.00 [0m|[35m         17.0 [0m|[36;1m             45.043% [0m|[31;1m            47.995% [0m|[32;1m                         +0.31141 [0m|[33m  17.6 [0m|
|[31m    799 [0m|[32m    47 [0m|[33m    -2.00 [0m|[34;1m              +3984.00 [0m|[35m         17.0 [0m|[36;1m             45.043% [0m|[31;1m            47.997% [0m|[32;1m                         +0.31125 [0m|[33m  17.6 [0m|
|[31m    800 [0m|[32m    47 [0m|[33m    -2.00 [0m|[34;1m              +3982.00 [0m|[35m         17.0 [0m|[36;1m             45.043% [0m|[31;1m            47.984% [0m|[32;1m                         +0.31109 [0m|[33m  17.6 [0m|
|[31m    801 [0m|[32m    47 [0m|[33m    -1.00 [0m|[34;1m              +3981.00 [0m|[35m         17.0 [0m|[36;1m             45.043% [0m|[31;1m            47.956% [0m|[32;1m                         +0.31102 [0m|[33m  17.6 [0m|
|[31m    802 [0m|[32m    47 [0m|[33m    -1.00 [0m|[34;1m              +3980.00 [0m|[35m         17.1 [0m|[36;1m             45.043% [0m|[31;1m            47.927% [0m|[32;1m                         +0.31094 [0m|[33m  17.6 [0m|
|[31m    803 [0m|[32m    47 [0m|[33m    -1.00 [0m|[34;1m              +3979.00 [0m|[35m         17.1 [0m|[36;1m             45.043% [0m|[31;1m            47.899% [0m|[32;1m                         +0.31086 [0m|[33m  17.6 [0m|
|[31m    804 [0m|[32m    47 [0m|[33m    -1.00 [0m|[34;1m              +3978.00 [0m|[35m         17.1 [0m|[36;1m             45.043% [0m|[31;1m            47.870% [0m|[32;1m                         +0.31078 [0m|[33m  17.6 [0m|
|[31m    805 [0m|[32m    47 [0m|[33m    -1.00 [0m|[34;1m              +3977.00 [0m|[35m         17.1 [0m|[36;1m             45.043% [0m|[31;1m            47.842% [0m|[32;1m                         +0.31070 [0m|[33m  17.6 [0m|
|[31m    806 [0m|[32m    47 [0m|[33m    -1.00 [0m|[34;1m              +3976.00 [0m|[35m         17.1 [0m|[36;1m             45.043% [0m|[31;1m            47.813% [0m|[32;1m                         +0.31062 [0m|[33m  17.6 [0m|
|[31m    807 [0m|[32m    47 [0m|[33m    -1.00 [0m|[34;1m              +3975.00 [0m|[35m         17.2 [0m|[36;1m             45.043% [0m|[31;1m            47.785% [0m|[32;1m                         +0.31055 [0m|[33m  17.6 [0m|
|[31m    808 [0m|[32m    49 [0m|[33m  +371.00 [0m|[34;1m              +4346.00 [0m|[35m         16.5 [0m|[36;1m             46.714% [0m|[31;1m            47.757% [0m|[32;1m                         +0.33953 [0m|[33m  17.6 [0m|
|[31m    809 [0m|[32m    49 [0m|[33m    -1.00 [0m|[34;1m              +4345.00 [0m|[35m         16.5 [0m|[36;1m             46.714% [0m|[31;1m            47.729% [0m|[32;1m                         +0.33945 [0m|[33m  17.6 [0m|
|[31m    810 [0m|[32m    49 [0m|[33m    -1.00 [0m|[34;1m              +4344.00 [0m|[35m         16.5 [0m|[36;1m             46.714% [0m|[31;1m            47.701% [0m|[32;1m                         +0.33937 [0m|[33m  17.6 [0m|
|[31m    811 [0m|[32m    51 [0m|[33m  +253.00 [0m|[34;1m              +4597.00 [0m|[35m         15.9 [0m|[36;1m             45.941% [0m|[31;1m            47.673% [0m|[32;1m                         +0.35914 [0m|[33m  17.6 [0m|
|[31m    812 [0m|[32m    51 [0m|[33m    -1.00 [0m|[34;1m              +4596.00 [0m|[35m         15.9 [0m|[36;1m             45.941% [0m|[31;1m            47.645% [0m|[32;1m                         +0.35906 [0m|[33m  17.6 [0m|
|[31m    813 [0m|[32m    51 [0m|[33m    -1.00 [0m|[34;1m              +4595.00 [0m|[35m         15.9 [0m|[36;1m             45.941% [0m|[31;1m            47.617% [0m|[32;1m                         +0.35898 [0m|[33m  17.6 [0m|
|[31m    814 [0m|[32m    51 [0m|[33m    -1.00 [0m|[34;1m              +4594.00 [0m|[35m         16.0 [0m|[36;1m             45.941% [0m|[31;1m            47.589% [0m|[32;1m                         +0.35891 [0m|[33m  17.6 [0m|
|[31m    815 [0m|[32m    51 [0m|[33m    -1.00 [0m|[34;1m              +4593.00 [0m|[35m         16.0 [0m|[36;1m             45.941% [0m|[31;1m            47.561% [0m|[32;1m                         +0.35883 [0m|[33m  17.6 [0m|
|[31m    816 [0m|[32m    51 [0m|[33m    -1.00 [0m|[34;1m              +4592.00 [0m|[35m         16.0 [0m|[36;1m             45.941% [0m|[31;1m            47.534% [0m|[32;1m                         +0.35875 [0m|[33m  17.6 [0m|
|[31m    817 [0m|[32m    51 [0m|[33m    -1.00 [0m|[34;1m              +4591.00 [0m|[35m         16.0 [0m|[36;1m             45.941% [0m|[31;1m            47.506% [0m|[32;1m                         +0.35867 [0m|[33m  17.6 [0m|
|[31m    818 [0m|[32m    51 [0m|[33m    -1.00 [0m|[34;1m              +4590.00 [0m|[35m         16.0 [0m|[36;1m             45.941% [0m|[31;1m            47.479% [0m|[32;1m                         +0.35859 [0m|[33m  17.6 [0m|
|[31m    819 [0m|[32m    51 [0m|[33m    -1.00 [0m|[34;1m              +4589.00 [0m|[35m         16.1 [0m|[36;1m             45.941% [0m|[31;1m            47.451% [0m|[32;1m                         +0.35852 [0m|[33m  17.6 [0m|
|[31m    820 [0m|[32m    51 [0m|[33m    -1.00 [0m|[34;1m              +4588.00 [0m|[35m         16.1 [0m|[36;1m             45.941% [0m|[31;1m            47.424% [0m|[32;1m                         +0.35844 [0m|[33m  17.6 [0m|
|[31m    821 [0m|[32m    51 [0m|[33m    -1.00 [0m|[34;1m              +4587.00 [0m|[35m         16.1 [0m|[36;1m             45.941% [0m|[31;1m            47.396% [0m|[32;1m                         +0.35836 [0m|[33m  17.6 [0m|
|[31m    822 [0m|[32m    51 [0m|[33m    -1.00 [0m|[34;1m              +4586.00 [0m|[35m         16.1 [0m|[36;1m             45.941% [0m|[31;1m            47.369% [0m|[32;1m                         +0.35828 [0m|[33m  17.6 [0m|
|[31m    823 [0m|[32m    51 [0m|[33m    -1.00 [0m|[34;1m              +4585.00 [0m|[35m         16.1 [0m|[36;1m             45.941% [0m|[31;1m            47.357% [0m|[32;1m                         +0.35820 [0m|[33m  17.6 [0m|
|[31m    824 [0m|[32m    51 [0m|[33m    -1.00 [0m|[34;1m              +4584.00 [0m|[35m         16.2 [0m|[36;1m             45.941% [0m|[31;1m            47.345% [0m|[32;1m                         +0.35813 [0m|[33m  17.6 [0m|
|[31m    825 [0m|[32m    51 [0m|[33m    -1.00 [0m|[34;1m              +4583.00 [0m|[35m         16.2 [0m|[36;1m             45.941% [0m|[31;1m            47.333% [0m|[32;1m                         +0.35805 [0m|[33m  17.6 [0m|
|[31m    826 [0m|[32m    51 [0m|[33m    -1.00 [0m|[34;1m              +4582.00 [0m|[35m         16.2 [0m|[36;1m             45.941% [0m|[31;1m            47.321% [0m|[32;1m                         +0.35797 [0m|[33m  17.6 [0m|
|[31m    827 [0m|[32m    51 [0m|[33m    -1.00 [0m|[34;1m              +4581.00 [0m|[35m         16.2 [0m|[36;1m             45.941% [0m|[31;1m            47.310% [0m|[32;1m                         +0.35789 [0m|[33m  17.6 [0m|
|[31m    828 [0m|[32m    51 [0m|[33m    -0.00 [0m|[34;1m              +4581.00 [0m|[35m         16.2 [0m|[36;1m             45.941% [0m|[31;1m            47.283% [0m|[32;1m                         +0.35789 [0m|[33m  17.6 [0m|
|[31m    829 [0m|[32m    51 [0m|[33m    -0.00 [0m|[34;1m              +4581.00 [0m|[35m         16.3 [0m|[36;1m             45.941% [0m|[31;1m            47.256% [0m|[32;1m                         +0.35789 [0m|[33m  17.6 [0m|
|[31m    830 [0m|[32m    51 [0m|[33m    -0.00 [0m|[34;1m              +4581.00 [0m|[35m         16.3 [0m|[36;1m             45.941% [0m|[31;1m            47.229% [0m|[32;1m                         +0.35789 [0m|[33m  17.6 [0m|
|[31m    831 [0m|[32m    51 [0m|[33m    -0.00 [0m|[34;1m              +4581.00 [0m|[35m         16.3 [0m|[36;1m             45.941% [0m|[31;1m            47.202% [0m|[32;1m                         +0.35789 [0m|[33m  17.6 [0m|
|[31m    832 [0m|[32m    51 [0m|[33m    -0.00 [0m|[34;1m              +4581.00 [0m|[35m         16.3 [0m|[36;1m             45.941% [0m|[31;1m            47.191% [0m|[32;1m                         +0.35789 [0m|[33m  17.6 [0m|
|[31m    833 [0m|[32m    51 [0m|[33m    -0.00 [0m|[34;1m              +4581.00 [0m|[35m         16.3 [0m|[36;1m             45.941% [0m|[31;1m            47.179% [0m|[32;1m                         +0.35789 [0m|[33m  17.6 [0m|
|[31m    834 [0m|[32m    51 [0m|[33m    -0.00 [0m|[34;1m              +4581.00 [0m|[35m         16.4 [0m|[36;1m             45.941% [0m|[31;1m            47.167% [0m|[32;1m                         +0.35789 [0m|[33m  17.6 [0m|
|[31m    835 [0m|[32m    51 [0m|[33m    -0.00 [0m|[34;1m              +4581.00 [0m|[35m         16.4 [0m|[36;1m             45.941% [0m|[31;1m            47.156% [0m|[32;1m                         +0.35789 [0m|[33m  17.7 [0m|
|[31m    836 [0m|[32m    51 [0m|[33m    -0.00 [0m|[34;1m              +4581.00 [0m|[35m         16.4 [0m|[36;1m             45.941% [0m|[31;1m            47.129% [0m|[32;1m                         +0.35789 [0m|[33m  17.6 [0m|
|[31m    837 [0m|[32m    51 [0m|[33m    -0.00 [0m|[34;1m              +4581.00 [0m|[35m         16.4 [0m|[36;1m             45.941% [0m|[31;1m            47.103% [0m|[32;1m                         +0.35789 [0m|[33m  17.7 [0m|
|[31m    838 [0m|[32m    51 [0m|[33m    -0.00 [0m|[34;1m              +4581.00 [0m|[35m         16.4 [0m|[36;1m             45.941% [0m|[31;1m            47.076% [0m|[32;1m                         +0.35789 [0m|[33m  17.7 [0m|
|[31m    839 [0m|[32m    51 [0m|[33m    -0.00 [0m|[34;1m              +4581.00 [0m|[35m         16.5 [0m|[36;1m             45.941% [0m|[31;1m            47.050% [0m|[32;1m                         +0.35789 [0m|[33m  17.7 [0m|
|[31m    840 [0m|[32m    51 [0m|[33m    -0.00 [0m|[34;1m              +4581.00 [0m|[35m         16.5 [0m|[36;1m             45.941% [0m|[31;1m            47.009% [0m|[32;1m                         +0.35789 [0m|[33m  17.7 [0m|
|[31m    841 [0m|[32m    51 [0m|[33m    -0.00 [0m|[34;1m              +4581.00 [0m|[35m         16.5 [0m|[36;1m             45.941% [0m|[31;1m            46.983% [0m|[32;1m                         +0.35789 [0m|[33m  17.7 [0m|
|[31m    842 [0m|[32m    51 [0m|[33m    -0.00 [0m|[34;1m              +4581.00 [0m|[35m         16.5 [0m|[36;1m             45.941% [0m|[31;1m            46.957% [0m|[32;1m                         +0.35789 [0m|[33m  17.7 [0m|
|[31m    843 [0m|[32m    51 [0m|[33m    -0.00 [0m|[34;1m              +4581.00 [0m|[35m         16.5 [0m|[36;1m             45.941% [0m|[31;1m            46.931% [0m|[32;1m                         +0.35789 [0m|[33m  17.7 [0m|
|[31m    844 [0m|[32m    51 [0m|[33m    -0.00 [0m|[34;1m              +4581.00 [0m|[35m         16.5 [0m|[36;1m             45.941% [0m|[31;1m            46.905% [0m|[32;1m                         +0.35789 [0m|[33m  17.7 [0m|
|[31m    845 [0m|[32m    51 [0m|[33m    -0.00 [0m|[34;1m              +4581.00 [0m|[35m         16.6 [0m|[36;1m             45.941% [0m|[31;1m            46.879% [0m|[32;1m                         +0.35789 [0m|[33m  17.7 [0m|
|[31m    846 [0m|[32m    51 [0m|[33m    -0.00 [0m|[34;1m              +4581.00 [0m|[35m         16.6 [0m|[36;1m             45.941% [0m|[31;1m            46.853% [0m|[32;1m                         +0.35789 [0m|[33m  17.7 [0m|
|[31m    847 [0m|[32m    51 [0m|[33m    -0.00 [0m|[34;1m              +4581.00 [0m|[35m         16.6 [0m|[36;1m             45.941% [0m|[31;1m            46.827% [0m|[32;1m                         +0.35789 [0m|[33m  17.7 [0m|
|[31m    848 [0m|[32m    53 [0m|[33m  +295.00 [0m|[34;1m              +4876.00 [0m|[35m         16.0 [0m|[36;1m             46.000% [0m|[31;1m            46.801% [0m|[32;1m                         +0.38094 [0m|[33m  17.7 [0m|
|[31m    849 [0m|[32m    53 [0m|[33m    -0.00 [0m|[34;1m              +4876.00 [0m|[35m         16.0 [0m|[36;1m             46.000% [0m|[31;1m            46.776% [0m|[32;1m                         +0.38094 [0m|[33m  17.7 [0m|
|[31m    850 [0m|[32m    53 [0m|[33m    -0.00 [0m|[34;1m              +4876.00 [0m|[35m         16.0 [0m|[36;1m             46.000% [0m|[31;1m            46.735% [0m|[32;1m                         +0.38094 [0m|[33m  17.7 [0m|
|[31m    851 [0m|[32m    53 [0m|[33m    -0.00 [0m|[34;1m              +4876.00 [0m|[35m         16.1 [0m|[36;1m             46.000% [0m|[31;1m            46.710% [0m|[32;1m                         +0.38094 [0m|[33m  17.7 [0m|
|[31m    852 [0m|[32m    53 [0m|[33m    -0.00 [0m|[34;1m              +4876.00 [0m|[35m         16.1 [0m|[36;1m             46.000% [0m|[31;1m            46.684% [0m|[32;1m                         +0.38094 [0m|[33m  17.7 [0m|
|[31m    853 [0m|[32m    53 [0m|[33m    -0.00 [0m|[34;1m              +4876.00 [0m|[35m         16.1 [0m|[36;1m             46.000% [0m|[31;1m            46.659% [0m|[32;1m                         +0.38094 [0m|[33m  17.7 [0m|
|[31m    854 [0m|[32m    53 [0m|[33m    -0.00 [0m|[34;1m              +4876.00 [0m|[35m         16.1 [0m|[36;1m             46.000% [0m|[31;1m            46.633% [0m|[32;1m                         +0.38094 [0m|[33m  17.7 [0m|
|[31m    855 [0m|[32m    53 [0m|[33m    -0.00 [0m|[34;1m              +4876.00 [0m|[35m         16.1 [0m|[36;1m             46.000% [0m|[31;1m            46.608% [0m|[32;1m                         +0.38094 [0m|[33m  17.7 [0m|
|[31m    856 [0m|[32m    53 [0m|[33m    -0.00 [0m|[34;1m              +4876.00 [0m|[35m         16.2 [0m|[36;1m             46.000% [0m|[31;1m            46.583% [0m|[32;1m                         +0.38094 [0m|[33m  17.7 [0m|
|[31m    857 [0m|[32m    53 [0m|[33m    -0.00 [0m|[34;1m              +4876.00 [0m|[35m         16.2 [0m|[36;1m             46.000% [0m|[31;1m            46.558% [0m|[32;1m                         +0.38094 [0m|[33m  17.7 [0m|
|[31m    858 [0m|[32m    53 [0m|[33m    -0.00 [0m|[34;1m              +4876.00 [0m|[35m         16.2 [0m|[36;1m             46.000% [0m|[31;1m            46.533% [0m|[32;1m                         +0.38094 [0m|[33m  17.7 [0m|
|[31m    859 [0m|[32m    53 [0m|[33m    -0.00 [0m|[34;1m              +4876.00 [0m|[35m         16.2 [0m|[36;1m             46.000% [0m|[31;1m            46.508% [0m|[32;1m                         +0.38094 [0m|[33m  17.7 [0m|
|[31m    860 [0m|[32m    53 [0m|[33m    -0.00 [0m|[34;1m              +4876.00 [0m|[35m         16.2 [0m|[36;1m             46.000% [0m|[31;1m            46.483% [0m|[32;1m                         +0.38094 [0m|[33m  17.7 [0m|
|[31m    861 [0m|[32m    53 [0m|[33m    -0.00 [0m|[34;1m              +4876.00 [0m|[35m         16.2 [0m|[36;1m             46.000% [0m|[31;1m            46.458% [0m|[32;1m                         +0.38094 [0m|[33m  17.7 [0m|
|[31m    862 [0m|[32m    53 [0m|[33m    -0.00 [0m|[34;1m              +4876.00 [0m|[35m         16.3 [0m|[36;1m             46.000% [0m|[31;1m            46.433% [0m|[32;1m                         +0.38094 [0m|[33m  17.7 [0m|
|[31m    863 [0m|[32m    53 [0m|[33m    -0.00 [0m|[34;1m              +4876.00 [0m|[35m         16.3 [0m|[36;1m             46.000% [0m|[31;1m            46.393% [0m|[32;1m                         +0.38094 [0m|[33m  17.7 [0m|
|[31m    864 [0m|[32m    53 [0m|[33m    -0.00 [0m|[34;1m              +4876.00 [0m|[35m         16.3 [0m|[36;1m             46.000% [0m|[31;1m            46.354% [0m|[32;1m                         +0.38094 [0m|[33m  17.7 [0m|
|[31m    865 [0m|[32m    53 [0m|[33m    -0.00 [0m|[34;1m              +4876.00 [0m|[35m         16.3 [0m|[36;1m             46.000% [0m|[31;1m            46.315% [0m|[32;1m                         +0.38094 [0m|[33m  17.7 [0m|
|[31m    866 [0m|[32m    53 [0m|[33m    -0.00 [0m|[34;1m              +4876.00 [0m|[35m         16.3 [0m|[36;1m             46.000% [0m|[31;1m            46.276% [0m|[32;1m                         +0.38094 [0m|[33m  17.6 [0m|
|[31m    867 [0m|[32m    53 [0m|[33m    -0.00 [0m|[34;1m              +4876.00 [0m|[35m         16.4 [0m|[36;1m             46.000% [0m|[31;1m            46.237% [0m|[32;1m                         +0.38094 [0m|[33m  17.7 [0m|
|[31m    868 [0m|[32m    53 [0m|[33m    -0.00 [0m|[34;1m              +4876.00 [0m|[35m         16.4 [0m|[36;1m             46.000% [0m|[31;1m            46.184% [0m|[32;1m                         +0.38094 [0m|[33m  17.7 [0m|
|[31m    869 [0m|[32m    53 [0m|[33m    -0.00 [0m|[34;1m              +4876.00 [0m|[35m         16.4 [0m|[36;1m             46.000% [0m|[31;1m            46.131% [0m|[32;1m                         +0.38094 [0m|[33m  17.7 [0m|
|[31m    870 [0m|[32m    53 [0m|[33m    -0.00 [0m|[34;1m              +4876.00 [0m|[35m         16.4 [0m|[36;1m             46.000% [0m|[31;1m            46.078% [0m|[32;1m                         +0.38094 [0m|[33m  17.7 [0m|
|[31m    871 [0m|[32m    53 [0m|[33m    -0.00 [0m|[34;1m              +4876.00 [0m|[35m         16.4 [0m|[36;1m             46.000% [0m|[31;1m            46.025% [0m|[32;1m                         +0.38094 [0m|[33m  17.6 [0m|
|[31m    872 [0m|[32m    53 [0m|[33m    -0.00 [0m|[34;1m              +4876.00 [0m|[35m         16.5 [0m|[36;1m             46.000% [0m|[31;1m            45.986% [0m|[32;1m                         +0.38094 [0m|[33m  17.6 [0m|
|[31m    873 [0m|[32m    53 [0m|[33m    -0.00 [0m|[34;1m              +4876.00 [0m|[35m         16.5 [0m|[36;1m             46.000% [0m|[31;1m            45.962% [0m|[32;1m                         +0.38094 [0m|[33m  17.7 [0m|
|[31m    874 [0m|[32m    53 [0m|[33m    -0.00 [0m|[34;1m              +4876.00 [0m|[35m         16.5 [0m|[36;1m             46.000% [0m|[31;1m            45.924% [0m|[32;1m                         +0.38094 [0m|[33m  17.7 [0m|
|[31m    875 [0m|[32m    53 [0m|[33m    -0.00 [0m|[34;1m              +4876.00 [0m|[35m         16.5 [0m|[36;1m             46.000% [0m|[31;1m            45.900% [0m|[32;1m                         +0.38094 [0m|[33m  17.7 [0m|
|[31m    876 [0m|[32m    53 [0m|[33m    -0.00 [0m|[34;1m              +4876.00 [0m|[35m         16.5 [0m|[36;1m             46.000% [0m|[31;1m            45.876% [0m|[32;1m                         +0.38094 [0m|[33m  17.7 [0m|
|[31m    877 [0m|[32m    53 [0m|[33m    -0.00 [0m|[34;1m              +4876.00 [0m|[35m         16.5 [0m|[36;1m             46.000% [0m|[31;1m            45.852% [0m|[32;1m                         +0.38094 [0m|[33m  17.7 [0m|
|[31m    878 [0m|[32m    53 [0m|[33m    -1.00 [0m|[34;1m              +4875.00 [0m|[35m         16.6 [0m|[36;1m             46.000% [0m|[31;1m            45.843% [0m|[32;1m                         +0.38086 [0m|[33m  17.7 [0m|
|[31m    879 [0m|[32m    53 [0m|[33m    -3.00 [0m|[34;1m              +4872.00 [0m|[35m         16.6 [0m|[36;1m             46.000% [0m|[31;1m            45.862% [0m|[32;1m                         +0.38062 [0m|[33m  17.7 [0m|
|[31m    880 [0m|[32m    53 [0m|[33m    -3.00 [0m|[34;1m              +4869.00 [0m|[35m         16.6 [0m|[36;1m             46.000% [0m|[31;1m            45.881% [0m|[32;1m                         +0.38039 [0m|[33m  17.7 [0m|
|[31m    881 [0m|[32m    53 [0m|[33m    -3.00 [0m|[34;1m              +4866.00 [0m|[35m         16.6 [0m|[36;1m             46.000% [0m|[31;1m            45.900% [0m|[32;1m                         +0.38016 [0m|[33m  17.7 [0m|
|[31m    882 [0m|[32m    53 [0m|[33m    -4.00 [0m|[34;1m              +4862.00 [0m|[35m         16.6 [0m|[36;1m             46.000% [0m|[31;1m            45.933% [0m|[32;1m                         +0.37984 [0m|[33m  17.7 [0m|
|[31m    883 [0m|[32m    53 [0m|[33m    -3.00 [0m|[34;1m              +4859.00 [0m|[35m         16.7 [0m|[36;1m             46.000% [0m|[31;1m            45.951% [0m|[32;1m                         +0.37961 [0m|[33m  17.7 [0m|
|[31m    884 [0m|[32m    53 [0m|[33m    -3.00 [0m|[34;1m              +4856.00 [0m|[35m         16.7 [0m|[36;1m             46.000% [0m|[31;1m            45.970% [0m|[32;1m                         +0.37938 [0m|[33m  17.7 [0m|
|[31m    885 [0m|[32m    53 [0m|[33m    -4.00 [0m|[34;1m              +4852.00 [0m|[35m         16.7 [0m|[36;1m             46.000% [0m|[31;1m            46.003% [0m|[32;1m                         +0.37906 [0m|[33m  17.7 [0m|
|[31m    886 [0m|[32m    53 [0m|[33m    -4.00 [0m|[34;1m              +4848.00 [0m|[35m         16.7 [0m|[36;1m             46.000% [0m|[31;1m            46.036% [0m|[32;1m                         +0.37875 [0m|[33m  17.7 [0m|
|[31m    887 [0m|[32m    53 [0m|[33m    -4.00 [0m|[34;1m              +4844.00 [0m|[35m         16.7 [0m|[36;1m             46.000% [0m|[31;1m            46.068% [0m|[32;1m                         +0.37844 [0m|[33m  17.7 [0m|
|[31m    888 [0m|[32m    53 [0m|[33m    -5.00 [0m|[34;1m              +4839.00 [0m|[35m         16.8 [0m|[36;1m             46.000% [0m|[31;1m            46.115% [0m|[32;1m                         +0.37805 [0m|[33m  17.7 [0m|
|[31m    889 [0m|[32m    53 [0m|[33m    -5.00 [0m|[34;1m              +4834.00 [0m|[35m         16.8 [0m|[36;1m             46.000% [0m|[31;1m            46.161% [0m|[32;1m                         +0.37766 [0m|[33m  17.7 [0m|
|[31m    890 [0m|[32m    53 [0m|[33m    -5.00 [0m|[34;1m              +4829.00 [0m|[35m         16.8 [0m|[36;1m             46.000% [0m|[31;1m            46.208% [0m|[32;1m                         +0.37727 [0m|[33m  17.7 [0m|
|[31m    891 [0m|[32m    53 [0m|[33m    -5.00 [0m|[34;1m              +4824.00 [0m|[35m         16.8 [0m|[36;1m             46.000% [0m|[31;1m            46.254% [0m|[32;1m                         +0.37688 [0m|[33m  17.7 [0m|
|[31m    892 [0m|[32m    53 [0m|[33m    -5.00 [0m|[34;1m              +4819.00 [0m|[35m         16.8 [0m|[36;1m             46.000% [0m|[31;1m            46.300% [0m|[32;1m                         +0.37648 [0m|[33m  17.7 [0m|
|[31m    893 [0m|[32m    53 [0m|[33m    -5.00 [0m|[34;1m              +4814.00 [0m|[35m         16.8 [0m|[36;1m             46.000% [0m|[31;1m            46.347% [0m|[32;1m                         +0.37609 [0m|[33m  17.7 [0m|
|[31m    894 [0m|[32m    53 [0m|[33m    -5.00 [0m|[34;1m              +4809.00 [0m|[35m         16.9 [0m|[36;1m             46.000% [0m|[31;1m            46.393% [0m|[32;1m                         +0.37570 [0m|[33m  17.7 [0m|
|[31m    895 [0m|[32m    53 [0m|[33m    -4.00 [0m|[34;1m              +4805.00 [0m|[35m         16.9 [0m|[36;1m             46.000% [0m|[31;1m            46.425% [0m|[32;1m                         +0.37539 [0m|[33m  17.8 [0m|
|[31m    896 [0m|[32m    53 [0m|[33m    -5.00 [0m|[34;1m              +4800.00 [0m|[35m         16.9 [0m|[36;1m             46.000% [0m|[31;1m            46.470% [0m|[32;1m                         +0.37500 [0m|[33m  17.7 [0m|
|[31m    897 [0m|[32m    53 [0m|[33m    -5.00 [0m|[34;1m              +4795.00 [0m|[35m         16.9 [0m|[36;1m             46.000% [0m|[31;1m            46.516% [0m|[32;1m                         +0.37461 [0m|[33m  17.8 [0m|
|[31m    898 [0m|[32m    53 [0m|[33m    -5.00 [0m|[34;1m              +4790.00 [0m|[35m         16.9 [0m|[36;1m             46.000% [0m|[31;1m            46.562% [0m|[32;1m                         +0.37422 [0m|[33m  17.8 [0m|
|[31m    899 [0m|[32m    53 [0m|[33m    -5.00 [0m|[34;1m              +4785.00 [0m|[35m         17.0 [0m|[36;1m             46.000% [0m|[31;1m            46.607% [0m|[32;1m                         +0.37383 [0m|[33m  17.8 [0m|
|[31m    900 [0m|[32m    53 [0m|[33m    -5.00 [0m|[34;1m              +4780.00 [0m|[35m         17.0 [0m|[36;1m             46.000% [0m|[31;1m            46.653% [0m|[32;1m                         +0.37344 [0m|[33m  17.8 [0m|
|[31m    901 [0m|[32m    53 [0m|[33m    -5.00 [0m|[34;1m              +4775.00 [0m|[35m         17.0 [0m|[36;1m             46.000% [0m|[31;1m            46.712% [0m|[32;1m                         +0.37305 [0m|[33m  17.8 [0m|
|[31m    902 [0m|[32m    53 [0m|[33m    -5.00 [0m|[34;1m              +4770.00 [0m|[35m         17.0 [0m|[36;1m             46.000% [0m|[31;1m            46.771% [0m|[32;1m                         +0.37266 [0m|[33m  17.8 [0m|
|[31m    903 [0m|[32m    53 [0m|[33m    -5.00 [0m|[34;1m              +4765.00 [0m|[35m         17.0 [0m|[36;1m             46.000% [0m|[31;1m            46.830% [0m|[32;1m                         +0.37227 [0m|[33m  17.8 [0m|
|[31m    904 [0m|[32m    53 [0m|[33m    -4.00 [0m|[34;1m              +4761.00 [0m|[35m         17.1 [0m|[36;1m             46.000% [0m|[31;1m            46.875% [0m|[32;1m                         +0.37195 [0m|[33m  17.8 [0m|
|[31m    905 [0m|[32m    53 [0m|[33m    -4.00 [0m|[34;1m              +4757.00 [0m|[35m         17.1 [0m|[36;1m             46.000% [0m|[31;1m            46.920% [0m|[32;1m                         +0.37164 [0m|[33m  17.8 [0m|
|[31m    906 [0m|[32m    53 [0m|[33m    -4.00 [0m|[34;1m              +4753.00 [0m|[35m         17.1 [0m|[36;1m             46.000% [0m|[31;1m            46.965% [0m|[32;1m                         +0.37133 [0m|[33m  17.8 [0m|
|[31m    907 [0m|[32m    53 [0m|[33m    -4.00 [0m|[34;1m              +4749.00 [0m|[35m         17.1 [0m|[36;1m             46.000% [0m|[31;1m            47.009% [0m|[32;1m                         +0.37102 [0m|[33m  17.8 [0m|
|[31m    908 [0m|[32m    53 [0m|[33m    -4.00 [0m|[34;1m              +4745.00 [0m|[35m         17.1 [0m|[36;1m             46.000% [0m|[31;1m            47.054% [0m|[32;1m                         +0.37070 [0m|[33m  17.8 [0m|
|[31m    909 [0m|[32m    53 [0m|[33m    -5.00 [0m|[34;1m              +4740.00 [0m|[35m         17.2 [0m|[36;1m             46.000% [0m|[31;1m            47.112% [0m|[32;1m                         +0.37031 [0m|[33m  17.8 [0m|
|[31m    910 [0m|[32m    53 [0m|[33m    -5.00 [0m|[34;1m              +4735.00 [0m|[35m         17.2 [0m|[36;1m             46.000% [0m|[31;1m            47.170% [0m|[32;1m                         +0.36992 [0m|[33m  17.8 [0m|
|[31m    911 [0m|[32m    53 [0m|[33m    -5.00 [0m|[34;1m              +4730.00 [0m|[35m         17.2 [0m|[36;1m             46.000% [0m|[31;1m            47.228% [0m|[32;1m                         +0.36953 [0m|[33m  17.8 [0m|
|[31m    912 [0m|[32m    53 [0m|[33m    -5.00 [0m|[34;1m              +4725.00 [0m|[35m         17.2 [0m|[36;1m             46.000% [0m|[31;1m            47.286% [0m|[32;1m                         +0.36914 [0m|[33m  17.8 [0m|
|[31m    913 [0m|[32m    53 [0m|[33m    -5.00 [0m|[34;1m              +4720.00 [0m|[35m         17.2 [0m|[36;1m             46.000% [0m|[31;1m            47.344% [0m|[32;1m                         +0.36875 [0m|[33m  17.8 [0m|
|[31m    914 [0m|[32m    53 [0m|[33m    -4.00 [0m|[34;1m              +4716.00 [0m|[35m         17.2 [0m|[36;1m             46.000% [0m|[31;1m            47.388% [0m|[32;1m                         +0.36844 [0m|[33m  17.8 [0m|
|[31m    915 [0m|[32m    53 [0m|[33m    -4.00 [0m|[34;1m              +4712.00 [0m|[35m         17.3 [0m|[36;1m             46.000% [0m|[31;1m            47.432% [0m|[32;1m                         +0.36812 [0m|[33m  17.8 [0m|
|[31m    916 [0m|[32m    53 [0m|[33m    -4.00 [0m|[34;1m              +4708.00 [0m|[35m         17.3 [0m|[36;1m             46.000% [0m|[31;1m            47.475% [0m|[32;1m                         +0.36781 [0m|[33m  17.8 [0m|
|[31m    917 [0m|[32m    53 [0m|[33m    -4.00 [0m|[34;1m              +4704.00 [0m|[35m         17.3 [0m|[36;1m             46.000% [0m|[31;1m            47.519% [0m|[32;1m                         +0.36750 [0m|[33m  17.8 [0m|
|[31m    918 [0m|[32m    53 [0m|[33m    -4.00 [0m|[34;1m              +4700.00 [0m|[35m         17.3 [0m|[36;1m             46.000% [0m|[31;1m            47.563% [0m|[32;1m                         +0.36719 [0m|[33m  17.8 [0m|
|[31m    919 [0m|[32m    53 [0m|[33m    -4.00 [0m|[34;1m              +4696.00 [0m|[35m         17.3 [0m|[36;1m             46.000% [0m|[31;1m            47.606% [0m|[32;1m                         +0.36688 [0m|[33m  17.8 [0m|
|[31m    920 [0m|[32m    53 [0m|[33m    -2.00 [0m|[34;1m              +4694.00 [0m|[35m         17.4 [0m|[36;1m             46.000% [0m|[31;1m            47.622% [0m|[32;1m                         +0.36672 [0m|[33m  17.8 [0m|
|[31m    921 [0m|[32m    53 [0m|[33m    -4.00 [0m|[34;1m              +4690.00 [0m|[35m         17.4 [0m|[36;1m             46.000% [0m|[31;1m            47.666% [0m|[32;1m                         +0.36641 [0m|[33m  17.8 [0m|
|[31m    922 [0m|[32m    53 [0m|[33m    -4.00 [0m|[34;1m              +4686.00 [0m|[35m         17.4 [0m|[36;1m             46.000% [0m|[31;1m            47.709% [0m|[32;1m                         +0.36609 [0m|[33m  17.8 [0m|
|[31m    923 [0m|[32m    53 [0m|[33m    -4.00 [0m|[34;1m              +4682.00 [0m|[35m         17.4 [0m|[36;1m             46.000% [0m|[31;1m            47.752% [0m|[32;1m                         +0.36578 [0m|[33m  17.8 [0m|
|[31m    924 [0m|[32m    53 [0m|[33m    -4.00 [0m|[34;1m              +4678.00 [0m|[35m         17.4 [0m|[36;1m             46.000% [0m|[31;1m            47.795% [0m|[32;1m                         +0.36547 [0m|[33m  17.8 [0m|
|[31m    925 [0m|[32m    53 [0m|[33m    -4.00 [0m|[34;1m              +4674.00 [0m|[35m         17.5 [0m|[36;1m             46.000% [0m|[31;1m            47.838% [0m|[32;1m                         +0.36516 [0m|[33m  17.8 [0m|
|[31m    926 [0m|[32m    53 [0m|[33m    -4.00 [0m|[34;1m              +4670.00 [0m|[35m         17.5 [0m|[36;1m             46.000% [0m|[31;1m            47.881% [0m|[32;1m                         +0.36484 [0m|[33m  17.8 [0m|
|[31m    927 [0m|[32m    53 [0m|[33m    -4.00 [0m|[34;1m              +4666.00 [0m|[35m         17.5 [0m|[36;1m             46.000% [0m|[31;1m            47.923% [0m|[32;1m                         +0.36453 [0m|[33m  17.8 [0m|
|[31m    928 [0m|[32m    53 [0m|[33m    -4.00 [0m|[34;1m              +4662.00 [0m|[35m         17.5 [0m|[36;1m             46.000% [0m|[31;1m            47.966% [0m|[32;1m                         +0.36422 [0m|[33m  17.9 [0m|
|[31m    929 [0m|[32m    53 [0m|[33m    -3.00 [0m|[34;1m              +4659.00 [0m|[35m         17.5 [0m|[36;1m             46.000% [0m|[31;1m            47.995% [0m|[32;1m                         +0.36398 [0m|[33m  17.9 [0m|
|[31m    930 [0m|[32m    53 [0m|[33m    -3.00 [0m|[34;1m              +4656.00 [0m|[35m         17.5 [0m|[36;1m             46.000% [0m|[31;1m            48.024% [0m|[32;1m                         +0.36375 [0m|[33m  17.9 [0m|
|[31m    931 [0m|[32m    53 [0m|[33m    -3.00 [0m|[34;1m              +4653.00 [0m|[35m         17.6 [0m|[36;1m             46.000% [0m|[31;1m            48.053% [0m|[32;1m                         +0.36352 [0m|[33m  17.8 [0m|
|[31m    932 [0m|[32m    53 [0m|[33m    -3.00 [0m|[34;1m              +4650.00 [0m|[35m         17.6 [0m|[36;1m             46.000% [0m|[31;1m            48.082% [0m|[32;1m                         +0.36328 [0m|[33m  17.8 [0m|
|[31m    933 [0m|[32m    53 [0m|[33m    -4.00 [0m|[34;1m              +4646.00 [0m|[35m         17.6 [0m|[36;1m             46.000% [0m|[31;1m            48.124% [0m|[32;1m                         +0.36297 [0m|[33m  17.9 [0m|
|[31m    934 [0m|[32m    53 [0m|[33m    -4.00 [0m|[34;1m              +4642.00 [0m|[35m         17.6 [0m|[36;1m             46.000% [0m|[31;1m            48.166% [0m|[32;1m                         +0.36266 [0m|[33m  17.9 [0m|
|[31m    935 [0m|[32m    53 [0m|[33m    -4.00 [0m|[34;1m              +4638.00 [0m|[35m         17.6 [0m|[36;1m             46.000% [0m|[31;1m            48.209% [0m|[32;1m                         +0.36234 [0m|[33m  17.9 [0m|
|[31m    936 [0m|[32m    53 [0m|[33m    -4.00 [0m|[34;1m              +4634.00 [0m|[35m         17.7 [0m|[36;1m             46.000% [0m|[31;1m            48.251% [0m|[32;1m                         +0.36203 [0m|[33m  17.8 [0m|
|[31m    937 [0m|[32m    53 [0m|[33m    -4.00 [0m|[34;1m              +4630.00 [0m|[35m         17.7 [0m|[36;1m             46.000% [0m|[31;1m            48.292% [0m|[32;1m                         +0.36172 [0m|[33m  17.8 [0m|
|[31m    938 [0m|[32m    53 [0m|[33m    -3.00 [0m|[34;1m              +4627.00 [0m|[35m         17.7 [0m|[36;1m             46.000% [0m|[31;1m            48.321% [0m|[32;1m                         +0.36148 [0m|[33m  17.8 [0m|
|[31m    939 [0m|[32m    53 [0m|[33m    -3.00 [0m|[34;1m              +4624.00 [0m|[35m         17.7 [0m|[36;1m             46.000% [0m|[31;1m            48.349% [0m|[32;1m                         +0.36125 [0m|[33m  17.8 [0m|
|[31m    940 [0m|[32m    53 [0m|[33m    -3.00 [0m|[34;1m              +4621.00 [0m|[35m         17.7 [0m|[36;1m             46.000% [0m|[31;1m            48.378% [0m|[32;1m                         +0.36102 [0m|[33m  17.8 [0m|
|[31m    941 [0m|[32m    53 [0m|[33m    -3.00 [0m|[34;1m              +4618.00 [0m|[35m         17.8 [0m|[36;1m             46.000% [0m|[31;1m            48.406% [0m|[32;1m                         +0.36078 [0m|[33m  17.8 [0m|
|[31m    942 [0m|[32m    53 [0m|[33m    -2.00 [0m|[34;1m              +4616.00 [0m|[35m         17.8 [0m|[36;1m             46.000% [0m|[31;1m            48.421% [0m|[32;1m                         +0.36062 [0m|[33m  17.8 [0m|
|[31m    943 [0m|[32m    54 [0m|[33m  +167.00 [0m|[34;1m              +4783.00 [0m|[35m         17.5 [0m|[36;1m             46.463% [0m|[31;1m            48.462% [0m|[32;1m                         +0.37367 [0m|[33m  17.8 [0m|
|[31m    944 [0m|[32m    54 [0m|[33m    -3.00 [0m|[34;1m              +4780.00 [0m|[35m         17.5 [0m|[36;1m             46.463% [0m|[31;1m            48.490% [0m|[32;1m                         +0.37344 [0m|[33m  17.8 [0m|
|[31m    945 [0m|[32m    54 [0m|[33m    -3.00 [0m|[34;1m              +4777.00 [0m|[35m         17.5 [0m|[36;1m             46.463% [0m|[31;1m            48.519% [0m|[32;1m                         +0.37320 [0m|[33m  17.8 [0m|
|[31m    946 [0m|[32m    54 [0m|[33m    -4.00 [0m|[34;1m              +4773.00 [0m|[35m         17.5 [0m|[36;1m             46.463% [0m|[31;1m            48.560% [0m|[32;1m                         +0.37289 [0m|[33m  17.8 [0m|
|[31m    947 [0m|[32m    54 [0m|[33m    -3.00 [0m|[34;1m              +4770.00 [0m|[35m         17.5 [0m|[36;1m             46.463% [0m|[31;1m            48.588% [0m|[32;1m                         +0.37266 [0m|[33m  17.8 [0m|
|[31m    948 [0m|[32m    54 [0m|[33m    -3.00 [0m|[34;1m              +4767.00 [0m|[35m         17.6 [0m|[36;1m             46.463% [0m|[31;1m            48.616% [0m|[32;1m                         +0.37242 [0m|[33m  17.8 [0m|
|[31m    949 [0m|[32m    54 [0m|[33m    -3.00 [0m|[34;1m              +4764.00 [0m|[35m         17.6 [0m|[36;1m             46.463% [0m|[31;1m            48.630% [0m|[32;1m                         +0.37219 [0m|[33m  17.8 [0m|
|[31m    950 [0m|[32m    54 [0m|[33m    -3.00 [0m|[34;1m              +4761.00 [0m|[35m         17.6 [0m|[36;1m             46.463% [0m|[31;1m            48.645% [0m|[32;1m                         +0.37195 [0m|[33m  17.8 [0m|
|[31m    951 [0m|[32m    54 [0m|[33m    -2.00 [0m|[34;1m              +4759.00 [0m|[35m         17.6 [0m|[36;1m             46.463% [0m|[31;1m            48.646% [0m|[32;1m                         +0.37180 [0m|[33m  17.8 [0m|
|[31m    952 [0m|[32m    54 [0m|[33m    -2.00 [0m|[34;1m              +4757.00 [0m|[35m         17.6 [0m|[36;1m             46.463% [0m|[31;1m            48.634% [0m|[32;1m                         +0.37164 [0m|[33m  17.8 [0m|
|[31m    953 [0m|[32m    54 [0m|[33m    -2.00 [0m|[34;1m              +4755.00 [0m|[35m         17.6 [0m|[36;1m             46.463% [0m|[31;1m            48.623% [0m|[32;1m                         +0.37148 [0m|[33m  17.8 [0m|
|[31m    954 [0m|[32m    54 [0m|[33m    -1.00 [0m|[34;1m              +4754.00 [0m|[35m         17.7 [0m|[36;1m             46.463% [0m|[31;1m            48.598% [0m|[32;1m                         +0.37141 [0m|[33m  17.8 [0m|
|[31m    955 [0m|[32m    54 [0m|[33m    -1.00 [0m|[34;1m              +4753.00 [0m|[35m         17.7 [0m|[36;1m             46.463% [0m|[31;1m            48.573% [0m|[32;1m                         +0.37133 [0m|[33m  17.9 [0m|
|[31m    956 [0m|[32m    54 [0m|[33m    -1.00 [0m|[34;1m              +4752.00 [0m|[35m         17.7 [0m|[36;1m             46.463% [0m|[31;1m            48.549% [0m|[32;1m                         +0.37125 [0m|[33m  17.8 [0m|
|[31m    957 [0m|[32m    54 [0m|[33m    -2.00 [0m|[34;1m              +4750.00 [0m|[35m         17.7 [0m|[36;1m             46.463% [0m|[31;1m            48.537% [0m|[32;1m                         +0.37109 [0m|[33m  17.8 [0m|
|[31m    958 [0m|[32m    54 [0m|[33m    -1.00 [0m|[34;1m              +4749.00 [0m|[35m         17.7 [0m|[36;1m             46.463% [0m|[31;1m            48.513% [0m|[32;1m                         +0.37102 [0m|[33m  17.9 [0m|
|[31m    959 [0m|[32m    54 [0m|[33m    -3.00 [0m|[34;1m              +4746.00 [0m|[35m         17.8 [0m|[36;1m             46.463% [0m|[31;1m            48.501% [0m|[32;1m                         +0.37078 [0m|[33m  17.9 [0m|
|[31m    960 [0m|[32m    54 [0m|[33m    -3.00 [0m|[34;1m              +4743.00 [0m|[35m         17.8 [0m|[36;1m             46.463% [0m|[31;1m            48.503% [0m|[32;1m                         +0.37055 [0m|[33m  17.9 [0m|
|[31m    961 [0m|[32m    54 [0m|[33m    -3.00 [0m|[34;1m              +4740.00 [0m|[35m         17.8 [0m|[36;1m             46.463% [0m|[31;1m            48.504% [0m|[32;1m                         +0.37031 [0m|[33m  17.8 [0m|
|[31m    962 [0m|[32m    54 [0m|[33m    -3.00 [0m|[34;1m              +4737.00 [0m|[35m         17.8 [0m|[36;1m             46.463% [0m|[31;1m            48.506% [0m|[32;1m                         +0.37008 [0m|[33m  17.9 [0m|
|[31m    963 [0m|[32m    54 [0m|[33m    -3.00 [0m|[34;1m              +4734.00 [0m|[35m         17.8 [0m|[36;1m             46.463% [0m|[31;1m            48.507% [0m|[32;1m                         +0.36984 [0m|[33m  17.9 [0m|
|[31m    964 [0m|[32m    54 [0m|[33m    -3.00 [0m|[34;1m              +4731.00 [0m|[35m         17.9 [0m|[36;1m             46.463% [0m|[31;1m            48.509% [0m|[32;1m                         +0.36961 [0m|[33m  17.9 [0m|
|[31m    965 [0m|[32m    54 [0m|[33m    -3.00 [0m|[34;1m              +4728.00 [0m|[35m         17.9 [0m|[36;1m             46.463% [0m|[31;1m            48.510% [0m|[32;1m                         +0.36938 [0m|[33m  17.9 [0m|
|[31m    966 [0m|[32m    54 [0m|[33m    -4.00 [0m|[34;1m              +4724.00 [0m|[35m         17.9 [0m|[36;1m             46.463% [0m|[31;1m            48.525% [0m|[32;1m                         +0.36906 [0m|[33m  17.9 [0m|
|[31m    967 [0m|[32m    54 [0m|[33m    -4.00 [0m|[34;1m              +4720.00 [0m|[35m         17.9 [0m|[36;1m             46.463% [0m|[31;1m            48.539% [0m|[32;1m                         +0.36875 [0m|[33m  17.9 [0m|
|[31m    968 [0m|[32m    54 [0m|[33m    -4.00 [0m|[34;1m              +4716.00 [0m|[35m         17.9 [0m|[36;1m             46.463% [0m|[31;1m            48.554% [0m|[32;1m                         +0.36844 [0m|[33m  17.9 [0m|
|[31m    969 [0m|[32m    54 [0m|[33m    -4.00 [0m|[34;1m              +4712.00 [0m|[35m         17.9 [0m|[36;1m             46.463% [0m|[31;1m            48.568% [0m|[32;1m                         +0.36812 [0m|[33m  17.9 [0m|
|[31m    970 [0m|[32m    54 [0m|[33m    -4.00 [0m|[34;1m              +4708.00 [0m|[35m         18.0 [0m|[36;1m             46.463% [0m|[31;1m            48.582% [0m|[32;1m                         +0.36781 [0m|[33m  17.9 [0m|
|[31m    971 [0m|[32m    54 [0m|[33m    -4.00 [0m|[34;1m              +4704.00 [0m|[35m         18.0 [0m|[36;1m             46.463% [0m|[31;1m            48.597% [0m|[32;1m                         +0.36750 [0m|[33m  17.9 [0m|
|[31m    972 [0m|[32m    54 [0m|[33m    -4.00 [0m|[34;1m              +4700.00 [0m|[35m         18.0 [0m|[36;1m             46.463% [0m|[31;1m            48.611% [0m|[32;1m                         +0.36719 [0m|[33m  17.9 [0m|
|[31m    973 [0m|[32m    54 [0m|[33m    -4.00 [0m|[34;1m              +4696.00 [0m|[35m         18.0 [0m|[36;1m             46.463% [0m|[31;1m            48.625% [0m|[32;1m                         +0.36688 [0m|[33m  17.9 [0m|
|[31m    974 [0m|[32m    54 [0m|[33m    -4.00 [0m|[34;1m              +4692.00 [0m|[35m         18.0 [0m|[36;1m             46.463% [0m|[31;1m            48.627% [0m|[32;1m                         +0.36656 [0m|[33m  17.9 [0m|
|[31m    975 [0m|[32m    54 [0m|[33m    -3.00 [0m|[34;1m              +4689.00 [0m|[35m         18.1 [0m|[36;1m             46.463% [0m|[31;1m            48.615% [0m|[32;1m                         +0.36633 [0m|[33m  17.9 [0m|
|[31m    976 [0m|[32m    54 [0m|[33m    -4.00 [0m|[34;1m              +4685.00 [0m|[35m         18.1 [0m|[36;1m             46.463% [0m|[31;1m            48.630% [0m|[32;1m                         +0.36602 [0m|[33m  17.9 [0m|
|[31m    977 [0m|[32m    54 [0m|[33m    -4.00 [0m|[34;1m              +4681.00 [0m|[35m         18.1 [0m|[36;1m             46.463% [0m|[31;1m            48.644% [0m|[32;1m                         +0.36570 [0m|[33m  17.9 [0m|
|[31m    978 [0m|[32m    54 [0m|[33m    -3.00 [0m|[34;1m              +4678.00 [0m|[35m         18.1 [0m|[36;1m             46.463% [0m|[31;1m            48.658% [0m|[32;1m                         +0.36547 [0m|[33m  17.9 [0m|
|[31m    979 [0m|[32m    54 [0m|[33m    -3.00 [0m|[34;1m              +4675.00 [0m|[35m         18.1 [0m|[36;1m             46.463% [0m|[31;1m            48.659% [0m|[32;1m                         +0.36523 [0m|[33m  17.9 [0m|
|[31m    980 [0m|[32m    54 [0m|[33m    -3.00 [0m|[34;1m              +4672.00 [0m|[35m         18.1 [0m|[36;1m             46.463% [0m|[31;1m            48.661% [0m|[32;1m                         +0.36500 [0m|[33m  17.9 [0m|
|[31m    981 [0m|[32m    54 [0m|[33m    -3.00 [0m|[34;1m              +4669.00 [0m|[35m         18.2 [0m|[36;1m             46.463% [0m|[31;1m            48.662% [0m|[32;1m                         +0.36477 [0m|[33m  17.9 [0m|
|[31m    982 [0m|[32m    54 [0m|[33m    -3.00 [0m|[34;1m              +4666.00 [0m|[35m         18.2 [0m|[36;1m             46.463% [0m|[31;1m            48.663% [0m|[32;1m                         +0.36453 [0m|[33m  17.9 [0m|
|[31m    983 [0m|[32m    54 [0m|[33m    -3.00 [0m|[34;1m              +4663.00 [0m|[35m         18.2 [0m|[36;1m             46.463% [0m|[31;1m            48.665% [0m|[32;1m                         +0.36430 [0m|[33m  17.9 [0m|
|[31m    984 [0m|[32m    54 [0m|[33m    -3.00 [0m|[34;1m              +4660.00 [0m|[35m         18.2 [0m|[36;1m             46.463% [0m|[31;1m            48.666% [0m|[32;1m                         +0.36406 [0m|[33m  17.9 [0m|
|[31m    985 [0m|[32m    54 [0m|[33m    -1.00 [0m|[34;1m              +4659.00 [0m|[35m         18.2 [0m|[36;1m             46.463% [0m|[31;1m            48.642% [0m|[32;1m                         +0.36398 [0m|[33m  17.9 [0m|
|[31m    986 [0m|[32m    54 [0m|[33m    -4.00 [0m|[34;1m              +4655.00 [0m|[35m         18.3 [0m|[36;1m             46.463% [0m|[31;1m            48.656% [0m|[32;1m                         +0.36367 [0m|[33m  17.9 [0m|
|[31m    987 [0m|[32m    54 [0m|[33m    -4.00 [0m|[34;1m              +4651.00 [0m|[35m         18.3 [0m|[36;1m             46.463% [0m|[31;1m            48.670% [0m|[32;1m                         +0.36336 [0m|[33m  17.9 [0m|
|[31m    988 [0m|[32m    54 [0m|[33m    -4.00 [0m|[34;1m              +4647.00 [0m|[35m         18.3 [0m|[36;1m             46.463% [0m|[31;1m            48.684% [0m|[32;1m                         +0.36305 [0m|[33m  17.9 [0m|
|[31m    989 [0m|[32m    54 [0m|[33m    -5.00 [0m|[34;1m              +4642.00 [0m|[35m         18.3 [0m|[36;1m             46.463% [0m|[31;1m            48.711% [0m|[32;1m                         +0.36266 [0m|[33m  17.9 [0m|
|[31m    990 [0m|[32m    54 [0m|[33m    -5.00 [0m|[34;1m              +4637.00 [0m|[35m         18.3 [0m|[36;1m             46.463% [0m|[31;1m            48.737% [0m|[32;1m                         +0.36227 [0m|[33m  17.9 [0m|
|[31m    991 [0m|[32m    54 [0m|[33m    -3.00 [0m|[34;1m              +4634.00 [0m|[35m         18.4 [0m|[36;1m             46.463% [0m|[31;1m            48.751% [0m|[32;1m                         +0.36203 [0m|[33m  17.9 [0m|
|[31m    992 [0m|[32m    54 [0m|[33m    -3.00 [0m|[34;1m              +4631.00 [0m|[35m         18.4 [0m|[36;1m             46.463% [0m|[31;1m            48.765% [0m|[32;1m                         +0.36180 [0m|[33m  17.9 [0m|
|[31m    993 [0m|[32m    54 [0m|[33m    -3.00 [0m|[34;1m              +4628.00 [0m|[35m         18.4 [0m|[36;1m             46.463% [0m|[31;1m            48.779% [0m|[32;1m                         +0.36156 [0m|[33m  17.9 [0m|
|[31m    994 [0m|[32m    54 [0m|[33m    -2.00 [0m|[34;1m              +4626.00 [0m|[35m         18.4 [0m|[36;1m             46.463% [0m|[31;1m            48.793% [0m|[32;1m                         +0.36141 [0m|[33m  17.9 [0m|
|[31m    995 [0m|[32m    54 [0m|[33m    -1.00 [0m|[34;1m              +4625.00 [0m|[35m         18.4 [0m|[36;1m             46.463% [0m|[31;1m            48.794% [0m|[32;1m                         +0.36133 [0m|[33m  17.9 [0m|
|[31m    996 [0m|[32m    54 [0m|[33m    -2.00 [0m|[34;1m              +4623.00 [0m|[35m         18.4 [0m|[36;1m             46.463% [0m|[31;1m            48.808% [0m|[32;1m                         +0.36117 [0m|[33m  17.9 [0m|
|[31m    997 [0m|[32m    54 [0m|[33m    -3.00 [0m|[34;1m              +4620.00 [0m|[35m         18.5 [0m|[36;1m             46.463% [0m|[31;1m            48.834% [0m|[32;1m                         +0.36094 [0m|[33m  17.9 [0m|
|[31m    998 [0m|[32m    54 [0m|[33m    -3.00 [0m|[34;1m              +4617.00 [0m|[35m         18.5 [0m|[36;1m             46.463% [0m|[31;1m            48.860% [0m|[32;1m                         +0.36070 [0m|[33m  17.9 [0m|
|[31m    999 [0m|[32m    54 [0m|[33m    -2.00 [0m|[34;1m              +4615.00 [0m|[35m         18.5 [0m|[36;1m             46.463% [0m|[31;1m            48.861% [0m|[32;1m                         +0.36055 [0m|[33m  17.9 [0m|
|[31m   1000 [0m|[32m    54 [0m|[33m    -1.00 [0m|[34;1m              +4614.00 [0m|[35m         18.5 [0m|[36;1m             46.463% [0m|[31;1m            48.850% [0m|[32;1m                         +0.36047 [0m|[33m  17.9 [0m|
|[31m   1001 [0m|[32m    54 [0m|[33m    -2.00 [0m|[34;1m              +4612.00 [0m|[35m         18.5 [0m|[36;1m             46.463% [0m|[31;1m            48.851% [0m|[32;1m                         +0.36031 [0m|[33m  17.9 [0m|
|[31m   1002 [0m|[32m    54 [0m|[33m    -3.00 [0m|[34;1m              +4609.00 [0m|[35m         18.6 [0m|[36;1m             46.463% [0m|[31;1m            48.877% [0m|[32;1m                         +0.36008 [0m|[33m  17.9 [0m|
|[31m   1003 [0m|[32m    54 [0m|[33m    -3.00 [0m|[34;1m              +4606.00 [0m|[35m         18.6 [0m|[36;1m             46.463% [0m|[31;1m            48.903% [0m|[32;1m                         +0.35984 [0m|[33m  17.9 [0m|
|[31m   1004 [0m|[32m    55 [0m|[33m   +98.00 [0m|[34;1m              +4704.00 [0m|[35m         18.3 [0m|[36;1m             45.618% [0m|[31;1m            48.917% [0m|[32;1m                         +0.36750 [0m|[33m  17.9 [0m|
|[31m   1005 [0m|[32m    55 [0m|[33m    -2.00 [0m|[34;1m              +4702.00 [0m|[35m         18.3 [0m|[36;1m             45.618% [0m|[31;1m            48.918% [0m|[32;1m                         +0.36734 [0m|[33m  17.9 [0m|
|[31m   1006 [0m|[32m    55 [0m|[33m    -2.00 [0m|[34;1m              +4700.00 [0m|[35m         18.3 [0m|[36;1m             45.618% [0m|[31;1m            48.919% [0m|[32;1m                         +0.36719 [0m|[33m  17.9 [0m|
|[31m   1007 [0m|[32m    55 [0m|[33m    -2.00 [0m|[34;1m              +4698.00 [0m|[35m         18.3 [0m|[36;1m             45.618% [0m|[31;1m            48.920% [0m|[32;1m                         +0.36703 [0m|[33m  17.9 [0m|
|[31m   1008 [0m|[32m    55 [0m|[33m    -2.00 [0m|[34;1m              +4696.00 [0m|[35m         18.3 [0m|[36;1m             45.618% [0m|[31;1m            48.921% [0m|[32;1m                         +0.36688 [0m|[33m  17.9 [0m|
|[31m   1009 [0m|[32m    55 [0m|[33m    -2.00 [0m|[34;1m              +4694.00 [0m|[35m         18.3 [0m|[36;1m             45.618% [0m|[31;1m            48.922% [0m|[32;1m                         +0.36672 [0m|[33m  17.9 [0m|
|[31m   1010 [0m|[32m    55 [0m|[33m    -2.00 [0m|[34;1m              +4692.00 [0m|[35m         18.4 [0m|[36;1m             45.618% [0m|[31;1m            48.923% [0m|[32;1m                         +0.36656 [0m|[33m  17.9 [0m|
|[31m   1011 [0m|[32m    55 [0m|[33m    -2.00 [0m|[34;1m              +4690.00 [0m|[35m         18.4 [0m|[36;1m             45.618% [0m|[31;1m            48.924% [0m|[32;1m                         +0.36641 [0m|[33m  17.9 [0m|
|[31m   1012 [0m|[32m    55 [0m|[33m    -2.00 [0m|[34;1m              +4688.00 [0m|[35m         18.4 [0m|[36;1m             45.618% [0m|[31;1m            48.925% [0m|[32;1m                         +0.36625 [0m|[33m  17.9 [0m|
|[31m   1013 [0m|[32m    56 [0m|[33m  +129.00 [0m|[34;1m              +4817.00 [0m|[35m         18.1 [0m|[36;1m             45.339% [0m|[31;1m            48.914% [0m|[32;1m                         +0.37633 [0m|[33m  17.9 [0m|
|[31m   1014 [0m|[32m    56 [0m|[33m    -2.00 [0m|[34;1m              +4815.00 [0m|[35m         18.1 [0m|[36;1m             45.339% [0m|[31;1m            48.915% [0m|[32;1m                         +0.37617 [0m|[33m  17.9 [0m|
|[31m   1015 [0m|[32m    56 [0m|[33m    -1.00 [0m|[34;1m              +4814.00 [0m|[35m         18.1 [0m|[36;1m             45.339% [0m|[31;1m            48.892% [0m|[32;1m                         +0.37609 [0m|[33m  17.9 [0m|
|[31m   1016 [0m|[32m    56 [0m|[33m    -1.00 [0m|[34;1m              +4813.00 [0m|[35m         18.1 [0m|[36;1m             45.339% [0m|[31;1m            48.880% [0m|[32;1m                         +0.37602 [0m|[33m  17.9 [0m|
|[31m   1017 [0m|[32m    56 [0m|[33m    -2.00 [0m|[34;1m              +4811.00 [0m|[35m         18.2 [0m|[36;1m             45.339% [0m|[31;1m            48.882% [0m|[32;1m                         +0.37586 [0m|[33m  17.9 [0m|
|[31m   1018 [0m|[32m    56 [0m|[33m    -2.00 [0m|[34;1m              +4809.00 [0m|[35m         18.2 [0m|[36;1m             45.339% [0m|[31;1m            48.883% [0m|[32;1m                         +0.37570 [0m|[33m  17.9 [0m|
|[31m   1019 [0m|[32m    56 [0m|[33m    -2.00 [0m|[34;1m              +4807.00 [0m|[35m         18.2 [0m|[36;1m             45.339% [0m|[31;1m            48.884% [0m|[32;1m                         +0.37555 [0m|[33m  17.9 [0m|
|[31m   1020 [0m|[32m    56 [0m|[33m    -1.00 [0m|[34;1m              +4806.00 [0m|[35m         18.2 [0m|[36;1m             45.339% [0m|[31;1m            48.873% [0m|[32;1m                         +0.37547 [0m|[33m  17.9 [0m|
|[31m   1021 [0m|[32m    56 [0m|[33m    -1.00 [0m|[34;1m              +4805.00 [0m|[35m         18.2 [0m|[36;1m             45.339% [0m|[31;1m            48.861% [0m|[32;1m                         +0.37539 [0m|[33m  17.9 [0m|
|[31m   1022 [0m|[32m    56 [0m|[33m    -1.00 [0m|[34;1m              +4804.00 [0m|[35m         18.2 [0m|[36;1m             45.339% [0m|[31;1m            48.850% [0m|[32;1m                         +0.37531 [0m|[33m  17.9 [0m|
|[31m   1023 [0m|[32m    56 [0m|[33m    -1.00 [0m|[34;1m              +4803.00 [0m|[35m         18.3 [0m|[36;1m             45.339% [0m|[31;1m            48.839% [0m|[32;1m                         +0.37523 [0m|[33m  17.9 [0m|
|[31m   1024 [0m|[32m    56 [0m|[33m    -1.00 [0m|[34;1m              +4802.00 [0m|[35m         18.3 [0m|[36;1m             45.339% [0m|[31;1m            48.828% [0m|[32;1m                         +0.37516 [0m|[33m  17.9 [0m|
|[31m   1025 [0m|[32m    56 [0m|[33m    -1.00 [0m|[34;1m              +4801.00 [0m|[35m         18.3 [0m|[36;1m             45.339% [0m|[31;1m            48.817% [0m|[32;1m                         +0.37508 [0m|[33m  17.9 [0m|
|[31m   1026 [0m|[32m    56 [0m|[33m    -2.00 [0m|[34;1m              +4799.00 [0m|[35m         18.3 [0m|[36;1m             45.339% [0m|[31;1m            48.818% [0m|[32;1m                         +0.37492 [0m|[33m  17.9 [0m|
|[31m   1027 [0m|[32m    56 [0m|[33m    -1.00 [0m|[34;1m              +4798.00 [0m|[35m         18.3 [0m|[36;1m             45.339% [0m|[31;1m            48.807% [0m|[32;1m                         +0.37484 [0m|[33m  17.9 [0m|
|[31m   1028 [0m|[32m    56 [0m|[33m    -0.00 [0m|[34;1m              +4798.00 [0m|[35m         18.4 [0m|[36;1m             45.339% [0m|[31;1m            48.784% [0m|[32;1m                         +0.37484 [0m|[33m  17.9 [0m|
|[31m   1029 [0m|[32m    56 [0m|[33m    -0.00 [0m|[34;1m              +4798.00 [0m|[35m         18.4 [0m|[36;1m             45.339% [0m|[31;1m            48.761% [0m|[32;1m                         +0.37484 [0m|[33m  17.9 [0m|
|[31m   1030 [0m|[32m    56 [0m|[33m    -1.00 [0m|[34;1m              +4797.00 [0m|[35m         18.4 [0m|[36;1m             45.339% [0m|[31;1m            48.750% [0m|[32;1m                         +0.37477 [0m|[33m  17.9 [0m|
|[31m   1031 [0m|[32m    56 [0m|[33m    -0.00 [0m|[34;1m              +4797.00 [0m|[35m         18.4 [0m|[36;1m             45.339% [0m|[31;1m            48.727% [0m|[32;1m                         +0.37477 [0m|[33m  17.9 [0m|
|[31m   1032 [0m|[32m    56 [0m|[33m    -0.00 [0m|[34;1m              +4797.00 [0m|[35m         18.4 [0m|[36;1m             45.339% [0m|[31;1m            48.704% [0m|[32;1m                         +0.37477 [0m|[33m  17.9 [0m|
|[31m   1033 [0m|[32m    56 [0m|[33m    -0.00 [0m|[34;1m              +4797.00 [0m|[35m         18.4 [0m|[36;1m             45.339% [0m|[31;1m            48.681% [0m|[32;1m                         +0.37477 [0m|[33m  17.9 [0m|
|[31m   1034 [0m|[32m    56 [0m|[33m    -0.00 [0m|[34;1m              +4797.00 [0m|[35m         18.5 [0m|[36;1m             45.339% [0m|[31;1m            48.658% [0m|[32;1m                         +0.37477 [0m|[33m  17.9 [0m|
|[31m   1035 [0m|[32m    56 [0m|[33m    -0.00 [0m|[34;1m              +4797.00 [0m|[35m         18.5 [0m|[36;1m             45.339% [0m|[31;1m            48.635% [0m|[32;1m                         +0.37477 [0m|[33m  17.9 [0m|
|[31m   1036 [0m|[32m    56 [0m|[33m    -0.00 [0m|[34;1m              +4797.00 [0m|[35m         18.5 [0m|[36;1m             45.339% [0m|[31;1m            48.612% [0m|[32;1m                         +0.37477 [0m|[33m  17.9 [0m|
|[31m   1037 [0m|[32m    56 [0m|[33m    -1.00 [0m|[34;1m              +4796.00 [0m|[35m         18.5 [0m|[36;1m             45.339% [0m|[31;1m            48.602% [0m|[32;1m                         +0.37469 [0m|[33m  17.9 [0m|
|[31m   1038 [0m|[32m    56 [0m|[33m    -0.00 [0m|[34;1m              +4796.00 [0m|[35m         18.5 [0m|[36;1m             45.339% [0m|[31;1m            48.579% [0m|[32;1m                         +0.37469 [0m|[33m  17.9 [0m|
|[31m   1039 [0m|[32m    58 [0m|[33m  +336.00 [0m|[34;1m              +5132.00 [0m|[35m         17.9 [0m|[36;1m             46.138% [0m|[31;1m            48.568% [0m|[32;1m                         +0.40094 [0m|[33m  17.9 [0m|
|[31m   1040 [0m|[32m    58 [0m|[33m    -1.00 [0m|[34;1m              +5131.00 [0m|[35m         17.9 [0m|[36;1m             46.138% [0m|[31;1m            48.558% [0m|[32;1m                         +0.40086 [0m|[33m  17.9 [0m|
|[31m   1041 [0m|[32m    59 [0m|[33m   +99.00 [0m|[34;1m              +5230.00 [0m|[35m         17.6 [0m|[36;1m             45.356% [0m|[31;1m            48.547% [0m|[32;1m                         +0.40859 [0m|[33m  17.9 [0m|
|[31m   1042 [0m|[32m    59 [0m|[33m    -2.00 [0m|[34;1m              +5228.00 [0m|[35m         17.7 [0m|[36;1m             45.356% [0m|[31;1m            48.548% [0m|[32;1m                         +0.40844 [0m|[33m  17.9 [0m|
|[31m   1043 [0m|[32m    59 [0m|[33m    -2.00 [0m|[34;1m              +5226.00 [0m|[35m         17.7 [0m|[36;1m             45.356% [0m|[31;1m            48.550% [0m|[32;1m                         +0.40828 [0m|[33m  17.9 [0m|
|[31m   1044 [0m|[32m    59 [0m|[33m    -2.00 [0m|[34;1m              +5224.00 [0m|[35m         17.7 [0m|[36;1m             45.356% [0m|[31;1m            48.551% [0m|[32;1m                         +0.40813 [0m|[33m  17.9 [0m|
|[31m   1045 [0m|[32m    59 [0m|[33m    -2.00 [0m|[34;1m              +5222.00 [0m|[35m         17.7 [0m|[36;1m             45.356% [0m|[31;1m            48.553% [0m|[32;1m                         +0.40797 [0m|[33m  17.9 [0m|
|[31m   1046 [0m|[32m    59 [0m|[33m    -2.00 [0m|[34;1m              +5220.00 [0m|[35m         17.7 [0m|[36;1m             45.356% [0m|[31;1m            48.554% [0m|[32;1m                         +0.40781 [0m|[33m  17.9 [0m|
|[31m   1047 [0m|[32m    59 [0m|[33m    -2.00 [0m|[34;1m              +5218.00 [0m|[35m         17.7 [0m|[36;1m             45.356% [0m|[31;1m            48.555% [0m|[32;1m                         +0.40766 [0m|[33m  17.9 [0m|
|[31m   1048 [0m|[32m    59 [0m|[33m    -2.00 [0m|[34;1m              +5216.00 [0m|[35m         17.8 [0m|[36;1m             45.356% [0m|[31;1m            48.557% [0m|[32;1m                         +0.40750 [0m|[33m  17.9 [0m|
|[31m   1049 [0m|[32m    59 [0m|[33m    -1.00 [0m|[34;1m              +5215.00 [0m|[35m         17.8 [0m|[36;1m             45.356% [0m|[31;1m            48.546% [0m|[32;1m                         +0.40742 [0m|[33m  17.9 [0m|
|[31m   1050 [0m|[32m    60 [0m|[33m  +149.00 [0m|[34;1m              +5364.00 [0m|[35m         17.5 [0m|[36;1m             45.450% [0m|[31;1m            48.548% [0m|[32;1m                         +0.41906 [0m|[33m  17.9 [0m|
|[31m   1051 [0m|[32m    60 [0m|[33m    -1.00 [0m|[34;1m              +5363.00 [0m|[35m         17.5 [0m|[36;1m             45.450% [0m|[31;1m            48.537% [0m|[32;1m                         +0.41898 [0m|[33m  17.9 [0m|
|[31m   1052 [0m|[32m    60 [0m|[33m    -1.00 [0m|[34;1m              +5362.00 [0m|[35m         17.5 [0m|[36;1m             45.450% [0m|[31;1m            48.527% [0m|[32;1m                         +0.41891 [0m|[33m  17.9 [0m|
|[31m   1053 [0m|[32m    60 [0m|[33m    -1.00 [0m|[34;1m              +5361.00 [0m|[35m         17.6 [0m|[36;1m             45.450% [0m|[31;1m            48.516% [0m|[32;1m                         +0.41883 [0m|[33m  17.9 [0m|
|[31m   1054 [0m|[32m    60 [0m|[33m    -1.00 [0m|[34;1m              +5360.00 [0m|[35m         17.6 [0m|[36;1m             45.450% [0m|[31;1m            48.506% [0m|[32;1m                         +0.41875 [0m|[33m  17.9 [0m|
|[31m   1055 [0m|[32m    60 [0m|[33m    -1.00 [0m|[34;1m              +5359.00 [0m|[35m         17.6 [0m|[36;1m             45.450% [0m|[31;1m            48.483% [0m|[32;1m                         +0.41867 [0m|[33m  18.0 [0m|
|[31m   1056 [0m|[32m    60 [0m|[33m    -1.00 [0m|[34;1m              +5358.00 [0m|[35m         17.6 [0m|[36;1m             45.450% [0m|[31;1m            48.473% [0m|[32;1m                         +0.41859 [0m|[33m  17.9 [0m|
|[31m   1057 [0m|[32m    60 [0m|[33m    -2.00 [0m|[34;1m              +5356.00 [0m|[35m         17.6 [0m|[36;1m             45.450% [0m|[31;1m            48.474% [0m|[32;1m                         +0.41844 [0m|[33m  18.0 [0m|
|[31m   1058 [0m|[32m    60 [0m|[33m    -1.00 [0m|[34;1m              +5355.00 [0m|[35m         17.6 [0m|[36;1m             45.450% [0m|[31;1m            48.464% [0m|[32;1m                         +0.41836 [0m|[33m  18.0 [0m|
|[31m   1059 [0m|[32m    60 [0m|[33m    -1.00 [0m|[34;1m              +5354.00 [0m|[35m         17.6 [0m|[36;1m             45.450% [0m|[31;1m            48.454% [0m|[32;1m                         +0.41828 [0m|[33m  18.0 [0m|
|[31m   1060 [0m|[32m    60 [0m|[33m    -1.00 [0m|[34;1m              +5353.00 [0m|[35m         17.7 [0m|[36;1m             45.450% [0m|[31;1m            48.443% [0m|[32;1m                         +0.41820 [0m|[33m  18.0 [0m|
|[31m   1061 [0m|[32m    60 [0m|[33m    -1.00 [0m|[34;1m              +5352.00 [0m|[35m         17.7 [0m|[36;1m             45.450% [0m|[31;1m            48.433% [0m|[32;1m                         +0.41813 [0m|[33m  17.9 [0m|
|[31m   1062 [0m|[32m    60 [0m|[33m    -1.00 [0m|[34;1m              +5351.00 [0m|[35m         17.7 [0m|[36;1m             45.450% [0m|[31;1m            48.423% [0m|[32;1m                         +0.41805 [0m|[33m  17.9 [0m|
|[31m   1063 [0m|[32m    60 [0m|[33m    -2.00 [0m|[34;1m              +5349.00 [0m|[35m         17.7 [0m|[36;1m             45.450% [0m|[31;1m            48.424% [0m|[32;1m                         +0.41789 [0m|[33m  17.9 [0m|
|[31m   1064 [0m|[32m    60 [0m|[33m    -1.00 [0m|[34;1m              +5348.00 [0m|[35m         17.7 [0m|[36;1m             45.450% [0m|[31;1m            48.402% [0m|[32;1m                         +0.41781 [0m|[33m  17.9 [0m|
|[31m   1065 [0m|[32m    60 [0m|[33m    -1.00 [0m|[34;1m              +5347.00 [0m|[35m         17.8 [0m|[36;1m             45.450% [0m|[31;1m            48.380% [0m|[32;1m                         +0.41773 [0m|[33m  17.9 [0m|
|[31m   1066 [0m|[32m    60 [0m|[33m    -1.00 [0m|[34;1m              +5346.00 [0m|[35m         17.8 [0m|[36;1m             45.450% [0m|[31;1m            48.358% [0m|[32;1m                         +0.41766 [0m|[33m  17.9 [0m|
|[31m   1067 [0m|[32m    60 [0m|[33m    -1.00 [0m|[34;1m              +5345.00 [0m|[35m         17.8 [0m|[36;1m             45.450% [0m|[31;1m            48.348% [0m|[32;1m                         +0.41758 [0m|[33m  17.9 [0m|
|[31m   1068 [0m|[32m    60 [0m|[33m    -1.00 [0m|[34;1m              +5344.00 [0m|[35m         17.8 [0m|[36;1m             45.450% [0m|[31;1m            48.338% [0m|[32;1m                         +0.41750 [0m|[33m  17.9 [0m|
|[31m   1069 [0m|[32m    60 [0m|[33m    -2.00 [0m|[34;1m              +5342.00 [0m|[35m         17.8 [0m|[36;1m             45.450% [0m|[31;1m            48.340% [0m|[32;1m                         +0.41734 [0m|[33m  17.9 [0m|
|[31m   1070 [0m|[32m    60 [0m|[33m    -3.00 [0m|[34;1m              +5339.00 [0m|[35m         17.8 [0m|[36;1m             45.450% [0m|[31;1m            48.353% [0m|[32;1m                         +0.41711 [0m|[33m  17.9 [0m|
|[31m   1071 [0m|[32m    60 [0m|[33m    -2.00 [0m|[34;1m              +5337.00 [0m|[35m         17.9 [0m|[36;1m             45.450% [0m|[31;1m            48.354% [0m|[32;1m                         +0.41695 [0m|[33m  17.9 [0m|
|[31m   1072 [0m|[32m    60 [0m|[33m    -2.00 [0m|[34;1m              +5335.00 [0m|[35m         17.9 [0m|[36;1m             45.450% [0m|[31;1m            48.356% [0m|[32;1m                         +0.41680 [0m|[33m  17.9 [0m|
|[31m   1073 [0m|[32m    60 [0m|[33m    -2.00 [0m|[34;1m              +5333.00 [0m|[35m         17.9 [0m|[36;1m             45.450% [0m|[31;1m            48.357% [0m|[32;1m                         +0.41664 [0m|[33m  17.9 [0m|
|[31m   1074 [0m|[32m    60 [0m|[33m    -2.00 [0m|[34;1m              +5331.00 [0m|[35m         17.9 [0m|[36;1m             45.450% [0m|[31;1m            48.359% [0m|[32;1m                         +0.41648 [0m|[33m  17.9 [0m|
|[31m   1075 [0m|[32m    60 [0m|[33m    -2.00 [0m|[34;1m              +5329.00 [0m|[35m         17.9 [0m|[36;1m             45.450% [0m|[31;1m            48.360% [0m|[32;1m                         +0.41633 [0m|[33m  17.9 [0m|
|[31m   1076 [0m|[32m    60 [0m|[33m    -3.00 [0m|[34;1m              +5326.00 [0m|[35m         17.9 [0m|[36;1m             45.450% [0m|[31;1m            48.374% [0m|[32;1m                         +0.41609 [0m|[33m  17.9 [0m|
|[31m   1077 [0m|[32m    60 [0m|[33m    -2.00 [0m|[34;1m              +5324.00 [0m|[35m         17.9 [0m|[36;1m             45.450% [0m|[31;1m            48.375% [0m|[32;1m                         +0.41594 [0m|[33m  17.9 [0m|
|[31m   1078 [0m|[32m    60 [0m|[33m    -2.00 [0m|[34;1m              +5322.00 [0m|[35m         18.0 [0m|[36;1m             45.450% [0m|[31;1m            48.377% [0m|[32;1m                         +0.41578 [0m|[33m  17.9 [0m|
|[31m   1079 [0m|[32m    60 [0m|[33m    -2.00 [0m|[34;1m              +5320.00 [0m|[35m         18.0 [0m|[36;1m             45.450% [0m|[31;1m            48.378% [0m|[32;1m                         +0.41563 [0m|[33m  17.9 [0m|
|[31m   1080 [0m|[32m    60 [0m|[33m    -2.00 [0m|[34;1m              +5318.00 [0m|[35m         18.0 [0m|[36;1m             45.450% [0m|[31;1m            48.380% [0m|[32;1m                         +0.41547 [0m|[33m  17.9 [0m|
|[31m   1081 [0m|[32m    60 [0m|[33m    -2.00 [0m|[34;1m              +5316.00 [0m|[35m         18.0 [0m|[36;1m             45.450% [0m|[31;1m            48.381% [0m|[32;1m                         +0.41531 [0m|[33m  17.9 [0m|
|[31m   1082 [0m|[32m    60 [0m|[33m    -2.00 [0m|[34;1m              +5314.00 [0m|[35m         18.0 [0m|[36;1m             45.450% [0m|[31;1m            48.383% [0m|[32;1m                         +0.41516 [0m|[33m  17.9 [0m|
|[31m   1083 [0m|[32m    60 [0m|[33m    -2.00 [0m|[34;1m              +5312.00 [0m|[35m         18.1 [0m|[36;1m             45.450% [0m|[31;1m            48.384% [0m|[32;1m                         +0.41500 [0m|[33m  17.9 [0m|
|[31m   1084 [0m|[32m    60 [0m|[33m    -2.00 [0m|[34;1m              +5310.00 [0m|[35m         18.1 [0m|[36;1m             45.450% [0m|[31;1m            48.386% [0m|[32;1m                         +0.41484 [0m|[33m  17.9 [0m|
|[31m   1085 [0m|[32m    60 [0m|[33m    -2.00 [0m|[34;1m              +5308.00 [0m|[35m         18.1 [0m|[36;1m             45.450% [0m|[31;1m            48.387% [0m|[32;1m                         +0.41469 [0m|[33m  17.9 [0m|
|[31m   1086 [0m|[32m    60 [0m|[33m    -3.00 [0m|[34;1m              +5305.00 [0m|[35m         18.1 [0m|[36;1m             45.450% [0m|[31;1m            48.400% [0m|[32;1m                         +0.41445 [0m|[33m  17.9 [0m|
|[31m   1087 [0m|[32m    60 [0m|[33m    -2.00 [0m|[34;1m              +5303.00 [0m|[35m         18.1 [0m|[36;1m             45.450% [0m|[31;1m            48.402% [0m|[32;1m                         +0.41430 [0m|[33m  17.9 [0m|
|[31m   1088 [0m|[32m    60 [0m|[33m    -2.00 [0m|[34;1m              +5301.00 [0m|[35m         18.1 [0m|[36;1m             45.450% [0m|[31;1m            48.403% [0m|[32;1m                         +0.41414 [0m|[33m  17.9 [0m|
|[31m   1089 [0m|[32m    60 [0m|[33m    -2.00 [0m|[34;1m              +5299.00 [0m|[35m         18.1 [0m|[36;1m             45.450% [0m|[31;1m            48.404% [0m|[32;1m                         +0.41398 [0m|[33m  17.9 [0m|
|[31m   1090 [0m|[32m    60 [0m|[33m    -2.00 [0m|[34;1m              +5297.00 [0m|[35m         18.2 [0m|[36;1m             45.450% [0m|[31;1m            48.406% [0m|[32;1m                         +0.41383 [0m|[33m  17.9 [0m|
|[31m   1091 [0m|[32m    60 [0m|[33m    -2.00 [0m|[34;1m              +5295.00 [0m|[35m         18.2 [0m|[36;1m             45.450% [0m|[31;1m            48.407% [0m|[32;1m                         +0.41367 [0m|[33m  17.9 [0m|
|[31m   1092 [0m|[32m    60 [0m|[33m    -2.00 [0m|[34;1m              +5293.00 [0m|[35m         18.2 [0m|[36;1m             45.450% [0m|[31;1m            48.409% [0m|[32;1m                         +0.41352 [0m|[33m  17.9 [0m|
|[31m   1093 [0m|[32m    60 [0m|[33m    -2.00 [0m|[34;1m              +5291.00 [0m|[35m         18.2 [0m|[36;1m             45.450% [0m|[31;1m            48.410% [0m|[32;1m                         +0.41336 [0m|[33m  17.9 [0m|
|[31m   1094 [0m|[32m    60 [0m|[33m    -3.00 [0m|[34;1m              +5288.00 [0m|[35m         18.2 [0m|[36;1m             45.450% [0m|[31;1m            48.423% [0m|[32;1m                         +0.41313 [0m|[33m  17.9 [0m|
|[31m   1095 [0m|[32m    60 [0m|[33m    -3.00 [0m|[34;1m              +5285.00 [0m|[35m         18.2 [0m|[36;1m             45.450% [0m|[31;1m            48.436% [0m|[32;1m                         +0.41289 [0m|[33m  17.9 [0m|
|[31m   1096 [0m|[32m    60 [0m|[33m    -3.00 [0m|[34;1m              +5282.00 [0m|[35m         18.3 [0m|[36;1m             45.450% [0m|[31;1m            48.449% [0m|[32;1m                         +0.41266 [0m|[33m  17.9 [0m|
|[31m   1097 [0m|[32m    60 [0m|[33m    -3.00 [0m|[34;1m              +5279.00 [0m|[35m         18.3 [0m|[36;1m             45.450% [0m|[31;1m            48.462% [0m|[32;1m                         +0.41242 [0m|[33m  17.9 [0m|
|[31m   1098 [0m|[32m    60 [0m|[33m    -3.00 [0m|[34;1m              +5276.00 [0m|[35m         18.3 [0m|[36;1m             45.450% [0m|[31;1m            48.474% [0m|[32;1m                         +0.41219 [0m|[33m  17.9 [0m|
|[31m   1099 [0m|[32m    60 [0m|[33m    -3.00 [0m|[34;1m              +5273.00 [0m|[35m         18.3 [0m|[36;1m             45.450% [0m|[31;1m            48.487% [0m|[32;1m                         +0.41195 [0m|[33m  17.9 [0m|
|[31m   1100 [0m|[32m    60 [0m|[33m    -2.00 [0m|[34;1m              +5271.00 [0m|[35m         18.3 [0m|[36;1m             45.450% [0m|[31;1m            48.489% [0m|[32;1m                         +0.41180 [0m|[33m  17.9 [0m|
|[31m   1101 [0m|[32m    60 [0m|[33m    -2.00 [0m|[34;1m              +5269.00 [0m|[35m         18.4 [0m|[36;1m             45.450% [0m|[31;1m            48.490% [0m|[32;1m                         +0.41164 [0m|[33m  17.9 [0m|
|[31m   1102 [0m|[32m    60 [0m|[33m    -2.00 [0m|[34;1m              +5267.00 [0m|[35m         18.4 [0m|[36;1m             45.450% [0m|[31;1m            48.491% [0m|[32;1m                         +0.41148 [0m|[33m  17.9 [0m|
|[31m   1103 [0m|[32m    60 [0m|[33m    -2.00 [0m|[34;1m              +5265.00 [0m|[35m         18.4 [0m|[36;1m             45.450% [0m|[31;1m            48.493% [0m|[32;1m                         +0.41133 [0m|[33m  17.9 [0m|
|[31m   1104 [0m|[32m    60 [0m|[33m    -2.00 [0m|[34;1m              +5263.00 [0m|[35m         18.4 [0m|[36;1m             45.450% [0m|[31;1m            48.494% [0m|[32;1m                         +0.41117 [0m|[33m  17.9 [0m|
|[31m   1105 [0m|[32m    60 [0m|[33m    -2.00 [0m|[34;1m              +5261.00 [0m|[35m         18.4 [0m|[36;1m             45.450% [0m|[31;1m            48.495% [0m|[32;1m                         +0.41102 [0m|[33m  17.9 [0m|
|[31m   1106 [0m|[32m    60 [0m|[33m    -2.00 [0m|[34;1m              +5259.00 [0m|[35m         18.4 [0m|[36;1m             45.450% [0m|[31;1m            48.497% [0m|[32;1m                         +0.41086 [0m|[33m  17.9 [0m|
|[31m   1107 [0m|[32m    60 [0m|[33m    -2.00 [0m|[34;1m              +5257.00 [0m|[35m         18.4 [0m|[36;1m             45.450% [0m|[31;1m            48.498% [0m|[32;1m                         +0.41070 [0m|[33m  17.9 [0m|
|[31m   1108 [0m|[32m    60 [0m|[33m    -1.00 [0m|[34;1m              +5256.00 [0m|[35m         18.5 [0m|[36;1m             45.450% [0m|[31;1m            48.488% [0m|[32;1m                         +0.41063 [0m|[33m  17.9 [0m|
|[31m   1109 [0m|[32m    60 [0m|[33m    -1.00 [0m|[34;1m              +5255.00 [0m|[35m         18.5 [0m|[36;1m             45.450% [0m|[31;1m            48.478% [0m|[32;1m                         +0.41055 [0m|[33m  17.9 [0m|
|[31m   1110 [0m|[32m    60 [0m|[33m    -1.00 [0m|[34;1m              +5254.00 [0m|[35m         18.5 [0m|[36;1m             45.450% [0m|[31;1m            48.468% [0m|[32;1m                         +0.41047 [0m|[33m  17.9 [0m|
|[31m   1111 [0m|[32m    60 [0m|[33m    -1.00 [0m|[34;1m              +5253.00 [0m|[35m         18.5 [0m|[36;1m             45.450% [0m|[31;1m            48.459% [0m|[32;1m                         +0.41039 [0m|[33m  17.9 [0m|
|[31m   1112 [0m|[32m    60 [0m|[33m    -2.00 [0m|[34;1m              +5251.00 [0m|[35m         18.5 [0m|[36;1m             45.450% [0m|[31;1m            48.460% [0m|[32;1m                         +0.41023 [0m|[33m  17.9 [0m|
|[31m   1113 [0m|[32m    60 [0m|[33m    -2.00 [0m|[34;1m              +5249.00 [0m|[35m         18.6 [0m|[36;1m             45.450% [0m|[31;1m            48.461% [0m|[32;1m                         +0.41008 [0m|[33m  17.9 [0m|
|[31m   1114 [0m|[32m    61 [0m|[33m  +150.00 [0m|[34;1m              +5399.00 [0m|[35m         18.3 [0m|[36;1m             45.557% [0m|[31;1m            48.463% [0m|[32;1m                         +0.42180 [0m|[33m  17.9 [0m|
|[31m   1115 [0m|[32m    61 [0m|[33m    -2.00 [0m|[34;1m              +5397.00 [0m|[35m         18.3 [0m|[36;1m             45.557% [0m|[31;1m            48.464% [0m|[32;1m                         +0.42164 [0m|[33m  17.9 [0m|
|[31m   1116 [0m|[32m    61 [0m|[33m    -1.00 [0m|[34;1m              +5396.00 [0m|[35m         18.3 [0m|[36;1m             45.557% [0m|[31;1m            48.454% [0m|[32;1m                         +0.42156 [0m|[33m  17.9 [0m|
|[31m   1117 [0m|[32m    61 [0m|[33m    -1.00 [0m|[34;1m              +5395.00 [0m|[35m         18.3 [0m|[36;1m             45.557% [0m|[31;1m            48.444% [0m|[32;1m                         +0.42148 [0m|[33m  17.9 [0m|
|[31m   1118 [0m|[32m    61 [0m|[33m    -1.00 [0m|[34;1m              +5394.00 [0m|[35m         18.3 [0m|[36;1m             45.557% [0m|[31;1m            48.435% [0m|[32;1m                         +0.42141 [0m|[33m  18.0 [0m|
|[31m   1119 [0m|[32m    61 [0m|[33m    -1.00 [0m|[34;1m              +5393.00 [0m|[35m         18.3 [0m|[36;1m             45.557% [0m|[31;1m            48.425% [0m|[32;1m                         +0.42133 [0m|[33m  18.0 [0m|
|[31m   1120 [0m|[32m    61 [0m|[33m    -1.00 [0m|[34;1m              +5392.00 [0m|[35m         18.4 [0m|[36;1m             45.557% [0m|[31;1m            48.415% [0m|[32;1m                         +0.42125 [0m|[33m  18.0 [0m|
|[31m   1121 [0m|[32m    61 [0m|[33m    -0.00 [0m|[34;1m              +5392.00 [0m|[35m         18.4 [0m|[36;1m             45.557% [0m|[31;1m            48.405% [0m|[32;1m                         +0.42125 [0m|[33m  17.9 [0m|
|[31m   1122 [0m|[32m    61 [0m|[33m    -0.00 [0m|[34;1m              +5392.00 [0m|[35m         18.4 [0m|[36;1m             45.557% [0m|[31;1m            48.396% [0m|[32;1m                         +0.42125 [0m|[33m  18.0 [0m|
|[31m   1123 [0m|[32m    61 [0m|[33m    -0.00 [0m|[34;1m              +5392.00 [0m|[35m         18.4 [0m|[36;1m             45.557% [0m|[31;1m            48.386% [0m|[32;1m                         +0.42125 [0m|[33m  18.0 [0m|
|[31m   1124 [0m|[32m    61 [0m|[33m    -1.00 [0m|[34;1m              +5391.00 [0m|[35m         18.4 [0m|[36;1m             45.557% [0m|[31;1m            48.387% [0m|[32;1m                         +0.42117 [0m|[33m  18.0 [0m|
|[31m   1125 [0m|[32m    61 [0m|[33m    -0.00 [0m|[34;1m              +5391.00 [0m|[35m         18.4 [0m|[36;1m             45.557% [0m|[31;1m            48.378% [0m|[32;1m                         +0.42117 [0m|[33m  18.0 [0m|
|[31m   1126 [0m|[32m    61 [0m|[33m    -0.00 [0m|[34;1m              +5391.00 [0m|[35m         18.5 [0m|[36;1m             45.557% [0m|[31;1m            48.368% [0m|[32;1m                         +0.42117 [0m|[33m  18.0 [0m|
|[31m   1127 [0m|[32m    61 [0m|[33m    -0.00 [0m|[34;1m              +5391.00 [0m|[35m         18.5 [0m|[36;1m             45.557% [0m|[31;1m            48.358% [0m|[32;1m                         +0.42117 [0m|[33m  18.0 [0m|
|[31m   1128 [0m|[32m    61 [0m|[33m    -0.00 [0m|[34;1m              +5391.00 [0m|[35m         18.5 [0m|[36;1m             45.557% [0m|[31;1m            48.360% [0m|[32;1m                         +0.42117 [0m|[33m  18.0 [0m|
|[31m   1129 [0m|[32m    61 [0m|[33m    -0.00 [0m|[34;1m              +5391.00 [0m|[35m         18.5 [0m|[36;1m             45.557% [0m|[31;1m            48.350% [0m|[32;1m                         +0.42117 [0m|[33m  18.0 [0m|
|[31m   1130 [0m|[32m    61 [0m|[33m    -0.00 [0m|[34;1m              +5391.00 [0m|[35m         18.5 [0m|[36;1m             45.557% [0m|[31;1m            48.341% [0m|[32;1m                         +0.42117 [0m|[33m  18.0 [0m|
|[31m   1131 [0m|[32m    61 [0m|[33m    -1.00 [0m|[34;1m              +5390.00 [0m|[35m         18.5 [0m|[36;1m             45.557% [0m|[31;1m            48.342% [0m|[32;1m                         +0.42109 [0m|[33m  18.0 [0m|
|[31m   1132 [0m|[32m    61 [0m|[33m    -0.00 [0m|[34;1m              +5390.00 [0m|[35m         18.6 [0m|[36;1m             45.557% [0m|[31;1m            48.333% [0m|[32;1m                         +0.42109 [0m|[33m  18.0 [0m|
|[31m   1133 [0m|[32m    61 [0m|[33m    -0.00 [0m|[34;1m              +5390.00 [0m|[35m         18.6 [0m|[36;1m             45.557% [0m|[31;1m            48.334% [0m|[32;1m                         +0.42109 [0m|[33m  18.0 [0m|
|[31m   1134 [0m|[32m    61 [0m|[33m    -0.00 [0m|[34;1m              +5390.00 [0m|[35m         18.6 [0m|[36;1m             45.557% [0m|[31;1m            48.347% [0m|[32;1m                         +0.42109 [0m|[33m  18.0 [0m|
|[31m   1135 [0m|[32m    61 [0m|[33m    -0.00 [0m|[34;1m              +5390.00 [0m|[35m         18.6 [0m|[36;1m             45.557% [0m|[31;1m            48.348% [0m|[32;1m                         +0.42109 [0m|[33m  18.0 [0m|
|[31m   1136 [0m|[32m    61 [0m|[33m    -0.00 [0m|[34;1m              +5390.00 [0m|[35m         18.6 [0m|[36;1m             45.557% [0m|[31;1m            48.360% [0m|[32;1m                         +0.42109 [0m|[33m  18.0 [0m|
|[31m   1137 [0m|[32m    61 [0m|[33m    -0.00 [0m|[34;1m              +5390.00 [0m|[35m         18.6 [0m|[36;1m             45.557% [0m|[31;1m            48.373% [0m|[32;1m                         +0.42109 [0m|[33m  18.0 [0m|
|[31m   1138 [0m|[32m    61 [0m|[33m    -0.00 [0m|[34;1m              +5390.00 [0m|[35m         18.7 [0m|[36;1m             45.557% [0m|[31;1m            48.374% [0m|[32;1m                         +0.42109 [0m|[33m  18.0 [0m|
|[31m   1139 [0m|[32m    61 [0m|[33m    -0.00 [0m|[34;1m              +5390.00 [0m|[35m         18.7 [0m|[36;1m             45.557% [0m|[31;1m            48.387% [0m|[32;1m                         +0.42109 [0m|[33m  18.0 [0m|
|[31m   1140 [0m|[32m    61 [0m|[33m    -0.00 [0m|[34;1m              +5390.00 [0m|[35m         18.7 [0m|[36;1m             45.557% [0m|[31;1m            48.399% [0m|[32;1m                         +0.42109 [0m|[33m  18.0 [0m|
|[31m   1141 [0m|[32m    61 [0m|[33m    -0.00 [0m|[34;1m              +5390.00 [0m|[35m         18.7 [0m|[36;1m             45.557% [0m|[31;1m            48.411% [0m|[32;1m                         +0.42109 [0m|[33m  18.0 [0m|
|[31m   1142 [0m|[32m    61 [0m|[33m    -0.00 [0m|[34;1m              +5390.00 [0m|[35m         18.7 [0m|[36;1m             45.557% [0m|[31;1m            48.413% [0m|[32;1m                         +0.42109 [0m|[33m  18.0 [0m|
|[31m   1143 [0m|[32m    61 [0m|[33m    -0.00 [0m|[34;1m              +5390.00 [0m|[35m         18.7 [0m|[36;1m             45.557% [0m|[31;1m            48.425% [0m|[32;1m                         +0.42109 [0m|[33m  18.0 [0m|
|[31m   1144 [0m|[32m    61 [0m|[33m    -0.00 [0m|[34;1m              +5390.00 [0m|[35m         18.8 [0m|[36;1m             45.557% [0m|[31;1m            48.438% [0m|[32;1m                         +0.42109 [0m|[33m  18.0 [0m|
|[31m   1145 [0m|[32m    61 [0m|[33m    -0.00 [0m|[34;1m              +5390.00 [0m|[35m         18.8 [0m|[36;1m             45.557% [0m|[31;1m            48.450% [0m|[32;1m                         +0.42109 [0m|[33m  18.0 [0m|
|[31m   1146 [0m|[32m    61 [0m|[33m    -0.00 [0m|[34;1m              +5390.00 [0m|[35m         18.8 [0m|[36;1m             45.557% [0m|[31;1m            48.462% [0m|[32;1m                         +0.42109 [0m|[33m  18.0 [0m|
|[31m   1147 [0m|[32m    61 [0m|[33m    -0.00 [0m|[34;1m              +5390.00 [0m|[35m         18.8 [0m|[36;1m             45.557% [0m|[31;1m            48.474% [0m|[32;1m                         +0.42109 [0m|[33m  18.0 [0m|
|[31m   1148 [0m|[32m    61 [0m|[33m    -0.00 [0m|[34;1m              +5390.00 [0m|[35m         18.8 [0m|[36;1m             45.557% [0m|[31;1m            48.486% [0m|[32;1m                         +0.42109 [0m|[33m  18.0 [0m|
|[31m   1149 [0m|[32m    61 [0m|[33m    -0.00 [0m|[34;1m              +5390.00 [0m|[35m         18.8 [0m|[36;1m             45.557% [0m|[31;1m            48.499% [0m|[32;1m                         +0.42109 [0m|[33m  18.0 [0m|
|[31m   1150 [0m|[32m    61 [0m|[33m    -0.00 [0m|[34;1m              +5390.00 [0m|[35m         18.9 [0m|[36;1m             45.557% [0m|[31;1m            48.511% [0m|[32;1m                         +0.42109 [0m|[33m  18.0 [0m|
|[31m   1151 [0m|[32m    61 [0m|[33m    -0.00 [0m|[34;1m              +5390.00 [0m|[35m         18.9 [0m|[36;1m             45.557% [0m|[31;1m            48.523% [0m|[32;1m                         +0.42109 [0m|[33m  18.0 [0m|
|[31m   1152 [0m|[32m    61 [0m|[33m    -0.00 [0m|[34;1m              +5390.00 [0m|[35m         18.9 [0m|[36;1m             45.557% [0m|[31;1m            48.535% [0m|[32;1m                         +0.42109 [0m|[33m  18.0 [0m|
|[31m   1153 [0m|[32m    61 [0m|[33m    -0.00 [0m|[34;1m              +5390.00 [0m|[35m         18.9 [0m|[36;1m             45.557% [0m|[31;1m            48.547% [0m|[32;1m                         +0.42109 [0m|[33m  18.0 [0m|
|[31m   1154 [0m|[32m    61 [0m|[33m    -0.00 [0m|[34;1m              +5390.00 [0m|[35m         18.9 [0m|[36;1m             45.557% [0m|[31;1m            48.559% [0m|[32;1m                         +0.42109 [0m|[33m  18.0 [0m|
|[31m   1155 [0m|[32m    61 [0m|[33m    -0.00 [0m|[34;1m              +5390.00 [0m|[35m         18.9 [0m|[36;1m             45.557% [0m|[31;1m            48.571% [0m|[32;1m                         +0.42109 [0m|[33m  18.0 [0m|
|[31m   1156 [0m|[32m    61 [0m|[33m    -0.00 [0m|[34;1m              +5390.00 [0m|[35m         19.0 [0m|[36;1m             45.557% [0m|[31;1m            48.583% [0m|[32;1m                         +0.42109 [0m|[33m  18.0 [0m|
|[31m   1157 [0m|[32m    61 [0m|[33m    -0.00 [0m|[34;1m              +5390.00 [0m|[35m         19.0 [0m|[36;1m             45.557% [0m|[31;1m            48.596% [0m|[32;1m                         +0.42109 [0m|[33m  18.0 [0m|
|[31m   1158 [0m|[32m    61 [0m|[33m    -0.00 [0m|[34;1m              +5390.00 [0m|[35m         19.0 [0m|[36;1m             45.557% [0m|[31;1m            48.608% [0m|[32;1m                         +0.42109 [0m|[33m  18.0 [0m|
|[31m   1159 [0m|[32m    61 [0m|[33m    -0.00 [0m|[34;1m              +5390.00 [0m|[35m         19.0 [0m|[36;1m             45.557% [0m|[31;1m            48.619% [0m|[32;1m                         +0.42109 [0m|[33m  18.0 [0m|
|[31m   1160 [0m|[32m    61 [0m|[33m    -0.00 [0m|[34;1m              +5390.00 [0m|[35m         19.0 [0m|[36;1m             45.557% [0m|[31;1m            48.621% [0m|[32;1m                         +0.42109 [0m|[33m  18.0 [0m|
|[31m   1161 [0m|[32m    61 [0m|[33m    -1.00 [0m|[34;1m              +5389.00 [0m|[35m         19.0 [0m|[36;1m             45.557% [0m|[31;1m            48.633% [0m|[32;1m                         +0.42102 [0m|[33m  18.0 [0m|
|[31m   1162 [0m|[32m    61 [0m|[33m    -0.00 [0m|[34;1m              +5389.00 [0m|[35m         19.0 [0m|[36;1m             45.557% [0m|[31;1m            48.634% [0m|[32;1m                         +0.42102 [0m|[33m  18.0 [0m|
|[31m   1163 [0m|[32m    61 [0m|[33m    -0.00 [0m|[34;1m              +5389.00 [0m|[35m         19.1 [0m|[36;1m             45.557% [0m|[31;1m            48.635% [0m|[32;1m                         +0.42102 [0m|[33m  18.0 [0m|
|[31m   1164 [0m|[32m    61 [0m|[33m    -0.00 [0m|[34;1m              +5389.00 [0m|[35m         19.1 [0m|[36;1m             45.557% [0m|[31;1m            48.625% [0m|[32;1m                         +0.42102 [0m|[33m  18.0 [0m|
|[31m   1165 [0m|[32m    61 [0m|[33m    -0.00 [0m|[34;1m              +5389.00 [0m|[35m         19.1 [0m|[36;1m             45.557% [0m|[31;1m            48.616% [0m|[32;1m                         +0.42102 [0m|[33m  18.0 [0m|
|[31m   1166 [0m|[32m    61 [0m|[33m    -0.00 [0m|[34;1m              +5389.00 [0m|[35m         19.1 [0m|[36;1m             45.557% [0m|[31;1m            48.617% [0m|[32;1m                         +0.42102 [0m|[33m  18.0 [0m|
|[31m   1167 [0m|[32m    61 [0m|[33m    -0.00 [0m|[34;1m              +5389.00 [0m|[35m         19.1 [0m|[36;1m             45.557% [0m|[31;1m            48.618% [0m|[32;1m                         +0.42102 [0m|[33m  18.0 [0m|
|[31m   1168 [0m|[32m    61 [0m|[33m    -1.00 [0m|[34;1m              +5388.00 [0m|[35m         19.1 [0m|[36;1m             45.557% [0m|[31;1m            48.630% [0m|[32;1m                         +0.42094 [0m|[33m  18.0 [0m|
|[31m   1169 [0m|[32m    61 [0m|[33m    -1.00 [0m|[34;1m              +5387.00 [0m|[35m         19.2 [0m|[36;1m             45.557% [0m|[31;1m            48.642% [0m|[32;1m                         +0.42086 [0m|[33m  18.1 [0m|
|[31m   1170 [0m|[32m    61 [0m|[33m    -0.00 [0m|[34;1m              +5387.00 [0m|[35m         19.2 [0m|[36;1m             45.557% [0m|[31;1m            48.643% [0m|[32;1m                         +0.42086 [0m|[33m  18.1 [0m|
|[31m   1171 [0m|[32m    61 [0m|[33m    -0.00 [0m|[34;1m              +5387.00 [0m|[35m         19.2 [0m|[36;1m             45.557% [0m|[31;1m            48.644% [0m|[32;1m                         +0.42086 [0m|[33m  18.0 [0m|
|[31m   1172 [0m|[32m    61 [0m|[33m    -0.00 [0m|[34;1m              +5387.00 [0m|[35m         19.2 [0m|[36;1m             45.557% [0m|[31;1m            48.645% [0m|[32;1m                         +0.42086 [0m|[33m  18.0 [0m|
|[31m   1173 [0m|[32m    61 [0m|[33m    -0.00 [0m|[34;1m              +5387.00 [0m|[35m         19.2 [0m|[36;1m             45.557% [0m|[31;1m            48.647% [0m|[32;1m                         +0.42086 [0m|[33m  18.0 [0m|
|[31m   1174 [0m|[32m    61 [0m|[33m    -0.00 [0m|[34;1m              +5387.00 [0m|[35m         19.2 [0m|[36;1m             45.557% [0m|[31;1m            48.648% [0m|[32;1m                         +0.42086 [0m|[33m  18.0 [0m|
|[31m   1175 [0m|[32m    61 [0m|[33m    -0.00 [0m|[34;1m              +5387.00 [0m|[35m         19.3 [0m|[36;1m             45.557% [0m|[31;1m            48.638% [0m|[32;1m                         +0.42086 [0m|[33m  18.0 [0m|
|[31m   1176 [0m|[32m    61 [0m|[33m    -1.00 [0m|[34;1m              +5386.00 [0m|[35m         19.3 [0m|[36;1m             45.557% [0m|[31;1m            48.650% [0m|[32;1m                         +0.42078 [0m|[33m  18.0 [0m|
|[31m   1177 [0m|[32m    61 [0m|[33m    -1.00 [0m|[34;1m              +5385.00 [0m|[35m         19.3 [0m|[36;1m             45.557% [0m|[31;1m            48.662% [0m|[32;1m                         +0.42070 [0m|[33m  18.0 [0m|
|[31m   1178 [0m|[32m    61 [0m|[33m    -1.00 [0m|[34;1m              +5384.00 [0m|[35m         19.3 [0m|[36;1m             45.557% [0m|[31;1m            48.674% [0m|[32;1m                         +0.42063 [0m|[33m  18.0 [0m|
|[31m   1179 [0m|[32m    61 [0m|[33m    -1.00 [0m|[34;1m              +5383.00 [0m|[35m         19.3 [0m|[36;1m             45.557% [0m|[31;1m            48.685% [0m|[32;1m                         +0.42055 [0m|[33m  18.0 [0m|
|[31m   1180 [0m|[32m    61 [0m|[33m    -1.00 [0m|[34;1m              +5382.00 [0m|[35m         19.3 [0m|[36;1m             45.557% [0m|[31;1m            48.697% [0m|[32;1m                         +0.42047 [0m|[33m  18.0 [0m|
|[31m   1181 [0m|[32m    61 [0m|[33m    -1.00 [0m|[34;1m              +5381.00 [0m|[35m         19.4 [0m|[36;1m             45.557% [0m|[31;1m            48.709% [0m|[32;1m                         +0.42039 [0m|[33m  18.0 [0m|
|[31m   1182 [0m|[32m    61 [0m|[33m    -1.00 [0m|[34;1m              +5380.00 [0m|[35m         19.4 [0m|[36;1m             45.557% [0m|[31;1m            48.720% [0m|[32;1m                         +0.42031 [0m|[33m  18.0 [0m|
|[31m   1183 [0m|[32m    61 [0m|[33m    -1.00 [0m|[34;1m              +5379.00 [0m|[35m         19.4 [0m|[36;1m             45.557% [0m|[31;1m            48.732% [0m|[32;1m                         +0.42023 [0m|[33m  18.0 [0m|
|[31m   1184 [0m|[32m    61 [0m|[33m    -1.00 [0m|[34;1m              +5378.00 [0m|[35m         19.4 [0m|[36;1m             45.557% [0m|[31;1m            48.744% [0m|[32;1m                         +0.42016 [0m|[33m  18.0 [0m|
|[31m   1185 [0m|[32m    61 [0m|[33m    -1.00 [0m|[34;1m              +5377.00 [0m|[35m         19.4 [0m|[36;1m             45.557% [0m|[31;1m            48.755% [0m|[32;1m                         +0.42008 [0m|[33m  18.0 [0m|
|[31m   1186 [0m|[32m    61 [0m|[33m    -1.00 [0m|[34;1m              +5376.00 [0m|[35m         19.4 [0m|[36;1m             45.557% [0m|[31;1m            48.767% [0m|[32;1m                         +0.42000 [0m|[33m  18.0 [0m|
|[31m   1187 [0m|[32m    61 [0m|[33m    -1.00 [0m|[34;1m              +5375.00 [0m|[35m         19.5 [0m|[36;1m             45.557% [0m|[31;1m            48.778% [0m|[32;1m                         +0.41992 [0m|[33m  18.0 [0m|
|[31m   1188 [0m|[32m    61 [0m|[33m    -1.00 [0m|[34;1m              +5374.00 [0m|[35m         19.5 [0m|[36;1m             45.557% [0m|[31;1m            48.790% [0m|[32;1m                         +0.41984 [0m|[33m  18.0 [0m|
|[31m   1189 [0m|[32m    61 [0m|[33m    -1.00 [0m|[34;1m              +5373.00 [0m|[35m         19.5 [0m|[36;1m             45.557% [0m|[31;1m            48.802% [0m|[32;1m                         +0.41977 [0m|[33m  18.1 [0m|
|[31m   1190 [0m|[32m    61 [0m|[33m    -1.00 [0m|[34;1m              +5372.00 [0m|[35m         19.5 [0m|[36;1m             45.557% [0m|[31;1m            48.824% [0m|[32;1m                         +0.41969 [0m|[33m  18.0 [0m|
|[31m   1191 [0m|[32m    61 [0m|[33m    -1.00 [0m|[34;1m              +5371.00 [0m|[35m         19.5 [0m|[36;1m             45.557% [0m|[31;1m            48.846% [0m|[32;1m                         +0.41961 [0m|[33m  18.0 [0m|
|[31m   1192 [0m|[32m    61 [0m|[33m    -1.00 [0m|[34;1m              +5370.00 [0m|[35m         19.5 [0m|[36;1m             45.557% [0m|[31;1m            48.867% [0m|[32;1m                         +0.41953 [0m|[33m  18.0 [0m|
|[31m   1193 [0m|[32m    61 [0m|[33m    -1.00 [0m|[34;1m              +5369.00 [0m|[35m         19.6 [0m|[36;1m             45.557% [0m|[31;1m            48.889% [0m|[32;1m                         +0.41945 [0m|[33m  18.0 [0m|
|[31m   1194 [0m|[32m    61 [0m|[33m    -1.00 [0m|[34;1m              +5368.00 [0m|[35m         19.6 [0m|[36;1m             45.557% [0m|[31;1m            48.911% [0m|[32;1m                         +0.41937 [0m|[33m  18.0 [0m|
|[31m   1195 [0m|[32m    61 [0m|[33m    -1.00 [0m|[34;1m              +5367.00 [0m|[35m         19.6 [0m|[36;1m             45.557% [0m|[31;1m            48.923% [0m|[32;1m                         +0.41930 [0m|[33m  18.0 [0m|
|[31m   1196 [0m|[32m    61 [0m|[33m    -1.00 [0m|[34;1m              +5366.00 [0m|[35m         19.6 [0m|[36;1m             45.557% [0m|[31;1m            48.934% [0m|[32;1m                         +0.41922 [0m|[33m  18.0 [0m|
|[31m   1197 [0m|[32m    61 [0m|[33m    -1.00 [0m|[34;1m              +5365.00 [0m|[35m         19.6 [0m|[36;1m             45.557% [0m|[31;1m            48.945% [0m|[32;1m                         +0.41914 [0m|[33m  18.0 [0m|
|[31m   1198 [0m|[32m    61 [0m|[33m    -1.00 [0m|[34;1m              +5364.00 [0m|[35m         19.6 [0m|[36;1m             45.557% [0m|[31;1m            48.957% [0m|[32;1m                         +0.41906 [0m|[33m  18.0 [0m|
|[31m   1199 [0m|[32m    61 [0m|[33m    -1.00 [0m|[34;1m              +5363.00 [0m|[35m         19.7 [0m|[36;1m             45.557% [0m|[31;1m            48.968% [0m|[32;1m                         +0.41898 [0m|[33m  18.1 [0m|
|[31m   1200 [0m|[32m    61 [0m|[33m    -1.00 [0m|[34;1m              +5362.00 [0m|[35m         19.7 [0m|[36;1m             45.557% [0m|[31;1m            48.979% [0m|[32;1m                         +0.41891 [0m|[33m  18.0 [0m|
|[31m   1201 [0m|[32m    61 [0m|[33m    -1.00 [0m|[34;1m              +5361.00 [0m|[35m         19.7 [0m|[36;1m             45.557% [0m|[31;1m            48.990% [0m|[32;1m                         +0.41883 [0m|[33m  18.0 [0m|
|[31m   1202 [0m|[32m    61 [0m|[33m    -1.00 [0m|[34;1m              +5360.00 [0m|[35m         19.7 [0m|[36;1m             45.557% [0m|[31;1m            49.002% [0m|[32;1m                         +0.41875 [0m|[33m  18.0 [0m|
|[31m   1203 [0m|[32m    61 [0m|[33m    -1.00 [0m|[34;1m              +5359.00 [0m|[35m         19.7 [0m|[36;1m             45.557% [0m|[31;1m            49.023% [0m|[32;1m                         +0.41867 [0m|[33m  18.0 [0m|
|[31m   1204 [0m|[32m    61 [0m|[33m    -1.00 [0m|[34;1m              +5358.00 [0m|[35m         19.7 [0m|[36;1m             45.557% [0m|[31;1m            49.034% [0m|[32;1m                         +0.41859 [0m|[33m  18.0 [0m|
|[31m   1205 [0m|[32m    61 [0m|[33m    -1.00 [0m|[34;1m              +5357.00 [0m|[35m         19.8 [0m|[36;1m             45.557% [0m|[31;1m            49.046% [0m|[32;1m                         +0.41852 [0m|[33m  18.0 [0m|
|[31m   1206 [0m|[32m    61 [0m|[33m    -1.00 [0m|[34;1m              +5356.00 [0m|[35m         19.8 [0m|[36;1m             45.557% [0m|[31;1m            49.067% [0m|[32;1m                         +0.41844 [0m|[33m  18.0 [0m|
|[31m   1207 [0m|[32m    61 [0m|[33m    -1.00 [0m|[34;1m              +5355.00 [0m|[35m         19.8 [0m|[36;1m             45.557% [0m|[31;1m            49.089% [0m|[32;1m                         +0.41836 [0m|[33m  18.0 [0m|
|[31m   1208 [0m|[32m    61 [0m|[33m    -1.00 [0m|[34;1m              +5354.00 [0m|[35m         19.8 [0m|[36;1m             45.557% [0m|[31;1m            49.110% [0m|[32;1m                         +0.41828 [0m|[33m  18.0 [0m|
|[31m   1209 [0m|[32m    61 [0m|[33m    -1.00 [0m|[34;1m              +5353.00 [0m|[35m         19.8 [0m|[36;1m             45.557% [0m|[31;1m            49.132% [0m|[32;1m                         +0.41820 [0m|[33m  18.0 [0m|
|[31m   1210 [0m|[32m    61 [0m|[33m    -1.00 [0m|[34;1m              +5352.00 [0m|[35m         19.8 [0m|[36;1m             45.557% [0m|[31;1m            49.153% [0m|[32;1m                         +0.41813 [0m|[33m  18.0 [0m|
|[31m   1211 [0m|[32m    61 [0m|[33m    -1.00 [0m|[34;1m              +5351.00 [0m|[35m         19.9 [0m|[36;1m             45.557% [0m|[31;1m            49.174% [0m|[32;1m                         +0.41805 [0m|[33m  18.0 [0m|
|[31m   1212 [0m|[32m    61 [0m|[33m    -1.00 [0m|[34;1m              +5350.00 [0m|[35m         19.9 [0m|[36;1m             45.557% [0m|[31;1m            49.196% [0m|[32;1m                         +0.41797 [0m|[33m  18.0 [0m|
|[31m   1213 [0m|[32m    61 [0m|[33m    -1.00 [0m|[34;1m              +5349.00 [0m|[35m         19.9 [0m|[36;1m             45.557% [0m|[31;1m            49.217% [0m|[32;1m                         +0.41789 [0m|[33m  18.0 [0m|
|[31m   1214 [0m|[32m    61 [0m|[33m    -1.00 [0m|[34;1m              +5348.00 [0m|[35m         19.9 [0m|[36;1m             45.557% [0m|[31;1m            49.238% [0m|[32;1m                         +0.41781 [0m|[33m  18.0 [0m|
|[31m   1215 [0m|[32m    61 [0m|[33m    -1.00 [0m|[34;1m              +5347.00 [0m|[35m         19.9 [0m|[36;1m             45.557% [0m|[31;1m            49.259% [0m|[32;1m                         +0.41773 [0m|[33m  18.0 [0m|
|[31m   1216 [0m|[32m    61 [0m|[33m    -1.00 [0m|[34;1m              +5346.00 [0m|[35m         19.9 [0m|[36;1m             45.557% [0m|[31;1m            49.280% [0m|[32;1m                         +0.41766 [0m|[33m  18.0 [0m|
|[31m   1217 [0m|[32m    61 [0m|[33m    -1.00 [0m|[34;1m              +5345.00 [0m|[35m         20.0 [0m|[36;1m             45.557% [0m|[31;1m            49.302% [0m|[32;1m                         +0.41758 [0m|[33m  18.0 [0m|
|[31m   1218 [0m|[32m    61 [0m|[33m    -1.00 [0m|[34;1m              +5344.00 [0m|[35m         20.0 [0m|[36;1m             45.557% [0m|[31;1m            49.323% [0m|[32;1m                         +0.41750 [0m|[33m  18.0 [0m|
|[31m   1219 [0m|[32m    61 [0m|[33m    -1.00 [0m|[34;1m              +5343.00 [0m|[35m         20.0 [0m|[36;1m             45.557% [0m|[31;1m            49.344% [0m|[32;1m                         +0.41742 [0m|[33m  18.1 [0m|
|[31m   1220 [0m|[32m    61 [0m|[33m    -1.00 [0m|[34;1m              +5342.00 [0m|[35m         20.0 [0m|[36;1m             45.557% [0m|[31;1m            49.365% [0m|[32;1m                         +0.41734 [0m|[33m  18.0 [0m|
|[31m   1221 [0m|[32m    61 [0m|[33m    -1.00 [0m|[34;1m              +5341.00 [0m|[35m         20.0 [0m|[36;1m             45.557% [0m|[31;1m            49.386% [0m|[32;1m                         +0.41727 [0m|[33m  18.0 [0m|
|[31m   1222 [0m|[32m    61 [0m|[33m    -1.00 [0m|[34;1m              +5340.00 [0m|[35m         20.0 [0m|[36;1m             45.557% [0m|[31;1m            49.407% [0m|[32;1m                         +0.41719 [0m|[33m  18.0 [0m|
|[31m   1223 [0m|[32m    61 [0m|[33m    -1.00 [0m|[34;1m              +5339.00 [0m|[35m         20.0 [0m|[36;1m             45.557% [0m|[31;1m            49.428% [0m|[32;1m                         +0.41711 [0m|[33m  18.0 [0m|
|[31m   1224 [0m|[32m    61 [0m|[33m    -1.00 [0m|[34;1m              +5338.00 [0m|[35m         20.1 [0m|[36;1m             45.557% [0m|[31;1m            49.449% [0m|[32;1m                         +0.41703 [0m|[33m  18.0 [0m|
|[31m   1225 [0m|[32m    61 [0m|[33m    -1.00 [0m|[34;1m              +5337.00 [0m|[35m         20.1 [0m|[36;1m             45.557% [0m|[31;1m            49.469% [0m|[32;1m                         +0.41695 [0m|[33m  18.0 [0m|
|[31m   1226 [0m|[32m    61 [0m|[33m    -1.00 [0m|[34;1m              +5336.00 [0m|[35m         20.1 [0m|[36;1m             45.557% [0m|[31;1m            49.490% [0m|[32;1m                         +0.41687 [0m|[33m  18.0 [0m|
|[31m   1227 [0m|[32m    61 [0m|[33m    -1.00 [0m|[34;1m              +5335.00 [0m|[35m         20.1 [0m|[36;1m             45.557% [0m|[31;1m            49.511% [0m|[32;1m                         +0.41680 [0m|[33m  18.0 [0m|
|[31m   1228 [0m|[32m    61 [0m|[33m    -1.00 [0m|[34;1m              +5334.00 [0m|[35m         20.1 [0m|[36;1m             45.557% [0m|[31;1m            49.532% [0m|[32;1m                         +0.41672 [0m|[33m  18.0 [0m|
|[31m   1229 [0m|[32m    61 [0m|[33m    -1.00 [0m|[34;1m              +5333.00 [0m|[35m         20.1 [0m|[36;1m             45.557% [0m|[31;1m            49.542% [0m|[32;1m                         +0.41664 [0m|[33m  18.0 [0m|
|[31m   1230 [0m|[32m    61 [0m|[33m    -1.00 [0m|[34;1m              +5332.00 [0m|[35m         20.2 [0m|[36;1m             45.557% [0m|[31;1m            49.553% [0m|[32;1m                         +0.41656 [0m|[33m  18.0 [0m|
|[31m   1231 [0m|[32m    61 [0m|[33m    -1.00 [0m|[34;1m              +5331.00 [0m|[35m         20.2 [0m|[36;1m             45.557% [0m|[31;1m            49.563% [0m|[32;1m                         +0.41648 [0m|[33m  18.0 [0m|
|[31m   1232 [0m|[32m    61 [0m|[33m    -1.00 [0m|[34;1m              +5330.00 [0m|[35m         20.2 [0m|[36;1m             45.557% [0m|[31;1m            49.584% [0m|[32;1m                         +0.41641 [0m|[33m  18.0 [0m|
|[31m   1233 [0m|[32m    61 [0m|[33m    -1.00 [0m|[34;1m              +5329.00 [0m|[35m         20.2 [0m|[36;1m             45.557% [0m|[31;1m            49.605% [0m|[32;1m                         +0.41633 [0m|[33m  18.0 [0m|
|[31m   1234 [0m|[32m    61 [0m|[33m    -1.00 [0m|[34;1m              +5328.00 [0m|[35m         20.2 [0m|[36;1m             45.557% [0m|[31;1m            49.625% [0m|[32;1m                         +0.41625 [0m|[33m  18.0 [0m|
|[31m   1235 [0m|[32m    61 [0m|[33m    -1.00 [0m|[34;1m              +5327.00 [0m|[35m         20.2 [0m|[36;1m             45.557% [0m|[31;1m            49.646% [0m|[32;1m                         +0.41617 [0m|[33m  18.0 [0m|
|[31m   1236 [0m|[32m    61 [0m|[33m    -1.00 [0m|[34;1m              +5326.00 [0m|[35m         20.3 [0m|[36;1m             45.557% [0m|[31;1m            49.666% [0m|[32;1m                         +0.41609 [0m|[33m  18.0 [0m|
|[31m   1237 [0m|[32m    61 [0m|[33m    -1.00 [0m|[34;1m              +5325.00 [0m|[35m         20.3 [0m|[36;1m             45.557% [0m|[31;1m            49.687% [0m|[32;1m                         +0.41602 [0m|[33m  18.0 [0m|
|[31m   1238 [0m|[32m    61 [0m|[33m    -1.00 [0m|[34;1m              +5324.00 [0m|[35m         20.3 [0m|[36;1m             45.557% [0m|[31;1m            49.707% [0m|[32;1m                         +0.41594 [0m|[33m  18.0 [0m|
|[31m   1239 [0m|[32m    61 [0m|[33m    -1.00 [0m|[34;1m              +5323.00 [0m|[35m         20.3 [0m|[36;1m             45.557% [0m|[31;1m            49.728% [0m|[32;1m                         +0.41586 [0m|[33m  18.0 [0m|
|[31m   1240 [0m|[32m    61 [0m|[33m    -1.00 [0m|[34;1m              +5322.00 [0m|[35m         20.3 [0m|[36;1m             45.557% [0m|[31;1m            49.748% [0m|[32;1m                         +0.41578 [0m|[33m  18.0 [0m|
|[31m   1241 [0m|[32m    61 [0m|[33m    -1.00 [0m|[34;1m              +5321.00 [0m|[35m         20.3 [0m|[36;1m             45.557% [0m|[31;1m            49.768% [0m|[32;1m                         +0.41570 [0m|[33m  18.0 [0m|
|[31m   1242 [0m|[32m    61 [0m|[33m    -1.00 [0m|[34;1m              +5320.00 [0m|[35m         20.4 [0m|[36;1m             45.557% [0m|[31;1m            49.789% [0m|[32;1m                         +0.41563 [0m|[33m  18.0 [0m|
|[31m   1243 [0m|[32m    61 [0m|[33m    -1.00 [0m|[34;1m              +5319.00 [0m|[35m         20.4 [0m|[36;1m             45.557% [0m|[31;1m            49.809% [0m|[32;1m                         +0.41555 [0m|[33m  18.0 [0m|
|[31m   1244 [0m|[32m    61 [0m|[33m    -1.00 [0m|[34;1m              +5318.00 [0m|[35m         20.4 [0m|[36;1m             45.557% [0m|[31;1m            49.819% [0m|[32;1m                         +0.41547 [0m|[33m  18.0 [0m|
|[31m   1245 [0m|[32m    61 [0m|[33m    -1.00 [0m|[34;1m              +5317.00 [0m|[35m         20.4 [0m|[36;1m             45.557% [0m|[31;1m            49.829% [0m|[32;1m                         +0.41539 [0m|[33m  18.0 [0m|
|[31m   1246 [0m|[32m    61 [0m|[33m    -1.00 [0m|[34;1m              +5316.00 [0m|[35m         20.4 [0m|[36;1m             45.557% [0m|[31;1m            49.839% [0m|[32;1m                         +0.41531 [0m|[33m  18.0 [0m|
|[31m   1247 [0m|[32m    61 [0m|[33m    -1.00 [0m|[34;1m              +5315.00 [0m|[35m         20.4 [0m|[36;1m             45.557% [0m|[31;1m            49.850% [0m|[32;1m                         +0.41523 [0m|[33m  18.0 [0m|
|[31m   1248 [0m|[32m    61 [0m|[33m    -1.00 [0m|[34;1m              +5314.00 [0m|[35m         20.5 [0m|[36;1m             45.557% [0m|[31;1m            49.870% [0m|[32;1m                         +0.41516 [0m|[33m  18.0 [0m|
|[31m   1249 [0m|[32m    61 [0m|[33m    -1.00 [0m|[34;1m              +5313.00 [0m|[35m         20.5 [0m|[36;1m             45.557% [0m|[31;1m            49.890% [0m|[32;1m                         +0.41508 [0m|[33m  18.0 [0m|
|[31m   1250 [0m|[32m    61 [0m|[33m    -1.00 [0m|[34;1m              +5312.00 [0m|[35m         20.5 [0m|[36;1m             45.557% [0m|[31;1m            49.910% [0m|[32;1m                         +0.41500 [0m|[33m  18.0 [0m|
|[31m   1251 [0m|[32m    61 [0m|[33m    -1.00 [0m|[34;1m              +5311.00 [0m|[35m         20.5 [0m|[36;1m             45.557% [0m|[31;1m            49.930% [0m|[32;1m                         +0.41492 [0m|[33m  18.0 [0m|
|[31m   1252 [0m|[32m    61 [0m|[33m    -0.00 [0m|[34;1m              +5311.00 [0m|[35m         20.5 [0m|[36;1m             45.557% [0m|[31;1m            49.940% [0m|[32;1m                         +0.41492 [0m|[33m  18.0 [0m|
|[31m   1253 [0m|[32m    61 [0m|[33m    -0.00 [0m|[34;1m              +5311.00 [0m|[35m         20.5 [0m|[36;1m             45.557% [0m|[31;1m            49.950% [0m|[32;1m                         +0.41492 [0m|[33m  18.0 [0m|
|[31m   1254 [0m|[32m    61 [0m|[33m    -0.00 [0m|[34;1m              +5311.00 [0m|[35m         20.6 [0m|[36;1m             45.557% [0m|[31;1m            49.950% [0m|[32;1m                         +0.41492 [0m|[33m  18.0 [0m|
|[31m   1255 [0m|[32m    61 [0m|[33m    -0.00 [0m|[34;1m              +5311.00 [0m|[35m         20.6 [0m|[36;1m             45.557% [0m|[31;1m            49.940% [0m|[32;1m                         +0.41492 [0m|[33m  18.1 [0m|
|[31m   1256 [0m|[32m    61 [0m|[33m    -0.00 [0m|[34;1m              +5311.00 [0m|[35m         20.6 [0m|[36;1m             45.557% [0m|[31;1m            49.930% [0m|[32;1m                         +0.41492 [0m|[33m  18.0 [0m|
|[31m   1257 [0m|[32m    61 [0m|[33m    -0.00 [0m|[34;1m              +5311.00 [0m|[35m         20.6 [0m|[36;1m             45.557% [0m|[31;1m            49.930% [0m|[32;1m                         +0.41492 [0m|[33m  18.0 [0m|
|[31m   1258 [0m|[32m    61 [0m|[33m    -0.00 [0m|[34;1m              +5311.00 [0m|[35m         20.6 [0m|[36;1m             45.557% [0m|[31;1m            49.940% [0m|[32;1m                         +0.41492 [0m|[33m  18.1 [0m|
|[31m   1259 [0m|[32m    61 [0m|[33m    -0.00 [0m|[34;1m              +5311.00 [0m|[35m         20.6 [0m|[36;1m             45.557% [0m|[31;1m            49.950% [0m|[32;1m                         +0.41492 [0m|[33m  18.1 [0m|
|[31m   1260 [0m|[32m    61 [0m|[33m    -0.00 [0m|[34;1m              +5311.00 [0m|[35m         20.7 [0m|[36;1m             45.557% [0m|[31;1m            49.960% [0m|[32;1m                         +0.41492 [0m|[33m  18.1 [0m|
|[31m   1261 [0m|[32m    61 [0m|[33m    -0.00 [0m|[34;1m              +5311.00 [0m|[35m         20.7 [0m|[36;1m             45.557% [0m|[31;1m            49.970% [0m|[32;1m                         +0.41492 [0m|[33m  18.0 [0m|
|[31m   1262 [0m|[32m    61 [0m|[33m    -0.00 [0m|[34;1m              +5311.00 [0m|[35m         20.7 [0m|[36;1m             45.557% [0m|[31;1m            49.980% [0m|[32;1m                         +0.41492 [0m|[33m  18.1 [0m|
|[31m   1263 [0m|[32m    61 [0m|[33m    -0.00 [0m|[34;1m              +5311.00 [0m|[35m         20.7 [0m|[36;1m             45.557% [0m|[31;1m            49.990% [0m|[32;1m                         +0.41492 [0m|[33m  18.1 [0m|
|[31m   1264 [0m|[32m    61 [0m|[33m    -0.00 [0m|[34;1m              +5311.00 [0m|[35m         20.7 [0m|[36;1m             45.557% [0m|[31;1m            50.000% [0m|[32;1m                         +0.41492 [0m|[33m  18.1 [0m|
|[31m   1265 [0m|[32m    61 [0m|[33m    -0.00 [0m|[34;1m              +5311.00 [0m|[35m         20.7 [0m|[36;1m             45.557% [0m|[31;1m            50.010% [0m|[32;1m                         +0.41492 [0m|[33m  18.1 [0m|
|[31m   1266 [0m|[32m    61 [0m|[33m    -0.00 [0m|[34;1m              +5311.00 [0m|[35m         20.8 [0m|[36;1m             45.557% [0m|[31;1m            50.020% [0m|[32;1m                         +0.41492 [0m|[33m  18.0 [0m|
|[31m   1267 [0m|[32m    61 [0m|[33m    -0.00 [0m|[34;1m              +5311.00 [0m|[35m         20.8 [0m|[36;1m             45.557% [0m|[31;1m            50.030% [0m|[32;1m                         +0.41492 [0m|[33m  18.0 [0m|
|[31m   1268 [0m|[32m    61 [0m|[33m    -0.00 [0m|[34;1m              +5311.00 [0m|[35m         20.8 [0m|[36;1m             45.557% [0m|[31;1m            50.039% [0m|[32;1m                         +0.41492 [0m|[33m  18.0 [0m|
|[31m   1269 [0m|[32m    61 [0m|[33m    -0.00 [0m|[34;1m              +5311.00 [0m|[35m         20.8 [0m|[36;1m             45.557% [0m|[31;1m            50.049% [0m|[32;1m                         +0.41492 [0m|[33m  18.1 [0m|
|[31m   1270 [0m|[32m    61 [0m|[33m    -0.00 [0m|[34;1m              +5311.00 [0m|[35m         20.8 [0m|[36;1m             45.557% [0m|[31;1m            50.059% [0m|[32;1m                         +0.41492 [0m|[33m  18.0 [0m|
|[31m   1271 [0m|[32m    61 [0m|[33m    -0.00 [0m|[34;1m              +5311.00 [0m|[35m         20.8 [0m|[36;1m             45.557% [0m|[31;1m            50.069% [0m|[32;1m                         +0.41492 [0m|[33m  18.0 [0m|
|[31m   1272 [0m|[32m    61 [0m|[33m    -0.00 [0m|[34;1m              +5311.00 [0m|[35m         20.9 [0m|[36;1m             45.557% [0m|[31;1m            50.079% [0m|[32;1m                         +0.41492 [0m|[33m  18.0 [0m|
|[31m   1273 [0m|[32m    61 [0m|[33m    -0.00 [0m|[34;1m              +5311.00 [0m|[35m         20.9 [0m|[36;1m             45.557% [0m|[31;1m            50.088% [0m|[32;1m                         +0.41492 [0m|[33m  18.0 [0m|
|[31m   1274 [0m|[32m    61 [0m|[33m    -0.00 [0m|[34;1m              +5311.00 [0m|[35m         20.9 [0m|[36;1m             45.557% [0m|[31;1m            50.098% [0m|[32;1m                         +0.41492 [0m|[33m  18.0 [0m|
|[31m   1275 [0m|[32m    61 [0m|[33m    -0.00 [0m|[34;1m              +5311.00 [0m|[35m         20.9 [0m|[36;1m             45.557% [0m|[31;1m            50.108% [0m|[32;1m                         +0.41492 [0m|[33m  18.1 [0m|
|[31m   1276 [0m|[32m    61 [0m|[33m    -0.00 [0m|[34;1m              +5311.00 [0m|[35m         20.9 [0m|[36;1m             45.557% [0m|[31;1m            50.118% [0m|[32;1m                         +0.41492 [0m|[33m  18.0 [0m|
|[31m   1277 [0m|[32m    61 [0m|[33m    -0.00 [0m|[34;1m              +5311.00 [0m|[35m         20.9 [0m|[36;1m             45.557% [0m|[31;1m            50.127% [0m|[32;1m                         +0.41492 [0m|[33m  18.0 [0m|
|[31m   1278 [0m|[32m    61 [0m|[33m    -0.00 [0m|[34;1m              +5311.00 [0m|[35m         21.0 [0m|[36;1m             45.557% [0m|[31;1m            50.137% [0m|[32;1m                         +0.41492 [0m|[33m  18.0 [0m|
|[31m   1279 [0m|[32m    61 [0m|[33m    -0.00 [0m|[34;1m              +5311.00 [0m|[35m         21.0 [0m|[36;1m             45.557% [0m|[31;1m            50.147% [0m|[32;1m                         +0.41492 [0m|[33m  18.0 [0m|
|[31m   1280 [0m|[32m    61 [0m|[33m    -0.00 [0m|[34;1m              +5311.00 [0m|[35m         21.0 [0m|[36;1m             45.557% [0m|[31;1m            50.156% [0m|[32;1m                         +0.41492 [0m|[33m  18.0 [0m|
|[31m   1281 [0m|[32m    61 [0m|[33m    -0.00 [0m|[34;1m              +5311.00 [0m|[35m         21.0 [0m|[36;1m             45.557% [0m|[31;1m            50.166% [0m|[32;1m                         +0.41492 [0m|[33m  18.0 [0m|
|[31m   1282 [0m|[32m    63 [0m|[33m  +253.00 [0m|[34;1m              +5564.00 [0m|[35m         20.3 [0m|[36;1m             44.952% [0m|[31;1m            50.176% [0m|[32;1m                         +0.43469 [0m|[33m  18.0 [0m|
|[31m   1283 [0m|[32m    63 [0m|[33m    -0.00 [0m|[34;1m              +5564.00 [0m|[35m         20.4 [0m|[36;1m             44.952% [0m|[31;1m            50.185% [0m|[32;1m                         +0.43469 [0m|[33m  18.0 [0m|
|[31m   1284 [0m|[32m    63 [0m|[33m    -0.00 [0m|[34;1m              +5564.00 [0m|[35m         20.4 [0m|[36;1m             44.952% [0m|[31;1m            50.195% [0m|[32;1m                         +0.43469 [0m|[33m  18.0 [0m|
|[31m   1285 [0m|[32m    63 [0m|[33m    -0.00 [0m|[34;1m              +5564.00 [0m|[35m         20.4 [0m|[36;1m             44.952% [0m|[31;1m            50.204% [0m|[32;1m                         +0.43469 [0m|[33m  18.0 [0m|
|[31m   1286 [0m|[32m    63 [0m|[33m    -0.00 [0m|[34;1m              +5564.00 [0m|[35m         20.4 [0m|[36;1m             44.952% [0m|[31;1m            50.214% [0m|[32;1m                         +0.43469 [0m|[33m  18.0 [0m|
|[31m   1287 [0m|[32m    63 [0m|[33m    -0.00 [0m|[34;1m              +5564.00 [0m|[35m         20.4 [0m|[36;1m             44.952% [0m|[31;1m            50.223% [0m|[32;1m                         +0.43469 [0m|[33m  18.0 [0m|
|[31m   1288 [0m|[32m    63 [0m|[33m    -0.00 [0m|[34;1m              +5564.00 [0m|[35m         20.4 [0m|[36;1m             44.952% [0m|[31;1m            50.243% [0m|[32;1m                         +0.43469 [0m|[33m  18.0 [0m|
|[31m   1289 [0m|[32m    63 [0m|[33m    -0.00 [0m|[34;1m              +5564.00 [0m|[35m         20.5 [0m|[36;1m             44.952% [0m|[31;1m            50.262% [0m|[32;1m                         +0.43469 [0m|[33m  18.0 [0m|
|[31m   1290 [0m|[32m    63 [0m|[33m    -0.00 [0m|[34;1m              +5564.00 [0m|[35m         20.5 [0m|[36;1m             44.952% [0m|[31;1m            50.281% [0m|[32;1m                         +0.43469 [0m|[33m  18.0 [0m|
|[31m   1291 [0m|[32m    63 [0m|[33m    -0.00 [0m|[34;1m              +5564.00 [0m|[35m         20.5 [0m|[36;1m             44.952% [0m|[31;1m            50.290% [0m|[32;1m                         +0.43469 [0m|[33m  18.0 [0m|
|[31m   1292 [0m|[32m    63 [0m|[33m    -0.00 [0m|[34;1m              +5564.00 [0m|[35m         20.5 [0m|[36;1m             44.952% [0m|[31;1m            50.300% [0m|[32;1m                         +0.43469 [0m|[33m  18.0 [0m|
|[31m   1293 [0m|[32m    63 [0m|[33m    -0.00 [0m|[34;1m              +5564.00 [0m|[35m         20.5 [0m|[36;1m             44.952% [0m|[31;1m            50.319% [0m|[32;1m                         +0.43469 [0m|[33m  18.0 [0m|
|[31m   1294 [0m|[32m    63 [0m|[33m    -0.00 [0m|[34;1m              +5564.00 [0m|[35m         20.5 [0m|[36;1m             44.952% [0m|[31;1m            50.338% [0m|[32;1m                         +0.43469 [0m|[33m  18.0 [0m|
|[31m   1295 [0m|[32m    63 [0m|[33m    -0.00 [0m|[34;1m              +5564.00 [0m|[35m         20.6 [0m|[36;1m             44.952% [0m|[31;1m            50.357% [0m|[32;1m                         +0.43469 [0m|[33m  18.0 [0m|
|[31m   1296 [0m|[32m    63 [0m|[33m    -0.00 [0m|[34;1m              +5564.00 [0m|[35m         20.6 [0m|[36;1m             44.952% [0m|[31;1m            50.376% [0m|[32;1m                         +0.43469 [0m|[33m  18.0 [0m|
|[31m   1297 [0m|[32m    63 [0m|[33m    -0.00 [0m|[34;1m              +5564.00 [0m|[35m         20.6 [0m|[36;1m             44.952% [0m|[31;1m            50.395% [0m|[32;1m                         +0.43469 [0m|[33m  18.0 [0m|
|[31m   1298 [0m|[32m    63 [0m|[33m    -0.00 [0m|[34;1m              +5564.00 [0m|[35m         20.6 [0m|[36;1m             44.952% [0m|[31;1m            50.404% [0m|[32;1m                         +0.43469 [0m|[33m  18.0 [0m|
|[31m   1299 [0m|[32m    63 [0m|[33m    -0.00 [0m|[34;1m              +5564.00 [0m|[35m         20.6 [0m|[36;1m             44.952% [0m|[31;1m            50.414% [0m|[32;1m                         +0.43469 [0m|[33m  18.1 [0m|
|[31m   1300 [0m|[32m    63 [0m|[33m    -0.00 [0m|[34;1m              +5564.00 [0m|[35m         20.6 [0m|[36;1m             44.952% [0m|[31;1m            50.433% [0m|[32;1m                         +0.43469 [0m|[33m  18.1 [0m|
|[31m   1301 [0m|[32m    63 [0m|[33m    -0.00 [0m|[34;1m              +5564.00 [0m|[35m         20.7 [0m|[36;1m             44.952% [0m|[31;1m            50.452% [0m|[32;1m                         +0.43469 [0m|[33m  18.0 [0m|
|[31m   1302 [0m|[32m    63 [0m|[33m    -0.00 [0m|[34;1m              +5564.00 [0m|[35m         20.7 [0m|[36;1m             44.952% [0m|[31;1m            50.470% [0m|[32;1m                         +0.43469 [0m|[33m  18.0 [0m|
|[31m   1303 [0m|[32m    63 [0m|[33m    -0.00 [0m|[34;1m              +5564.00 [0m|[35m         20.7 [0m|[36;1m             44.952% [0m|[31;1m            50.489% [0m|[32;1m                         +0.43469 [0m|[33m  18.0 [0m|
|[31m   1304 [0m|[32m    63 [0m|[33m    -0.00 [0m|[34;1m              +5564.00 [0m|[35m         20.7 [0m|[36;1m             44.952% [0m|[31;1m            50.508% [0m|[32;1m                         +0.43469 [0m|[33m  18.1 [0m|
|[31m   1305 [0m|[32m    63 [0m|[33m    -0.00 [0m|[34;1m              +5564.00 [0m|[35m         20.7 [0m|[36;1m             44.952% [0m|[31;1m            50.527% [0m|[32;1m                         +0.43469 [0m|[33m  18.1 [0m|
|[31m   1306 [0m|[32m    63 [0m|[33m    -0.00 [0m|[34;1m              +5564.00 [0m|[35m         20.7 [0m|[36;1m             44.952% [0m|[31;1m            50.546% [0m|[32;1m                         +0.43469 [0m|[33m  18.0 [0m|
|[31m   1307 [0m|[32m    63 [0m|[33m    -0.00 [0m|[34;1m              +5564.00 [0m|[35m         20.7 [0m|[36;1m             44.952% [0m|[31;1m            50.564% [0m|[32;1m                         +0.43469 [0m|[33m  18.0 [0m|
|[31m   1308 [0m|[32m    63 [0m|[33m    -0.00 [0m|[34;1m              +5564.00 [0m|[35m         20.8 [0m|[36;1m             44.952% [0m|[31;1m            50.583% [0m|[32;1m                         +0.43469 [0m|[33m  18.0 [0m|
|[31m   1309 [0m|[32m    63 [0m|[33m    -0.00 [0m|[34;1m              +5564.00 [0m|[35m         20.8 [0m|[36;1m             44.952% [0m|[31;1m            50.602% [0m|[32;1m                         +0.43469 [0m|[33m  18.0 [0m|
|[31m   1310 [0m|[32m    63 [0m|[33m    -0.00 [0m|[34;1m              +5564.00 [0m|[35m         20.8 [0m|[36;1m             44.952% [0m|[31;1m            50.620% [0m|[32;1m                         +0.43469 [0m|[33m  18.0 [0m|
|[31m   1311 [0m|[32m    64 [0m|[33m  +100.00 [0m|[34;1m              +5664.00 [0m|[35m         20.5 [0m|[36;1m             44.250% [0m|[31;1m            50.639% [0m|[32;1m                         +0.44250 [0m|[33m  18.0 [0m|

|                           Metric |         Mean |
| -------------------------------: | -----------: |
|[35m                     Step / Cargo [0m|[35m         20.5 [0m|
|[34;1m            Target Episode Reward [0m|[34;1m     +5664.00 [0m|
|[36;1m              Mean Transport Rate [0m|[36;1m      44.250% [0m|
|[31;1m               Mean Coverage Rate [0m|[31;1m      50.639% [0m|
|[32;1m Normalized Target Episode Reward [0m|[32;1m     +0.44250 [0m|
|           Belief Local Pos Error |   838.123936 |
|           Belief Local Std World |   618.858493 |
|      Belief Visible Target Ratio |     0.159590 |
|        Belief Visible Step Ratio |     0.765267 |
|   Belief Local Visible Pos Error |   666.153180 |
| Belief Local Invisible Pos Error |   871.215173 |
|     Belief Visible Obs Pos Error |     0.000182 |
