/home/pavt1024/vsn/mate/mate/environment.py:105: UserWarning: [33mWARN: Override configuration "reward_type" with `'dense'`.[0m
  gym.logger.warn(f'Override configuration "{prefix}{key}" with `{value!r}`.')
/home/pavt1024/vsn/mate/mate/environment.py:105: UserWarning: [33mWARN: Override configuration "shuffle_entities" with `False`.[0m
  gym.logger.warn(f'Override configuration "{prefix}{key}" with `{value!r}`.')
/home/pavt1024/vsn/mate/ray/tune/callback.py:236: FutureWarning: Please update `setup` method in callback `<class 'examples.utils.callbacks.WandbLoggerCallback'>` to match the method signature in `ray.tune.callback.Callback`.
  warnings.warn(
2026-08-25 19:30:26,647	INFO wandb.py:171 -- Already logged into W&B.
2026-08-25 19:30:32,635	INFO trial_runner.py:803 -- starting QPLEX_FOCUS_mate-qplex_focus.camera_c02f5_00000
wandb: WARNING `start_method` is deprecated and will be removed in a future version of wandb. This setting is currently non-functional and safely ignored.
[2m[36m(QPlexFocusTrainer pid=298033)[0m /home/pavt1024/vsn/mate/mate/environment.py:105: UserWarning: [33mWARN: Override configuration "reward_type" with `'dense'`.[0m
[2m[36m(QPlexFocusTrainer pid=298033)[0m   gym.logger.warn(f'Override configuration "{prefix}{key}" with `{value!r}`.')
[2m[36m(QPlexFocusTrainer pid=298033)[0m /home/pavt1024/vsn/mate/mate/environment.py:105: UserWarning: [33mWARN: Override configuration "shuffle_entities" with `False`.[0m
[2m[36m(QPlexFocusTrainer pid=298033)[0m   gym.logger.warn(f'Override configuration "{prefix}{key}" with `{value!r}`.')
[2m[36m(QPlexFocusTrainer pid=298033)[0m 2026-08-25 19:30:38,208	INFO simple_q.py:161 -- In multi-agent mode, policies will be optimized sequentially by the multi-GPU optimizer. Consider setting `simple_optimizer=True` if this doesn't work for you.
[2m[36m(QPlexFocusTrainer pid=298033)[0m 2026-08-25 19:30:38,208	INFO trainer.py:864 -- Current log_level is WARN. For more information, set 'log_level': 'INFO' / 'DEBUG' or use the -v and -vv flags.
[2m[36m(RolloutWorker pid=298128)[0m /home/pavt1024/vsn/mate/mate/environment.py:105: UserWarning: [33mWARN: Override configuration "reward_type" with `'dense'`.[0m
[2m[36m(RolloutWorker pid=298128)[0m   gym.logger.warn(f'Override configuration "{prefix}{key}" with `{value!r}`.')
[2m[36m(RolloutWorker pid=298128)[0m /home/pavt1024/vsn/mate/mate/environment.py:105: UserWarning: [33mWARN: Override configuration "shuffle_entities" with `False`.[0m
[2m[36m(RolloutWorker pid=298128)[0m   gym.logger.warn(f'Override configuration "{prefix}{key}" with `{value!r}`.')
2026-08-25 19:30:43,365	ERROR trial_runner.py:876 -- Trial QPLEX_FOCUS_mate-qplex_focus.camera_c02f5_00000: Error processing event.
NoneType: None
2026-08-25 19:30:43,370	INFO trial_runner.py:1239 -- Trial QPLEX_FOCUS_mate-qplex_focus.camera_c02f5_00000: Attempting to restore trial state from last checkpoint.
2026-08-25 19:30:43,390	ERROR ray_trial_executor.py:102 -- An exception occurred when trying to stop the Ray actor:Traceback (most recent call last):
  File "/home/pavt1024/vsn/mate/ray/tune/ray_trial_executor.py", line 93, in post_stop_cleanup
    ray.get(future, timeout=0)
  File "/home/pavt1024/vsn/mate/ray/_private/client_mode_hook.py", line 105, in wrapper
    return func(*args, **kwargs)
  File "/home/pavt1024/vsn/mate/ray/worker.py", line 1811, in get
    raise value
ray.exceptions.RayActorError: The actor died because of an error raised in its creation task, [36mray::QPlexFocusTrainer.__init__()[39m (pid=298033, ip=172.27.211.168, repr=QPlexFocusTrainer)
  File "/home/pavt1024/vsn/mate/ray/rllib/agents/trainer.py", line 1035, in _init
    raise NotImplementedError
NotImplementedError

During handling of the above exception, another exception occurred:

[36mray::QPlexFocusTrainer.__init__()[39m (pid=298033, ip=172.27.211.168, repr=QPlexFocusTrainer)
  File "/home/pavt1024/vsn/mate/ray/rllib/agents/trainer.py", line 830, in __init__
    super().__init__(
  File "/home/pavt1024/vsn/mate/ray/tune/trainable.py", line 149, in __init__
    self.setup(copy.deepcopy(self.config))
  File "/home/pavt1024/vsn/mate/ray/rllib/agents/trainer.py", line 911, in setup
    self.workers = WorkerSet(
  File "/home/pavt1024/vsn/mate/ray/rllib/evaluation/worker_set.py", line 134, in __init__
    remote_spaces = ray.get(
ray.exceptions.RayActorError: The actor died because of an error raised in its creation task, [36mray::RolloutWorker.__init__()[39m (pid=298128, ip=172.27.211.168, repr=<ray.rllib.evaluation.rollout_worker.RolloutWorker object at 0x72c40b18cd30>)
  File "/home/pavt1024/vsn/mate/ray/rllib/evaluation/rollout_worker.py", line 626, in __init__
    self._build_policy_map(
  File "/home/pavt1024/vsn/mate/ray/rllib/evaluation/rollout_worker.py", line 1713, in _build_policy_map
    preprocessor = ModelCatalog.get_preprocessor_for_space(
  File "/home/pavt1024/vsn/mate/ray/rllib/models/catalog.py", line 781, in get_preprocessor_for_space
    raise Exception(
Exception: Unknown config key `focus_bias_hidden_dim`, all keys: ['_use_default_native_models', '_disable_preprocessor_api', '_disable_action_flattening', 'fcnet_hiddens', 'fcnet_activation', 'conv_filters', 'conv_activation', 'post_fcnet_hiddens', 'post_fcnet_activation', 'free_log_std', 'no_final_linear', 'vf_share_layers', 'use_lstm', 'max_seq_len', 'lstm_cell_size', 'lstm_use_prev_action', 'lstm_use_prev_reward', '_time_major', 'use_attention', 'attention_num_transformer_units', 'attention_dim', 'attention_num_heads', 'attention_head_dim', 'attention_memory_inference', 'attention_memory_training', 'attention_position_wise_mlp_dim', 'attention_init_gru_gate_bias', 'attention_use_n_prev_actions', 'attention_use_n_prev_rewards', 'framestack', 'dim', 'grayscale', 'zero_mean', 'custom_model', 'custom_model_config', 'custom_action_dist', 'custom_preprocessor', 'lstm_use_prev_action_reward']

[2m[36m(QPlexFocusTrainer pid=298033)[0m 2026-08-25 19:30:43,348	ERROR worker.py:449 -- Exception raised in creation task: The actor died because of an error raised in its creation task, [36mray::QPlexFocusTrainer.__init__()[39m (pid=298033, ip=172.27.211.168, repr=QPlexFocusTrainer)
[2m[36m(QPlexFocusTrainer pid=298033)[0m   File "/home/pavt1024/vsn/mate/ray/rllib/agents/trainer.py", line 1035, in _init
[2m[36m(QPlexFocusTrainer pid=298033)[0m     raise NotImplementedError
[2m[36m(QPlexFocusTrainer pid=298033)[0m NotImplementedError
[2m[36m(QPlexFocusTrainer pid=298033)[0m 
[2m[36m(QPlexFocusTrainer pid=298033)[0m During handling of the above exception, another exception occurred:
[2m[36m(QPlexFocusTrainer pid=298033)[0m 
[2m[36m(QPlexFocusTrainer pid=298033)[0m [36mray::QPlexFocusTrainer.__init__()[39m (pid=298033, ip=172.27.211.168, repr=QPlexFocusTrainer)
[2m[36m(QPlexFocusTrainer pid=298033)[0m   File "/home/pavt1024/vsn/mate/ray/rllib/agents/trainer.py", line 830, in __init__
[2m[36m(QPlexFocusTrainer pid=298033)[0m     super().__init__(
[2m[36m(QPlexFocusTrainer pid=298033)[0m   File "/home/pavt1024/vsn/mate/ray/tune/trainable.py", line 149, in __init__
[2m[36m(QPlexFocusTrainer pid=298033)[0m     self.setup(copy.deepcopy(self.config))
[2m[36m(QPlexFocusTrainer pid=298033)[0m   File "/home/pavt1024/vsn/mate/ray/rllib/agents/trainer.py", line 911, in setup
[2m[36m(QPlexFocusTrainer pid=298033)[0m     self.workers = WorkerSet(
[2m[36m(QPlexFocusTrainer pid=298033)[0m   File "/home/pavt1024/vsn/mate/ray/rllib/evaluation/worker_set.py", line 134, in __init__
[2m[36m(QPlexFocusTrainer pid=298033)[0m     remote_spaces = ray.get(
[2m[36m(QPlexFocusTrainer pid=298033)[0m ray.exceptions.RayActorError: The actor died because of an error raised in its creation task, [36mray::RolloutWorker.__init__()[39m (pid=298128, ip=172.27.211.168, repr=<ray.rllib.evaluation.rollout_worker.RolloutWorker object at 0x72c40b18cd30>)
[2m[36m(QPlexFocusTrainer pid=298033)[0m   File "/home/pavt1024/vsn/mate/ray/rllib/evaluation/rollout_worker.py", line 626, in __init__
[2m[36m(QPlexFocusTrainer pid=298033)[0m     self._build_policy_map(
[2m[36m(QPlexFocusTrainer pid=298033)[0m   File "/home/pavt1024/vsn/mate/ray/rllib/evaluation/rollout_worker.py", line 1713, in _build_policy_map
[2m[36m(QPlexFocusTrainer pid=298033)[0m     preprocessor = ModelCatalog.get_preprocessor_for_space(
[2m[36m(QPlexFocusTrainer pid=298033)[0m   File "/home/pavt1024/vsn/mate/ray/rllib/models/catalog.py", line 781, in get_preprocessor_for_space
[2m[36m(QPlexFocusTrainer pid=298033)[0m     raise Exception(
[2m[36m(QPlexFocusTrainer pid=298033)[0m Exception: Unknown config key `focus_bias_hidden_dim`, all keys: ['_use_default_native_models', '_disable_preprocessor_api', '_disable_action_flattening', 'fcnet_hiddens', 'fcnet_activation', 'conv_filters', 'conv_activation', 'post_fcnet_hiddens', 'post_fcnet_activation', 'free_log_std', 'no_final_linear', 'vf_share_layers', 'use_lstm', 'max_seq_len', 'lstm_cell_size', 'lstm_use_prev_action', 'lstm_use_prev_reward', '_time_major', 'use_attention', 'attention_num_transformer_units', 'attention_dim', 'attention_num_heads', 'attention_head_dim', 'attention_memory_inference', 'attention_memory_training', 'attention_position_wise_mlp_dim', 'attention_init_gru_gate_bias', 'attention_use_n_prev_actions', 'attention_use_n_prev_rewards', 'framestack', 'dim', 'grayscale', 'zero_mean', 'custom_model', 'custom_model_config', 'custom_action_dist', 'custom_preprocessor', 'lstm_use_prev_action_reward']
[2m[36m(RolloutWorker pid=298128)[0m 2026-08-25 19:30:43,334	ERROR worker.py:449 -- Exception raised in creation task: The actor died because of an error raised in its creation task, [36mray::RolloutWorker.__init__()[39m (pid=298128, ip=172.27.211.168, repr=<ray.rllib.evaluation.rollout_worker.RolloutWorker object at 0x72c40b18cd30>)
[2m[36m(RolloutWorker pid=298128)[0m   File "/home/pavt1024/vsn/mate/ray/rllib/evaluation/rollout_worker.py", line 626, in __init__
[2m[36m(RolloutWorker pid=298128)[0m     self._build_policy_map(
[2m[36m(RolloutWorker pid=298128)[0m   File "/home/pavt1024/vsn/mate/ray/rllib/evaluation/rollout_worker.py", line 1713, in _build_policy_map
[2m[36m(RolloutWorker pid=298128)[0m     preprocessor = ModelCatalog.get_preprocessor_for_space(
[2m[36m(RolloutWorker pid=298128)[0m   File "/home/pavt1024/vsn/mate/ray/rllib/models/catalog.py", line 781, in get_preprocessor_for_space
[2m[36m(RolloutWorker pid=298128)[0m     raise Exception(
[2m[36m(RolloutWorker pid=298128)[0m Exception: Unknown config key `focus_bias_hidden_dim`, all keys: ['_use_default_native_models', '_disable_preprocessor_api', '_disable_action_flattening', 'fcnet_hiddens', 'fcnet_activation', 'conv_filters', 'conv_activation', 'post_fcnet_hiddens', 'post_fcnet_activation', 'free_log_std', 'no_final_linear', 'vf_share_layers', 'use_lstm', 'max_seq_len', 'lstm_cell_size', 'lstm_use_prev_action', 'lstm_use_prev_reward', '_time_major', 'use_attention', 'attention_num_transformer_units', 'attention_dim', 'attention_num_heads', 'attention_head_dim', 'attention_memory_inference', 'attention_memory_training', 'attention_position_wise_mlp_dim', 'attention_init_gru_gate_bias', 'attention_use_n_prev_actions', 'attention_use_n_prev_rewards', 'framestack', 'dim', 'grayscale', 'zero_mean', 'custom_model', 'custom_model_config', 'custom_action_dist', 'custom_preprocessor', 'lstm_use_prev_action_reward']
2026-08-25 19:30:44,130	INFO trial_runner.py:803 -- starting QPLEX_FOCUS_mate-qplex_focus.camera_c02f5_00000
wandb: WARNING `start_method` is deprecated and will be removed in a future version of wandb. This setting is currently non-functional and safely ignored.
[2m[36m(QPlexFocusTrainer pid=298195)[0m /home/pavt1024/vsn/mate/mate/environment.py:105: UserWarning: [33mWARN: Override configuration "reward_type" with `'dense'`.[0m
[2m[36m(QPlexFocusTrainer pid=298195)[0m   gym.logger.warn(f'Override configuration "{prefix}{key}" with `{value!r}`.')
[2m[36m(QPlexFocusTrainer pid=298195)[0m /home/pavt1024/vsn/mate/mate/environment.py:105: UserWarning: [33mWARN: Override configuration "shuffle_entities" with `False`.[0m
[2m[36m(QPlexFocusTrainer pid=298195)[0m   gym.logger.warn(f'Override configuration "{prefix}{key}" with `{value!r}`.')
[2m[36m(QPlexFocusTrainer pid=298195)[0m 2026-08-25 19:30:48,926	INFO simple_q.py:161 -- In multi-agent mode, policies will be optimized sequentially by the multi-GPU optimizer. Consider setting `simple_optimizer=True` if this doesn't work for you.
[2m[36m(QPlexFocusTrainer pid=298195)[0m 2026-08-25 19:30:48,926	INFO trainer.py:864 -- Current log_level is WARN. For more information, set 'log_level': 'INFO' / 'DEBUG' or use the -v and -vv flags.
[2m[36m(RolloutWorker pid=298240)[0m /home/pavt1024/vsn/mate/mate/environment.py:105: UserWarning: [33mWARN: Override configuration "reward_type" with `'dense'`.[0m
[2m[36m(RolloutWorker pid=298240)[0m   gym.logger.warn(f'Override configuration "{prefix}{key}" with `{value!r}`.')
[2m[36m(RolloutWorker pid=298240)[0m /home/pavt1024/vsn/mate/mate/environment.py:105: UserWarning: [33mWARN: Override configuration "shuffle_entities" with `False`.[0m
[2m[36m(RolloutWorker pid=298240)[0m   gym.logger.warn(f'Override configuration "{prefix}{key}" with `{value!r}`.')
2026-08-25 19:30:54,120	ERROR trial_runner.py:876 -- Trial QPLEX_FOCUS_mate-qplex_focus.camera_c02f5_00000: Error processing event.
NoneType: None
2026-08-25 19:30:54,123	INFO trial_runner.py:1239 -- Trial QPLEX_FOCUS_mate-qplex_focus.camera_c02f5_00000: Attempting to restore trial state from last checkpoint.
[2m[36m(QPlexFocusTrainer pid=298195)[0m 2026-08-25 19:30:54,106	ERROR worker.py:449 -- Exception raised in creation task: The actor died because of an error raised in its creation task, [36mray::QPlexFocusTrainer.__init__()[39m (pid=298195, ip=172.27.211.168, repr=QPlexFocusTrainer)
[2m[36m(QPlexFocusTrainer pid=298195)[0m   File "/home/pavt1024/vsn/mate/ray/rllib/agents/trainer.py", line 1035, in _init
[2m[36m(QPlexFocusTrainer pid=298195)[0m     raise NotImplementedError
[2m[36m(QPlexFocusTrainer pid=298195)[0m NotImplementedError
[2m[36m(QPlexFocusTrainer pid=298195)[0m 
[2m[36m(QPlexFocusTrainer pid=298195)[0m During handling of the above exception, another exception occurred:
[2m[36m(QPlexFocusTrainer pid=298195)[0m 
[2m[36m(QPlexFocusTrainer pid=298195)[0m [36mray::QPlexFocusTrainer.__init__()[39m (pid=298195, ip=172.27.211.168, repr=QPlexFocusTrainer)
[2m[36m(QPlexFocusTrainer pid=298195)[0m   File "/home/pavt1024/vsn/mate/ray/rllib/agents/trainer.py", line 830, in __init__
[2m[36m(QPlexFocusTrainer pid=298195)[0m     super().__init__(
[2m[36m(QPlexFocusTrainer pid=298195)[0m   File "/home/pavt1024/vsn/mate/ray/tune/trainable.py", line 149, in __init__
[2m[36m(QPlexFocusTrainer pid=298195)[0m     self.setup(copy.deepcopy(self.config))
[2m[36m(QPlexFocusTrainer pid=298195)[0m   File "/home/pavt1024/vsn/mate/ray/rllib/agents/trainer.py", line 911, in setup
[2m[36m(QPlexFocusTrainer pid=298195)[0m     self.workers = WorkerSet(
[2m[36m(QPlexFocusTrainer pid=298195)[0m   File "/home/pavt1024/vsn/mate/ray/rllib/evaluation/worker_set.py", line 134, in __init__
[2m[36m(QPlexFocusTrainer pid=298195)[0m     remote_spaces = ray.get(
[2m[36m(QPlexFocusTrainer pid=298195)[0m ray.exceptions.RayActorError: The actor died because of an error raised in its creation task, [36mray::RolloutWorker.__init__()[39m (pid=298240, ip=172.27.211.168, repr=<ray.rllib.evaluation.rollout_worker.RolloutWorker object at 0x7996e83b5d30>)
[2m[36m(QPlexFocusTrainer pid=298195)[0m   File "/home/pavt1024/vsn/mate/ray/rllib/evaluation/rollout_worker.py", line 626, in __init__
[2m[36m(QPlexFocusTrainer pid=298195)[0m     self._build_policy_map(
[2m[36m(QPlexFocusTrainer pid=298195)[0m   File "/home/pavt1024/vsn/mate/ray/rllib/evaluation/rollout_worker.py", line 1713, in _build_policy_map
[2m[36m(QPlexFocusTrainer pid=298195)[0m     preprocessor = ModelCatalog.get_preprocessor_for_space(
[2m[36m(QPlexFocusTrainer pid=298195)[0m   File "/home/pavt1024/vsn/mate/ray/rllib/models/catalog.py", line 781, in get_preprocessor_for_space
[2m[36m(QPlexFocusTrainer pid=298195)[0m     raise Exception(
[2m[36m(QPlexFocusTrainer pid=298195)[0m Exception: Unknown config key `focus_bias_hidden_dim`, all keys: ['_use_default_native_models', '_disable_preprocessor_api', '_disable_action_flattening', 'fcnet_hiddens', 'fcnet_activation', 'conv_filters', 'conv_activation', 'post_fcnet_hiddens', 'post_fcnet_activation', 'free_log_std', 'no_final_linear', 'vf_share_layers', 'use_lstm', 'max_seq_len', 'lstm_cell_size', 'lstm_use_prev_action', 'lstm_use_prev_reward', '_time_major', 'use_attention', 'attention_num_transformer_units', 'attention_dim', 'attention_num_heads', 'attention_head_dim', 'attention_memory_inference', 'attention_memory_training', 'attention_position_wise_mlp_dim', 'attention_init_gru_gate_bias', 'attention_use_n_prev_actions', 'attention_use_n_prev_rewards', 'framestack', 'dim', 'grayscale', 'zero_mean', 'custom_model', 'custom_model_config', 'custom_action_dist', 'custom_preprocessor', 'lstm_use_prev_action_reward']
[2m[36m(RolloutWorker pid=298240)[0m 2026-08-25 19:30:54,098	ERROR worker.py:449 -- Exception raised in creation task: The actor died because of an error raised in its creation task, [36mray::RolloutWorker.__init__()[39m (pid=298240, ip=172.27.211.168, repr=<ray.rllib.evaluation.rollout_worker.RolloutWorker object at 0x7996e83b5d30>)
[2m[36m(RolloutWorker pid=298240)[0m   File "/home/pavt1024/vsn/mate/ray/rllib/evaluation/rollout_worker.py", line 626, in __init__
[2m[36m(RolloutWorker pid=298240)[0m     self._build_policy_map(
[2m[36m(RolloutWorker pid=298240)[0m   File "/home/pavt1024/vsn/mate/ray/rllib/evaluation/rollout_worker.py", line 1713, in _build_policy_map
[2m[36m(RolloutWorker pid=298240)[0m     preprocessor = ModelCatalog.get_preprocessor_for_space(
[2m[36m(RolloutWorker pid=298240)[0m   File "/home/pavt1024/vsn/mate/ray/rllib/models/catalog.py", line 781, in get_preprocessor_for_space
[2m[36m(RolloutWorker pid=298240)[0m     raise Exception(
[2m[36m(RolloutWorker pid=298240)[0m Exception: Unknown config key `focus_bias_hidden_dim`, all keys: ['_use_default_native_models', '_disable_preprocessor_api', '_disable_action_flattening', 'fcnet_hiddens', 'fcnet_activation', 'conv_filters', 'conv_activation', 'post_fcnet_hiddens', 'post_fcnet_activation', 'free_log_std', 'no_final_linear', 'vf_share_layers', 'use_lstm', 'max_seq_len', 'lstm_cell_size', 'lstm_use_prev_action', 'lstm_use_prev_reward', '_time_major', 'use_attention', 'attention_num_transformer_units', 'attention_dim', 'attention_num_heads', 'attention_head_dim', 'attention_memory_inference', 'attention_memory_training', 'attention_position_wise_mlp_dim', 'attention_init_gru_gate_bias', 'attention_use_n_prev_actions', 'attention_use_n_prev_rewards', 'framestack', 'dim', 'grayscale', 'zero_mean', 'custom_model', 'custom_model_config', 'custom_action_dist', 'custom_preprocessor', 'lstm_use_prev_action_reward']
2026-08-25 19:30:55,114	INFO trial_runner.py:803 -- starting QPLEX_FOCUS_mate-qplex_focus.camera_c02f5_00000
wandb: WARNING `start_method` is deprecated and will be removed in a future version of wandb. This setting is currently non-functional and safely ignored.
[2m[36m(QPlexFocusTrainer pid=298276)[0m /home/pavt1024/vsn/mate/mate/environment.py:105: UserWarning: [33mWARN: Override configuration "reward_type" with `'dense'`.[0m
[2m[36m(QPlexFocusTrainer pid=298276)[0m   gym.logger.warn(f'Override configuration "{prefix}{key}" with `{value!r}`.')
[2m[36m(QPlexFocusTrainer pid=298276)[0m /home/pavt1024/vsn/mate/mate/environment.py:105: UserWarning: [33mWARN: Override configuration "shuffle_entities" with `False`.[0m
[2m[36m(QPlexFocusTrainer pid=298276)[0m   gym.logger.warn(f'Override configuration "{prefix}{key}" with `{value!r}`.')
[2m[36m(QPlexFocusTrainer pid=298276)[0m 2026-08-25 19:30:59,588	INFO simple_q.py:161 -- In multi-agent mode, policies will be optimized sequentially by the multi-GPU optimizer. Consider setting `simple_optimizer=True` if this doesn't work for you.
[2m[36m(QPlexFocusTrainer pid=298276)[0m 2026-08-25 19:30:59,588	INFO trainer.py:864 -- Current log_level is WARN. For more information, set 'log_level': 'INFO' / 'DEBUG' or use the -v and -vv flags.
[2m[36m(RolloutWorker pid=298321)[0m /home/pavt1024/vsn/mate/mate/environment.py:105: UserWarning: [33mWARN: Override configuration "reward_type" with `'dense'`.[0m
[2m[36m(RolloutWorker pid=298321)[0m   gym.logger.warn(f'Override configuration "{prefix}{key}" with `{value!r}`.')
[2m[36m(RolloutWorker pid=298321)[0m /home/pavt1024/vsn/mate/mate/environment.py:105: UserWarning: [33mWARN: Override configuration "shuffle_entities" with `False`.[0m
[2m[36m(RolloutWorker pid=298321)[0m   gym.logger.warn(f'Override configuration "{prefix}{key}" with `{value!r}`.')
[2m[36m(RolloutWorker pid=298321)[0m 2026-08-25 19:31:04,933	ERROR worker.py:449 -- Exception raised in creation task: The actor died because of an error raised in its creation task, [36mray::RolloutWorker.__init__()[39m (pid=298321, ip=172.27.211.168, repr=<ray.rllib.evaluation.rollout_worker.RolloutWorker object at 0x7a84cf1b6d30>)
[2m[36m(RolloutWorker pid=298321)[0m   File "/home/pavt1024/vsn/mate/ray/rllib/evaluation/rollout_worker.py", line 626, in __init__
[2m[36m(RolloutWorker pid=298321)[0m     self._build_policy_map(
[2m[36m(RolloutWorker pid=298321)[0m   File "/home/pavt1024/vsn/mate/ray/rllib/evaluation/rollout_worker.py", line 1713, in _build_policy_map
[2m[36m(RolloutWorker pid=298321)[0m     preprocessor = ModelCatalog.get_preprocessor_for_space(
[2m[36m(RolloutWorker pid=298321)[0m   File "/home/pavt1024/vsn/mate/ray/rllib/models/catalog.py", line 781, in get_preprocessor_for_space
[2m[36m(RolloutWorker pid=298321)[0m     raise Exception(
[2m[36m(RolloutWorker pid=298321)[0m Exception: Unknown config key `focus_bias_hidden_dim`, all keys: ['_use_default_native_models', '_disable_preprocessor_api', '_disable_action_flattening', 'fcnet_hiddens', 'fcnet_activation', 'conv_filters', 'conv_activation', 'post_fcnet_hiddens', 'post_fcnet_activation', 'free_log_std', 'no_final_linear', 'vf_share_layers', 'use_lstm', 'max_seq_len', 'lstm_cell_size', 'lstm_use_prev_action', 'lstm_use_prev_reward', '_time_major', 'use_attention', 'attention_num_transformer_units', 'attention_dim', 'attention_num_heads', 'attention_head_dim', 'attention_memory_inference', 'attention_memory_training', 'attention_position_wise_mlp_dim', 'attention_init_gru_gate_bias', 'attention_use_n_prev_actions', 'attention_use_n_prev_rewards', 'framestack', 'dim', 'grayscale', 'zero_mean', 'custom_model', 'custom_model_config', 'custom_action_dist', 'custom_preprocessor', 'lstm_use_prev_action_reward']
2026-08-25 19:31:04,958	ERROR trial_runner.py:876 -- Trial QPLEX_FOCUS_mate-qplex_focus.camera_c02f5_00000: Error processing event.
NoneType: None
2026-08-25 19:31:04,961	INFO trial_runner.py:1239 -- Trial QPLEX_FOCUS_mate-qplex_focus.camera_c02f5_00000: Attempting to restore trial state from last checkpoint.
[2m[36m(QPlexFocusTrainer pid=298276)[0m 2026-08-25 19:31:04,944	ERROR worker.py:449 -- Exception raised in creation task: The actor died because of an error raised in its creation task, [36mray::QPlexFocusTrainer.__init__()[39m (pid=298276, ip=172.27.211.168, repr=QPlexFocusTrainer)
[2m[36m(QPlexFocusTrainer pid=298276)[0m   File "/home/pavt1024/vsn/mate/ray/rllib/agents/trainer.py", line 1035, in _init
[2m[36m(QPlexFocusTrainer pid=298276)[0m     raise NotImplementedError
[2m[36m(QPlexFocusTrainer pid=298276)[0m NotImplementedError
[2m[36m(QPlexFocusTrainer pid=298276)[0m 
[2m[36m(QPlexFocusTrainer pid=298276)[0m During handling of the above exception, another exception occurred:
[2m[36m(QPlexFocusTrainer pid=298276)[0m 
[2m[36m(QPlexFocusTrainer pid=298276)[0m [36mray::QPlexFocusTrainer.__init__()[39m (pid=298276, ip=172.27.211.168, repr=QPlexFocusTrainer)
[2m[36m(QPlexFocusTrainer pid=298276)[0m   File "/home/pavt1024/vsn/mate/ray/rllib/agents/trainer.py", line 830, in __init__
[2m[36m(QPlexFocusTrainer pid=298276)[0m     super().__init__(
[2m[36m(QPlexFocusTrainer pid=298276)[0m   File "/home/pavt1024/vsn/mate/ray/tune/trainable.py", line 149, in __init__
[2m[36m(QPlexFocusTrainer pid=298276)[0m     self.setup(copy.deepcopy(self.config))
[2m[36m(QPlexFocusTrainer pid=298276)[0m   File "/home/pavt1024/vsn/mate/ray/rllib/agents/trainer.py", line 911, in setup
[2m[36m(QPlexFocusTrainer pid=298276)[0m     self.workers = WorkerSet(
[2m[36m(QPlexFocusTrainer pid=298276)[0m   File "/home/pavt1024/vsn/mate/ray/rllib/evaluation/worker_set.py", line 134, in __init__
[2m[36m(QPlexFocusTrainer pid=298276)[0m     remote_spaces = ray.get(
[2m[36m(QPlexFocusTrainer pid=298276)[0m ray.exceptions.RayActorError: The actor died because of an error raised in its creation task, [36mray::RolloutWorker.__init__()[39m (pid=298321, ip=172.27.211.168, repr=<ray.rllib.evaluation.rollout_worker.RolloutWorker object at 0x7a84cf1b6d30>)
[2m[36m(QPlexFocusTrainer pid=298276)[0m   File "/home/pavt1024/vsn/mate/ray/rllib/evaluation/rollout_worker.py", line 626, in __init__
[2m[36m(QPlexFocusTrainer pid=298276)[0m     self._build_policy_map(
[2m[36m(QPlexFocusTrainer pid=298276)[0m   File "/home/pavt1024/vsn/mate/ray/rllib/evaluation/rollout_worker.py", line 1713, in _build_policy_map
[2m[36m(QPlexFocusTrainer pid=298276)[0m     preprocessor = ModelCatalog.get_preprocessor_for_space(
[2m[36m(QPlexFocusTrainer pid=298276)[0m   File "/home/pavt1024/vsn/mate/ray/rllib/models/catalog.py", line 781, in get_preprocessor_for_space
[2m[36m(QPlexFocusTrainer pid=298276)[0m     raise Exception(
[2m[36m(QPlexFocusTrainer pid=298276)[0m Exception: Unknown config key `focus_bias_hidden_dim`, all keys: ['_use_default_native_models', '_disable_preprocessor_api', '_disable_action_flattening', 'fcnet_hiddens', 'fcnet_activation', 'conv_filters', 'conv_activation', 'post_fcnet_hiddens', 'post_fcnet_activation', 'free_log_std', 'no_final_linear', 'vf_share_layers', 'use_lstm', 'max_seq_len', 'lstm_cell_size', 'lstm_use_prev_action', 'lstm_use_prev_reward', '_time_major', 'use_attention', 'attention_num_transformer_units', 'attention_dim', 'attention_num_heads', 'attention_head_dim', 'attention_memory_inference', 'attention_memory_training', 'attention_position_wise_mlp_dim', 'attention_init_gru_gate_bias', 'attention_use_n_prev_actions', 'attention_use_n_prev_rewards', 'framestack', 'dim', 'grayscale', 'zero_mean', 'custom_model', 'custom_model_config', 'custom_action_dist', 'custom_preprocessor', 'lstm_use_prev_action_reward']
2026-08-25 19:31:05,115	INFO trial_runner.py:803 -- starting QPLEX_FOCUS_mate-qplex_focus.camera_c02f5_00000
wandb: WARNING `start_method` is deprecated and will be removed in a future version of wandb. This setting is currently non-functional and safely ignored.
[2m[36m(QPlexFocusTrainer pid=298356)[0m /home/pavt1024/vsn/mate/mate/environment.py:105: UserWarning: [33mWARN: Override configuration "reward_type" with `'dense'`.[0m
[2m[36m(QPlexFocusTrainer pid=298356)[0m   gym.logger.warn(f'Override configuration "{prefix}{key}" with `{value!r}`.')
[2m[36m(QPlexFocusTrainer pid=298356)[0m /home/pavt1024/vsn/mate/mate/environment.py:105: UserWarning: [33mWARN: Override configuration "shuffle_entities" with `False`.[0m
[2m[36m(QPlexFocusTrainer pid=298356)[0m   gym.logger.warn(f'Override configuration "{prefix}{key}" with `{value!r}`.')
[2m[36m(QPlexFocusTrainer pid=298356)[0m 2026-08-25 19:31:09,525	INFO simple_q.py:161 -- In multi-agent mode, policies will be optimized sequentially by the multi-GPU optimizer. Consider setting `simple_optimizer=True` if this doesn't work for you.
[2m[36m(QPlexFocusTrainer pid=298356)[0m 2026-08-25 19:31:09,526	INFO trainer.py:864 -- Current log_level is WARN. For more information, set 'log_level': 'INFO' / 'DEBUG' or use the -v and -vv flags.
[2m[36m(RolloutWorker pid=298402)[0m /home/pavt1024/vsn/mate/mate/environment.py:105: UserWarning: [33mWARN: Override configuration "reward_type" with `'dense'`.[0m
[2m[36m(RolloutWorker pid=298402)[0m   gym.logger.warn(f'Override configuration "{prefix}{key}" with `{value!r}`.')
[2m[36m(RolloutWorker pid=298402)[0m /home/pavt1024/vsn/mate/mate/environment.py:105: UserWarning: [33mWARN: Override configuration "shuffle_entities" with `False`.[0m
[2m[36m(RolloutWorker pid=298402)[0m   gym.logger.warn(f'Override configuration "{prefix}{key}" with `{value!r}`.')
2026-08-25 19:31:14,843	ERROR trial_runner.py:876 -- Trial QPLEX_FOCUS_mate-qplex_focus.camera_c02f5_00000: Error processing event.
NoneType: None
2026-08-25 19:31:14,849	INFO trial_runner.py:1239 -- Trial QPLEX_FOCUS_mate-qplex_focus.camera_c02f5_00000: Attempting to restore trial state from last checkpoint.
[2m[36m(QPlexFocusTrainer pid=298356)[0m 2026-08-25 19:31:14,820	ERROR worker.py:449 -- Exception raised in creation task: The actor died because of an error raised in its creation task, [36mray::QPlexFocusTrainer.__init__()[39m (pid=298356, ip=172.27.211.168, repr=QPlexFocusTrainer)
[2m[36m(QPlexFocusTrainer pid=298356)[0m   File "/home/pavt1024/vsn/mate/ray/rllib/agents/trainer.py", line 1035, in _init
[2m[36m(QPlexFocusTrainer pid=298356)[0m     raise NotImplementedError
[2m[36m(QPlexFocusTrainer pid=298356)[0m NotImplementedError
[2m[36m(QPlexFocusTrainer pid=298356)[0m 
[2m[36m(QPlexFocusTrainer pid=298356)[0m During handling of the above exception, another exception occurred:
[2m[36m(QPlexFocusTrainer pid=298356)[0m 
[2m[36m(QPlexFocusTrainer pid=298356)[0m [36mray::QPlexFocusTrainer.__init__()[39m (pid=298356, ip=172.27.211.168, repr=QPlexFocusTrainer)
[2m[36m(QPlexFocusTrainer pid=298356)[0m   File "/home/pavt1024/vsn/mate/ray/rllib/agents/trainer.py", line 830, in __init__
[2m[36m(QPlexFocusTrainer pid=298356)[0m     super().__init__(
[2m[36m(QPlexFocusTrainer pid=298356)[0m   File "/home/pavt1024/vsn/mate/ray/tune/trainable.py", line 149, in __init__
[2m[36m(QPlexFocusTrainer pid=298356)[0m     self.setup(copy.deepcopy(self.config))
[2m[36m(QPlexFocusTrainer pid=298356)[0m   File "/home/pavt1024/vsn/mate/ray/rllib/agents/trainer.py", line 911, in setup
[2m[36m(QPlexFocusTrainer pid=298356)[0m     self.workers = WorkerSet(
[2m[36m(QPlexFocusTrainer pid=298356)[0m   File "/home/pavt1024/vsn/mate/ray/rllib/evaluation/worker_set.py", line 134, in __init__
[2m[36m(QPlexFocusTrainer pid=298356)[0m     remote_spaces = ray.get(
[2m[36m(QPlexFocusTrainer pid=298356)[0m ray.exceptions.RayActorError: The actor died because of an error raised in its creation task, [36mray::RolloutWorker.__init__()[39m (pid=298402, ip=172.27.211.168, repr=<ray.rllib.evaluation.rollout_worker.RolloutWorker object at 0x77f7c9ce9d30>)
[2m[36m(QPlexFocusTrainer pid=298356)[0m   File "/home/pavt1024/vsn/mate/ray/rllib/evaluation/rollout_worker.py", line 626, in __init__
[2m[36m(QPlexFocusTrainer pid=298356)[0m     self._build_policy_map(
[2m[36m(QPlexFocusTrainer pid=298356)[0m   File "/home/pavt1024/vsn/mate/ray/rllib/evaluation/rollout_worker.py", line 1713, in _build_policy_map
[2m[36m(QPlexFocusTrainer pid=298356)[0m     preprocessor = ModelCatalog.get_preprocessor_for_space(
[2m[36m(QPlexFocusTrainer pid=298356)[0m   File "/home/pavt1024/vsn/mate/ray/rllib/models/catalog.py", line 781, in get_preprocessor_for_space
[2m[36m(QPlexFocusTrainer pid=298356)[0m     raise Exception(
[2m[36m(QPlexFocusTrainer pid=298356)[0m Exception: Unknown config key `focus_bias_hidden_dim`, all keys: ['_use_default_native_models', '_disable_preprocessor_api', '_disable_action_flattening', 'fcnet_hiddens', 'fcnet_activation', 'conv_filters', 'conv_activation', 'post_fcnet_hiddens', 'post_fcnet_activation', 'free_log_std', 'no_final_linear', 'vf_share_layers', 'use_lstm', 'max_seq_len', 'lstm_cell_size', 'lstm_use_prev_action', 'lstm_use_prev_reward', '_time_major', 'use_attention', 'attention_num_transformer_units', 'attention_dim', 'attention_num_heads', 'attention_head_dim', 'attention_memory_inference', 'attention_memory_training', 'attention_position_wise_mlp_dim', 'attention_init_gru_gate_bias', 'attention_use_n_prev_actions', 'attention_use_n_prev_rewards', 'framestack', 'dim', 'grayscale', 'zero_mean', 'custom_model', 'custom_model_config', 'custom_action_dist', 'custom_preprocessor', 'lstm_use_prev_action_reward']
[2m[36m(RolloutWorker pid=298402)[0m 2026-08-25 19:31:14,806	ERROR worker.py:449 -- Exception raised in creation task: The actor died because of an error raised in its creation task, [36mray::RolloutWorker.__init__()[39m (pid=298402, ip=172.27.211.168, repr=<ray.rllib.evaluation.rollout_worker.RolloutWorker object at 0x77f7c9ce9d30>)
[2m[36m(RolloutWorker pid=298402)[0m   File "/home/pavt1024/vsn/mate/ray/rllib/evaluation/rollout_worker.py", line 626, in __init__
[2m[36m(RolloutWorker pid=298402)[0m     self._build_policy_map(
[2m[36m(RolloutWorker pid=298402)[0m   File "/home/pavt1024/vsn/mate/ray/rllib/evaluation/rollout_worker.py", line 1713, in _build_policy_map
[2m[36m(RolloutWorker pid=298402)[0m     preprocessor = ModelCatalog.get_preprocessor_for_space(
[2m[36m(RolloutWorker pid=298402)[0m   File "/home/pavt1024/vsn/mate/ray/rllib/models/catalog.py", line 781, in get_preprocessor_for_space
[2m[36m(RolloutWorker pid=298402)[0m     raise Exception(
[2m[36m(RolloutWorker pid=298402)[0m Exception: Unknown config key `focus_bias_hidden_dim`, all keys: ['_use_default_native_models', '_disable_preprocessor_api', '_disable_action_flattening', 'fcnet_hiddens', 'fcnet_activation', 'conv_filters', 'conv_activation', 'post_fcnet_hiddens', 'post_fcnet_activation', 'free_log_std', 'no_final_linear', 'vf_share_layers', 'use_lstm', 'max_seq_len', 'lstm_cell_size', 'lstm_use_prev_action', 'lstm_use_prev_reward', '_time_major', 'use_attention', 'attention_num_transformer_units', 'attention_dim', 'attention_num_heads', 'attention_head_dim', 'attention_memory_inference', 'attention_memory_training', 'attention_position_wise_mlp_dim', 'attention_init_gru_gate_bias', 'attention_use_n_prev_actions', 'attention_use_n_prev_rewards', 'framestack', 'dim', 'grayscale', 'zero_mean', 'custom_model', 'custom_model_config', 'custom_action_dist', 'custom_preprocessor', 'lstm_use_prev_action_reward']
2026-08-25 19:31:15,120	INFO trial_runner.py:803 -- starting QPLEX_FOCUS_mate-qplex_focus.camera_c02f5_00000
wandb: WARNING `start_method` is deprecated and will be removed in a future version of wandb. This setting is currently non-functional and safely ignored.
[2m[36m(QPlexFocusTrainer pid=298454)[0m /home/pavt1024/vsn/mate/mate/environment.py:105: UserWarning: [33mWARN: Override configuration "reward_type" with `'dense'`.[0m
[2m[36m(QPlexFocusTrainer pid=298454)[0m   gym.logger.warn(f'Override configuration "{prefix}{key}" with `{value!r}`.')
[2m[36m(QPlexFocusTrainer pid=298454)[0m /home/pavt1024/vsn/mate/mate/environment.py:105: UserWarning: [33mWARN: Override configuration "shuffle_entities" with `False`.[0m
[2m[36m(QPlexFocusTrainer pid=298454)[0m   gym.logger.warn(f'Override configuration "{prefix}{key}" with `{value!r}`.')
[2m[36m(QPlexFocusTrainer pid=298454)[0m 2026-08-25 19:31:19,545	INFO simple_q.py:161 -- In multi-agent mode, policies will be optimized sequentially by the multi-GPU optimizer. Consider setting `simple_optimizer=True` if this doesn't work for you.
[2m[36m(QPlexFocusTrainer pid=298454)[0m 2026-08-25 19:31:19,546	INFO trainer.py:864 -- Current log_level is WARN. For more information, set 'log_level': 'INFO' / 'DEBUG' or use the -v and -vv flags.
[2m[36m(RolloutWorker pid=298514)[0m /home/pavt1024/vsn/mate/mate/environment.py:105: UserWarning: [33mWARN: Override configuration "reward_type" with `'dense'`.[0m
[2m[36m(RolloutWorker pid=298514)[0m   gym.logger.warn(f'Override configuration "{prefix}{key}" with `{value!r}`.')
[2m[36m(RolloutWorker pid=298514)[0m /home/pavt1024/vsn/mate/mate/environment.py:105: UserWarning: [33mWARN: Override configuration "shuffle_entities" with `False`.[0m
[2m[36m(RolloutWorker pid=298514)[0m   gym.logger.warn(f'Override configuration "{prefix}{key}" with `{value!r}`.')
2026-08-25 19:31:24,495	ERROR trial_runner.py:876 -- Trial QPLEX_FOCUS_mate-qplex_focus.camera_c02f5_00000: Error processing event.
NoneType: None
2026-08-25 19:31:24,499	INFO trial_runner.py:1239 -- Trial QPLEX_FOCUS_mate-qplex_focus.camera_c02f5_00000: Attempting to restore trial state from last checkpoint.
[2m[36m(QPlexFocusTrainer pid=298454)[0m 2026-08-25 19:31:24,482	ERROR worker.py:449 -- Exception raised in creation task: The actor died because of an error raised in its creation task, [36mray::QPlexFocusTrainer.__init__()[39m (pid=298454, ip=172.27.211.168, repr=QPlexFocusTrainer)
[2m[36m(QPlexFocusTrainer pid=298454)[0m   File "/home/pavt1024/vsn/mate/ray/rllib/agents/trainer.py", line 1035, in _init
[2m[36m(QPlexFocusTrainer pid=298454)[0m     raise NotImplementedError
[2m[36m(QPlexFocusTrainer pid=298454)[0m NotImplementedError
[2m[36m(QPlexFocusTrainer pid=298454)[0m 
[2m[36m(QPlexFocusTrainer pid=298454)[0m During handling of the above exception, another exception occurred:
[2m[36m(QPlexFocusTrainer pid=298454)[0m 
[2m[36m(QPlexFocusTrainer pid=298454)[0m [36mray::QPlexFocusTrainer.__init__()[39m (pid=298454, ip=172.27.211.168, repr=QPlexFocusTrainer)
[2m[36m(QPlexFocusTrainer pid=298454)[0m   File "/home/pavt1024/vsn/mate/ray/rllib/agents/trainer.py", line 830, in __init__
[2m[36m(QPlexFocusTrainer pid=298454)[0m     super().__init__(
[2m[36m(QPlexFocusTrainer pid=298454)[0m   File "/home/pavt1024/vsn/mate/ray/tune/trainable.py", line 149, in __init__
[2m[36m(QPlexFocusTrainer pid=298454)[0m     self.setup(copy.deepcopy(self.config))
[2m[36m(QPlexFocusTrainer pid=298454)[0m   File "/home/pavt1024/vsn/mate/ray/rllib/agents/trainer.py", line 911, in setup
[2m[36m(QPlexFocusTrainer pid=298454)[0m     self.workers = WorkerSet(
[2m[36m(QPlexFocusTrainer pid=298454)[0m   File "/home/pavt1024/vsn/mate/ray/rllib/evaluation/worker_set.py", line 134, in __init__
[2m[36m(QPlexFocusTrainer pid=298454)[0m     remote_spaces = ray.get(
[2m[36m(QPlexFocusTrainer pid=298454)[0m ray.exceptions.RayActorError: The actor died because of an error raised in its creation task, [36mray::RolloutWorker.__init__()[39m (pid=298514, ip=172.27.211.168, repr=<ray.rllib.evaluation.rollout_worker.RolloutWorker object at 0x7a30934a4d30>)
[2m[36m(QPlexFocusTrainer pid=298454)[0m   File "/home/pavt1024/vsn/mate/ray/rllib/evaluation/rollout_worker.py", line 626, in __init__
[2m[36m(QPlexFocusTrainer pid=298454)[0m     self._build_policy_map(
[2m[36m(QPlexFocusTrainer pid=298454)[0m   File "/home/pavt1024/vsn/mate/ray/rllib/evaluation/rollout_worker.py", line 1713, in _build_policy_map
[2m[36m(QPlexFocusTrainer pid=298454)[0m     preprocessor = ModelCatalog.get_preprocessor_for_space(
[2m[36m(QPlexFocusTrainer pid=298454)[0m   File "/home/pavt1024/vsn/mate/ray/rllib/models/catalog.py", line 781, in get_preprocessor_for_space
[2m[36m(QPlexFocusTrainer pid=298454)[0m     raise Exception(
[2m[36m(QPlexFocusTrainer pid=298454)[0m Exception: Unknown config key `focus_bias_hidden_dim`, all keys: ['_use_default_native_models', '_disable_preprocessor_api', '_disable_action_flattening', 'fcnet_hiddens', 'fcnet_activation', 'conv_filters', 'conv_activation', 'post_fcnet_hiddens', 'post_fcnet_activation', 'free_log_std', 'no_final_linear', 'vf_share_layers', 'use_lstm', 'max_seq_len', 'lstm_cell_size', 'lstm_use_prev_action', 'lstm_use_prev_reward', '_time_major', 'use_attention', 'attention_num_transformer_units', 'attention_dim', 'attention_num_heads', 'attention_head_dim', 'attention_memory_inference', 'attention_memory_training', 'attention_position_wise_mlp_dim', 'attention_init_gru_gate_bias', 'attention_use_n_prev_actions', 'attention_use_n_prev_rewards', 'framestack', 'dim', 'grayscale', 'zero_mean', 'custom_model', 'custom_model_config', 'custom_action_dist', 'custom_preprocessor', 'lstm_use_prev_action_reward']
[2m[36m(RolloutWorker pid=298514)[0m 2026-08-25 19:31:24,474	ERROR worker.py:449 -- Exception raised in creation task: The actor died because of an error raised in its creation task, [36mray::RolloutWorker.__init__()[39m (pid=298514, ip=172.27.211.168, repr=<ray.rllib.evaluation.rollout_worker.RolloutWorker object at 0x7a30934a4d30>)
[2m[36m(RolloutWorker pid=298514)[0m   File "/home/pavt1024/vsn/mate/ray/rllib/evaluation/rollout_worker.py", line 626, in __init__
[2m[36m(RolloutWorker pid=298514)[0m     self._build_policy_map(
[2m[36m(RolloutWorker pid=298514)[0m   File "/home/pavt1024/vsn/mate/ray/rllib/evaluation/rollout_worker.py", line 1713, in _build_policy_map
[2m[36m(RolloutWorker pid=298514)[0m     preprocessor = ModelCatalog.get_preprocessor_for_space(
[2m[36m(RolloutWorker pid=298514)[0m   File "/home/pavt1024/vsn/mate/ray/rllib/models/catalog.py", line 781, in get_preprocessor_for_space
[2m[36m(RolloutWorker pid=298514)[0m     raise Exception(
[2m[36m(RolloutWorker pid=298514)[0m Exception: Unknown config key `focus_bias_hidden_dim`, all keys: ['_use_default_native_models', '_disable_preprocessor_api', '_disable_action_flattening', 'fcnet_hiddens', 'fcnet_activation', 'conv_filters', 'conv_activation', 'post_fcnet_hiddens', 'post_fcnet_activation', 'free_log_std', 'no_final_linear', 'vf_share_layers', 'use_lstm', 'max_seq_len', 'lstm_cell_size', 'lstm_use_prev_action', 'lstm_use_prev_reward', '_time_major', 'use_attention', 'attention_num_transformer_units', 'attention_dim', 'attention_num_heads', 'attention_head_dim', 'attention_memory_inference', 'attention_memory_training', 'attention_position_wise_mlp_dim', 'attention_init_gru_gate_bias', 'attention_use_n_prev_actions', 'attention_use_n_prev_rewards', 'framestack', 'dim', 'grayscale', 'zero_mean', 'custom_model', 'custom_model_config', 'custom_action_dist', 'custom_preprocessor', 'lstm_use_prev_action_reward']
2026-08-25 19:31:25,120	INFO trial_runner.py:803 -- starting QPLEX_FOCUS_mate-qplex_focus.camera_c02f5_00000
wandb: WARNING `start_method` is deprecated and will be removed in a future version of wandb. This setting is currently non-functional and safely ignored.
[2m[36m(QPlexFocusTrainer pid=298550)[0m /home/pavt1024/vsn/mate/mate/environment.py:105: UserWarning: [33mWARN: Override configuration "reward_type" with `'dense'`.[0m
[2m[36m(QPlexFocusTrainer pid=298550)[0m   gym.logger.warn(f'Override configuration "{prefix}{key}" with `{value!r}`.')
[2m[36m(QPlexFocusTrainer pid=298550)[0m /home/pavt1024/vsn/mate/mate/environment.py:105: UserWarning: [33mWARN: Override configuration "shuffle_entities" with `False`.[0m
[2m[36m(QPlexFocusTrainer pid=298550)[0m   gym.logger.warn(f'Override configuration "{prefix}{key}" with `{value!r}`.')
[2m[36m(QPlexFocusTrainer pid=298550)[0m 2026-08-25 19:31:29,888	INFO simple_q.py:161 -- In multi-agent mode, policies will be optimized sequentially by the multi-GPU optimizer. Consider setting `simple_optimizer=True` if this doesn't work for you.
[2m[36m(QPlexFocusTrainer pid=298550)[0m 2026-08-25 19:31:29,888	INFO trainer.py:864 -- Current log_level is WARN. For more information, set 'log_level': 'INFO' / 'DEBUG' or use the -v and -vv flags.
[2m[36m(RolloutWorker pid=298608)[0m /home/pavt1024/vsn/mate/mate/environment.py:105: UserWarning: [33mWARN: Override configuration "reward_type" with `'dense'`.[0m
[2m[36m(RolloutWorker pid=298608)[0m   gym.logger.warn(f'Override configuration "{prefix}{key}" with `{value!r}`.')
[2m[36m(RolloutWorker pid=298608)[0m /home/pavt1024/vsn/mate/mate/environment.py:105: UserWarning: [33mWARN: Override configuration "shuffle_entities" with `False`.[0m
[2m[36m(RolloutWorker pid=298608)[0m   gym.logger.warn(f'Override configuration "{prefix}{key}" with `{value!r}`.')
[2m[36m(RolloutWorker pid=298608)[0m 2026-08-25 19:31:34,921	ERROR worker.py:449 -- Exception raised in creation task: The actor died because of an error raised in its creation task, [36mray::RolloutWorker.__init__()[39m (pid=298608, ip=172.27.211.168, repr=<ray.rllib.evaluation.rollout_worker.RolloutWorker object at 0x7f2d13080d30>)
[2m[36m(RolloutWorker pid=298608)[0m   File "/home/pavt1024/vsn/mate/ray/rllib/evaluation/rollout_worker.py", line 626, in __init__
[2m[36m(RolloutWorker pid=298608)[0m     self._build_policy_map(
[2m[36m(RolloutWorker pid=298608)[0m   File "/home/pavt1024/vsn/mate/ray/rllib/evaluation/rollout_worker.py", line 1713, in _build_policy_map
[2m[36m(RolloutWorker pid=298608)[0m     preprocessor = ModelCatalog.get_preprocessor_for_space(
[2m[36m(RolloutWorker pid=298608)[0m   File "/home/pavt1024/vsn/mate/ray/rllib/models/catalog.py", line 781, in get_preprocessor_for_space
[2m[36m(RolloutWorker pid=298608)[0m     raise Exception(
[2m[36m(RolloutWorker pid=298608)[0m Exception: Unknown config key `focus_bias_hidden_dim`, all keys: ['_use_default_native_models', '_disable_preprocessor_api', '_disable_action_flattening', 'fcnet_hiddens', 'fcnet_activation', 'conv_filters', 'conv_activation', 'post_fcnet_hiddens', 'post_fcnet_activation', 'free_log_std', 'no_final_linear', 'vf_share_layers', 'use_lstm', 'max_seq_len', 'lstm_cell_size', 'lstm_use_prev_action', 'lstm_use_prev_reward', '_time_major', 'use_attention', 'attention_num_transformer_units', 'attention_dim', 'attention_num_heads', 'attention_head_dim', 'attention_memory_inference', 'attention_memory_training', 'attention_position_wise_mlp_dim', 'attention_init_gru_gate_bias', 'attention_use_n_prev_actions', 'attention_use_n_prev_rewards', 'framestack', 'dim', 'grayscale', 'zero_mean', 'custom_model', 'custom_model_config', 'custom_action_dist', 'custom_preprocessor', 'lstm_use_prev_action_reward']
2026-08-25 19:31:34,959	ERROR trial_runner.py:876 -- Trial QPLEX_FOCUS_mate-qplex_focus.camera_c02f5_00000: Error processing event.
NoneType: None
2026-08-25 19:31:34,963	INFO trial_runner.py:1239 -- Trial QPLEX_FOCUS_mate-qplex_focus.camera_c02f5_00000: Attempting to restore trial state from last checkpoint.
[2m[36m(QPlexFocusTrainer pid=298550)[0m 2026-08-25 19:31:34,934	ERROR worker.py:449 -- Exception raised in creation task: The actor died because of an error raised in its creation task, [36mray::QPlexFocusTrainer.__init__()[39m (pid=298550, ip=172.27.211.168, repr=QPlexFocusTrainer)
[2m[36m(QPlexFocusTrainer pid=298550)[0m   File "/home/pavt1024/vsn/mate/ray/rllib/agents/trainer.py", line 1035, in _init
[2m[36m(QPlexFocusTrainer pid=298550)[0m     raise NotImplementedError
[2m[36m(QPlexFocusTrainer pid=298550)[0m NotImplementedError
[2m[36m(QPlexFocusTrainer pid=298550)[0m 
[2m[36m(QPlexFocusTrainer pid=298550)[0m During handling of the above exception, another exception occurred:
[2m[36m(QPlexFocusTrainer pid=298550)[0m 
[2m[36m(QPlexFocusTrainer pid=298550)[0m [36mray::QPlexFocusTrainer.__init__()[39m (pid=298550, ip=172.27.211.168, repr=QPlexFocusTrainer)
[2m[36m(QPlexFocusTrainer pid=298550)[0m   File "/home/pavt1024/vsn/mate/ray/rllib/agents/trainer.py", line 830, in __init__
[2m[36m(QPlexFocusTrainer pid=298550)[0m     super().__init__(
[2m[36m(QPlexFocusTrainer pid=298550)[0m   File "/home/pavt1024/vsn/mate/ray/tune/trainable.py", line 149, in __init__
[2m[36m(QPlexFocusTrainer pid=298550)[0m     self.setup(copy.deepcopy(self.config))
[2m[36m(QPlexFocusTrainer pid=298550)[0m   File "/home/pavt1024/vsn/mate/ray/rllib/agents/trainer.py", line 911, in setup
[2m[36m(QPlexFocusTrainer pid=298550)[0m     self.workers = WorkerSet(
[2m[36m(QPlexFocusTrainer pid=298550)[0m   File "/home/pavt1024/vsn/mate/ray/rllib/evaluation/worker_set.py", line 134, in __init__
[2m[36m(QPlexFocusTrainer pid=298550)[0m     remote_spaces = ray.get(
[2m[36m(QPlexFocusTrainer pid=298550)[0m ray.exceptions.RayActorError: The actor died because of an error raised in its creation task, [36mray::RolloutWorker.__init__()[39m (pid=298608, ip=172.27.211.168, repr=<ray.rllib.evaluation.rollout_worker.RolloutWorker object at 0x7f2d13080d30>)
[2m[36m(QPlexFocusTrainer pid=298550)[0m   File "/home/pavt1024/vsn/mate/ray/rllib/evaluation/rollout_worker.py", line 626, in __init__
[2m[36m(QPlexFocusTrainer pid=298550)[0m     self._build_policy_map(
[2m[36m(QPlexFocusTrainer pid=298550)[0m   File "/home/pavt1024/vsn/mate/ray/rllib/evaluation/rollout_worker.py", line 1713, in _build_policy_map
[2m[36m(QPlexFocusTrainer pid=298550)[0m     preprocessor = ModelCatalog.get_preprocessor_for_space(
[2m[36m(QPlexFocusTrainer pid=298550)[0m   File "/home/pavt1024/vsn/mate/ray/rllib/models/catalog.py", line 781, in get_preprocessor_for_space
[2m[36m(QPlexFocusTrainer pid=298550)[0m     raise Exception(
[2m[36m(QPlexFocusTrainer pid=298550)[0m Exception: Unknown config key `focus_bias_hidden_dim`, all keys: ['_use_default_native_models', '_disable_preprocessor_api', '_disable_action_flattening', 'fcnet_hiddens', 'fcnet_activation', 'conv_filters', 'conv_activation', 'post_fcnet_hiddens', 'post_fcnet_activation', 'free_log_std', 'no_final_linear', 'vf_share_layers', 'use_lstm', 'max_seq_len', 'lstm_cell_size', 'lstm_use_prev_action', 'lstm_use_prev_reward', '_time_major', 'use_attention', 'attention_num_transformer_units', 'attention_dim', 'attention_num_heads', 'attention_head_dim', 'attention_memory_inference', 'attention_memory_training', 'attention_position_wise_mlp_dim', 'attention_init_gru_gate_bias', 'attention_use_n_prev_actions', 'attention_use_n_prev_rewards', 'framestack', 'dim', 'grayscale', 'zero_mean', 'custom_model', 'custom_model_config', 'custom_action_dist', 'custom_preprocessor', 'lstm_use_prev_action_reward']
2026-08-25 19:31:35,123	INFO trial_runner.py:803 -- starting QPLEX_FOCUS_mate-qplex_focus.camera_c02f5_00000
wandb: WARNING `start_method` is deprecated and will be removed in a future version of wandb. This setting is currently non-functional and safely ignored.
[2m[36m(QPlexFocusTrainer pid=298643)[0m /home/pavt1024/vsn/mate/mate/environment.py:105: UserWarning: [33mWARN: Override configuration "reward_type" with `'dense'`.[0m
[2m[36m(QPlexFocusTrainer pid=298643)[0m   gym.logger.warn(f'Override configuration "{prefix}{key}" with `{value!r}`.')
[2m[36m(QPlexFocusTrainer pid=298643)[0m /home/pavt1024/vsn/mate/mate/environment.py:105: UserWarning: [33mWARN: Override configuration "shuffle_entities" with `False`.[0m
[2m[36m(QPlexFocusTrainer pid=298643)[0m   gym.logger.warn(f'Override configuration "{prefix}{key}" with `{value!r}`.')
[2m[36m(QPlexFocusTrainer pid=298643)[0m 2026-08-25 19:31:39,614	INFO simple_q.py:161 -- In multi-agent mode, policies will be optimized sequentially by the multi-GPU optimizer. Consider setting `simple_optimizer=True` if this doesn't work for you.
[2m[36m(QPlexFocusTrainer pid=298643)[0m 2026-08-25 19:31:39,614	INFO trainer.py:864 -- Current log_level is WARN. For more information, set 'log_level': 'INFO' / 'DEBUG' or use the -v and -vv flags.
[2m[36m(RolloutWorker pid=298701)[0m /home/pavt1024/vsn/mate/mate/environment.py:105: UserWarning: [33mWARN: Override configuration "reward_type" with `'dense'`.[0m
[2m[36m(RolloutWorker pid=298701)[0m   gym.logger.warn(f'Override configuration "{prefix}{key}" with `{value!r}`.')
[2m[36m(RolloutWorker pid=298701)[0m /home/pavt1024/vsn/mate/mate/environment.py:105: UserWarning: [33mWARN: Override configuration "shuffle_entities" with `False`.[0m
[2m[36m(RolloutWorker pid=298701)[0m   gym.logger.warn(f'Override configuration "{prefix}{key}" with `{value!r}`.')
2026-08-25 19:31:44,392	ERROR trial_runner.py:876 -- Trial QPLEX_FOCUS_mate-qplex_focus.camera_c02f5_00000: Error processing event.
NoneType: None
2026-08-25 19:31:44,395	INFO trial_runner.py:1239 -- Trial QPLEX_FOCUS_mate-qplex_focus.camera_c02f5_00000: Attempting to restore trial state from last checkpoint.
[2m[36m(QPlexFocusTrainer pid=298643)[0m 2026-08-25 19:31:44,381	ERROR worker.py:449 -- Exception raised in creation task: The actor died because of an error raised in its creation task, [36mray::QPlexFocusTrainer.__init__()[39m (pid=298643, ip=172.27.211.168, repr=QPlexFocusTrainer)
[2m[36m(QPlexFocusTrainer pid=298643)[0m   File "/home/pavt1024/vsn/mate/ray/rllib/agents/trainer.py", line 1035, in _init
[2m[36m(QPlexFocusTrainer pid=298643)[0m     raise NotImplementedError
[2m[36m(QPlexFocusTrainer pid=298643)[0m NotImplementedError
[2m[36m(QPlexFocusTrainer pid=298643)[0m 
[2m[36m(QPlexFocusTrainer pid=298643)[0m During handling of the above exception, another exception occurred:
[2m[36m(QPlexFocusTrainer pid=298643)[0m 
[2m[36m(QPlexFocusTrainer pid=298643)[0m [36mray::QPlexFocusTrainer.__init__()[39m (pid=298643, ip=172.27.211.168, repr=QPlexFocusTrainer)
[2m[36m(QPlexFocusTrainer pid=298643)[0m   File "/home/pavt1024/vsn/mate/ray/rllib/agents/trainer.py", line 830, in __init__
[2m[36m(QPlexFocusTrainer pid=298643)[0m     super().__init__(
[2m[36m(QPlexFocusTrainer pid=298643)[0m   File "/home/pavt1024/vsn/mate/ray/tune/trainable.py", line 149, in __init__
[2m[36m(QPlexFocusTrainer pid=298643)[0m     self.setup(copy.deepcopy(self.config))
[2m[36m(QPlexFocusTrainer pid=298643)[0m   File "/home/pavt1024/vsn/mate/ray/rllib/agents/trainer.py", line 911, in setup
[2m[36m(QPlexFocusTrainer pid=298643)[0m     self.workers = WorkerSet(
[2m[36m(QPlexFocusTrainer pid=298643)[0m   File "/home/pavt1024/vsn/mate/ray/rllib/evaluation/worker_set.py", line 134, in __init__
[2m[36m(QPlexFocusTrainer pid=298643)[0m     remote_spaces = ray.get(
[2m[36m(QPlexFocusTrainer pid=298643)[0m ray.exceptions.RayActorError: The actor died because of an error raised in its creation task, [36mray::RolloutWorker.__init__()[39m (pid=298701, ip=172.27.211.168, repr=<ray.rllib.evaluation.rollout_worker.RolloutWorker object at 0x76cf17437d30>)
[2m[36m(QPlexFocusTrainer pid=298643)[0m   File "/home/pavt1024/vsn/mate/ray/rllib/evaluation/rollout_worker.py", line 626, in __init__
[2m[36m(QPlexFocusTrainer pid=298643)[0m     self._build_policy_map(
[2m[36m(QPlexFocusTrainer pid=298643)[0m   File "/home/pavt1024/vsn/mate/ray/rllib/evaluation/rollout_worker.py", line 1713, in _build_policy_map
[2m[36m(QPlexFocusTrainer pid=298643)[0m     preprocessor = ModelCatalog.get_preprocessor_for_space(
[2m[36m(QPlexFocusTrainer pid=298643)[0m   File "/home/pavt1024/vsn/mate/ray/rllib/models/catalog.py", line 781, in get_preprocessor_for_space
[2m[36m(QPlexFocusTrainer pid=298643)[0m     raise Exception(
[2m[36m(QPlexFocusTrainer pid=298643)[0m Exception: Unknown config key `focus_bias_hidden_dim`, all keys: ['_use_default_native_models', '_disable_preprocessor_api', '_disable_action_flattening', 'fcnet_hiddens', 'fcnet_activation', 'conv_filters', 'conv_activation', 'post_fcnet_hiddens', 'post_fcnet_activation', 'free_log_std', 'no_final_linear', 'vf_share_layers', 'use_lstm', 'max_seq_len', 'lstm_cell_size', 'lstm_use_prev_action', 'lstm_use_prev_reward', '_time_major', 'use_attention', 'attention_num_transformer_units', 'attention_dim', 'attention_num_heads', 'attention_head_dim', 'attention_memory_inference', 'attention_memory_training', 'attention_position_wise_mlp_dim', 'attention_init_gru_gate_bias', 'attention_use_n_prev_actions', 'attention_use_n_prev_rewards', 'framestack', 'dim', 'grayscale', 'zero_mean', 'custom_model', 'custom_model_config', 'custom_action_dist', 'custom_preprocessor', 'lstm_use_prev_action_reward']
[2m[36m(RolloutWorker pid=298701)[0m 2026-08-25 19:31:44,373	ERROR worker.py:449 -- Exception raised in creation task: The actor died because of an error raised in its creation task, [36mray::RolloutWorker.__init__()[39m (pid=298701, ip=172.27.211.168, repr=<ray.rllib.evaluation.rollout_worker.RolloutWorker object at 0x76cf17437d30>)
[2m[36m(RolloutWorker pid=298701)[0m   File "/home/pavt1024/vsn/mate/ray/rllib/evaluation/rollout_worker.py", line 626, in __init__
[2m[36m(RolloutWorker pid=298701)[0m     self._build_policy_map(
[2m[36m(RolloutWorker pid=298701)[0m   File "/home/pavt1024/vsn/mate/ray/rllib/evaluation/rollout_worker.py", line 1713, in _build_policy_map
[2m[36m(RolloutWorker pid=298701)[0m     preprocessor = ModelCatalog.get_preprocessor_for_space(
[2m[36m(RolloutWorker pid=298701)[0m   File "/home/pavt1024/vsn/mate/ray/rllib/models/catalog.py", line 781, in get_preprocessor_for_space
[2m[36m(RolloutWorker pid=298701)[0m     raise Exception(
[2m[36m(RolloutWorker pid=298701)[0m Exception: Unknown config key `focus_bias_hidden_dim`, all keys: ['_use_default_native_models', '_disable_preprocessor_api', '_disable_action_flattening', 'fcnet_hiddens', 'fcnet_activation', 'conv_filters', 'conv_activation', 'post_fcnet_hiddens', 'post_fcnet_activation', 'free_log_std', 'no_final_linear', 'vf_share_layers', 'use_lstm', 'max_seq_len', 'lstm_cell_size', 'lstm_use_prev_action', 'lstm_use_prev_reward', '_time_major', 'use_attention', 'attention_num_transformer_units', 'attention_dim', 'attention_num_heads', 'attention_head_dim', 'attention_memory_inference', 'attention_memory_training', 'attention_position_wise_mlp_dim', 'attention_init_gru_gate_bias', 'attention_use_n_prev_actions', 'attention_use_n_prev_rewards', 'framestack', 'dim', 'grayscale', 'zero_mean', 'custom_model', 'custom_model_config', 'custom_action_dist', 'custom_preprocessor', 'lstm_use_prev_action_reward']
2026-08-25 19:31:45,125	INFO trial_runner.py:803 -- starting QPLEX_FOCUS_mate-qplex_focus.camera_c02f5_00000
wandb: WARNING `start_method` is deprecated and will be removed in a future version of wandb. This setting is currently non-functional and safely ignored.
[2m[36m(QPlexFocusTrainer pid=298736)[0m /home/pavt1024/vsn/mate/mate/environment.py:105: UserWarning: [33mWARN: Override configuration "reward_type" with `'dense'`.[0m
[2m[36m(QPlexFocusTrainer pid=298736)[0m   gym.logger.warn(f'Override configuration "{prefix}{key}" with `{value!r}`.')
[2m[36m(QPlexFocusTrainer pid=298736)[0m /home/pavt1024/vsn/mate/mate/environment.py:105: UserWarning: [33mWARN: Override configuration "shuffle_entities" with `False`.[0m
[2m[36m(QPlexFocusTrainer pid=298736)[0m   gym.logger.warn(f'Override configuration "{prefix}{key}" with `{value!r}`.')
[2m[36m(QPlexFocusTrainer pid=298736)[0m 2026-08-25 19:31:49,719	INFO simple_q.py:161 -- In multi-agent mode, policies will be optimized sequentially by the multi-GPU optimizer. Consider setting `simple_optimizer=True` if this doesn't work for you.
[2m[36m(QPlexFocusTrainer pid=298736)[0m 2026-08-25 19:31:49,719	INFO trainer.py:864 -- Current log_level is WARN. For more information, set 'log_level': 'INFO' / 'DEBUG' or use the -v and -vv flags.
[2m[36m(RolloutWorker pid=298794)[0m /home/pavt1024/vsn/mate/mate/environment.py:105: UserWarning: [33mWARN: Override configuration "reward_type" with `'dense'`.[0m
[2m[36m(RolloutWorker pid=298794)[0m   gym.logger.warn(f'Override configuration "{prefix}{key}" with `{value!r}`.')
[2m[36m(RolloutWorker pid=298794)[0m /home/pavt1024/vsn/mate/mate/environment.py:105: UserWarning: [33mWARN: Override configuration "shuffle_entities" with `False`.[0m
[2m[36m(RolloutWorker pid=298794)[0m   gym.logger.warn(f'Override configuration "{prefix}{key}" with `{value!r}`.')
2026-08-25 19:31:54,674	ERROR trial_runner.py:876 -- Trial QPLEX_FOCUS_mate-qplex_focus.camera_c02f5_00000: Error processing event.
NoneType: None
2026-08-25 19:31:54,678	INFO trial_runner.py:1239 -- Trial QPLEX_FOCUS_mate-qplex_focus.camera_c02f5_00000: Attempting to restore trial state from last checkpoint.
[2m[36m(QPlexFocusTrainer pid=298736)[0m 2026-08-25 19:31:54,663	ERROR worker.py:449 -- Exception raised in creation task: The actor died because of an error raised in its creation task, [36mray::QPlexFocusTrainer.__init__()[39m (pid=298736, ip=172.27.211.168, repr=QPlexFocusTrainer)
[2m[36m(QPlexFocusTrainer pid=298736)[0m   File "/home/pavt1024/vsn/mate/ray/rllib/agents/trainer.py", line 1035, in _init
[2m[36m(QPlexFocusTrainer pid=298736)[0m     raise NotImplementedError
[2m[36m(QPlexFocusTrainer pid=298736)[0m NotImplementedError
[2m[36m(QPlexFocusTrainer pid=298736)[0m 
[2m[36m(QPlexFocusTrainer pid=298736)[0m During handling of the above exception, another exception occurred:
[2m[36m(QPlexFocusTrainer pid=298736)[0m 
[2m[36m(QPlexFocusTrainer pid=298736)[0m [36mray::QPlexFocusTrainer.__init__()[39m (pid=298736, ip=172.27.211.168, repr=QPlexFocusTrainer)
[2m[36m(QPlexFocusTrainer pid=298736)[0m   File "/home/pavt1024/vsn/mate/ray/rllib/agents/trainer.py", line 830, in __init__
[2m[36m(QPlexFocusTrainer pid=298736)[0m     super().__init__(
[2m[36m(QPlexFocusTrainer pid=298736)[0m   File "/home/pavt1024/vsn/mate/ray/tune/trainable.py", line 149, in __init__
[2m[36m(QPlexFocusTrainer pid=298736)[0m     self.setup(copy.deepcopy(self.config))
[2m[36m(QPlexFocusTrainer pid=298736)[0m   File "/home/pavt1024/vsn/mate/ray/rllib/agents/trainer.py", line 911, in setup
[2m[36m(QPlexFocusTrainer pid=298736)[0m     self.workers = WorkerSet(
[2m[36m(QPlexFocusTrainer pid=298736)[0m   File "/home/pavt1024/vsn/mate/ray/rllib/evaluation/worker_set.py", line 134, in __init__
[2m[36m(QPlexFocusTrainer pid=298736)[0m     remote_spaces = ray.get(
[2m[36m(QPlexFocusTrainer pid=298736)[0m ray.exceptions.RayActorError: The actor died because of an error raised in its creation task, [36mray::RolloutWorker.__init__()[39m (pid=298794, ip=172.27.211.168, repr=<ray.rllib.evaluation.rollout_worker.RolloutWorker object at 0x7ff9d2ec5d30>)
[2m[36m(QPlexFocusTrainer pid=298736)[0m   File "/home/pavt1024/vsn/mate/ray/rllib/evaluation/rollout_worker.py", line 626, in __init__
[2m[36m(QPlexFocusTrainer pid=298736)[0m     self._build_policy_map(
[2m[36m(QPlexFocusTrainer pid=298736)[0m   File "/home/pavt1024/vsn/mate/ray/rllib/evaluation/rollout_worker.py", line 1713, in _build_policy_map
[2m[36m(QPlexFocusTrainer pid=298736)[0m     preprocessor = ModelCatalog.get_preprocessor_for_space(
[2m[36m(QPlexFocusTrainer pid=298736)[0m   File "/home/pavt1024/vsn/mate/ray/rllib/models/catalog.py", line 781, in get_preprocessor_for_space
[2m[36m(QPlexFocusTrainer pid=298736)[0m     raise Exception(
[2m[36m(QPlexFocusTrainer pid=298736)[0m Exception: Unknown config key `focus_bias_hidden_dim`, all keys: ['_use_default_native_models', '_disable_preprocessor_api', '_disable_action_flattening', 'fcnet_hiddens', 'fcnet_activation', 'conv_filters', 'conv_activation', 'post_fcnet_hiddens', 'post_fcnet_activation', 'free_log_std', 'no_final_linear', 'vf_share_layers', 'use_lstm', 'max_seq_len', 'lstm_cell_size', 'lstm_use_prev_action', 'lstm_use_prev_reward', '_time_major', 'use_attention', 'attention_num_transformer_units', 'attention_dim', 'attention_num_heads', 'attention_head_dim', 'attention_memory_inference', 'attention_memory_training', 'attention_position_wise_mlp_dim', 'attention_init_gru_gate_bias', 'attention_use_n_prev_actions', 'attention_use_n_prev_rewards', 'framestack', 'dim', 'grayscale', 'zero_mean', 'custom_model', 'custom_model_config', 'custom_action_dist', 'custom_preprocessor', 'lstm_use_prev_action_reward']
[2m[36m(RolloutWorker pid=298794)[0m 2026-08-25 19:31:54,653	ERROR worker.py:449 -- Exception raised in creation task: The actor died because of an error raised in its creation task, [36mray::RolloutWorker.__init__()[39m (pid=298794, ip=172.27.211.168, repr=<ray.rllib.evaluation.rollout_worker.RolloutWorker object at 0x7ff9d2ec5d30>)
[2m[36m(RolloutWorker pid=298794)[0m   File "/home/pavt1024/vsn/mate/ray/rllib/evaluation/rollout_worker.py", line 626, in __init__
[2m[36m(RolloutWorker pid=298794)[0m     self._build_policy_map(
[2m[36m(RolloutWorker pid=298794)[0m   File "/home/pavt1024/vsn/mate/ray/rllib/evaluation/rollout_worker.py", line 1713, in _build_policy_map
[2m[36m(RolloutWorker pid=298794)[0m     preprocessor = ModelCatalog.get_preprocessor_for_space(
[2m[36m(RolloutWorker pid=298794)[0m   File "/home/pavt1024/vsn/mate/ray/rllib/models/catalog.py", line 781, in get_preprocessor_for_space
[2m[36m(RolloutWorker pid=298794)[0m     raise Exception(
[2m[36m(RolloutWorker pid=298794)[0m Exception: Unknown config key `focus_bias_hidden_dim`, all keys: ['_use_default_native_models', '_disable_preprocessor_api', '_disable_action_flattening', 'fcnet_hiddens', 'fcnet_activation', 'conv_filters', 'conv_activation', 'post_fcnet_hiddens', 'post_fcnet_activation', 'free_log_std', 'no_final_linear', 'vf_share_layers', 'use_lstm', 'max_seq_len', 'lstm_cell_size', 'lstm_use_prev_action', 'lstm_use_prev_reward', '_time_major', 'use_attention', 'attention_num_transformer_units', 'attention_dim', 'attention_num_heads', 'attention_head_dim', 'attention_memory_inference', 'attention_memory_training', 'attention_position_wise_mlp_dim', 'attention_init_gru_gate_bias', 'attention_use_n_prev_actions', 'attention_use_n_prev_rewards', 'framestack', 'dim', 'grayscale', 'zero_mean', 'custom_model', 'custom_model_config', 'custom_action_dist', 'custom_preprocessor', 'lstm_use_prev_action_reward']
2026-08-25 19:31:55,128	INFO trial_runner.py:803 -- starting QPLEX_FOCUS_mate-qplex_focus.camera_c02f5_00000
wandb: WARNING `start_method` is deprecated and will be removed in a future version of wandb. This setting is currently non-functional and safely ignored.
[2m[36m(QPlexFocusTrainer pid=298830)[0m /home/pavt1024/vsn/mate/mate/environment.py:105: UserWarning: [33mWARN: Override configuration "reward_type" with `'dense'`.[0m
[2m[36m(QPlexFocusTrainer pid=298830)[0m   gym.logger.warn(f'Override configuration "{prefix}{key}" with `{value!r}`.')
[2m[36m(QPlexFocusTrainer pid=298830)[0m /home/pavt1024/vsn/mate/mate/environment.py:105: UserWarning: [33mWARN: Override configuration "shuffle_entities" with `False`.[0m
[2m[36m(QPlexFocusTrainer pid=298830)[0m   gym.logger.warn(f'Override configuration "{prefix}{key}" with `{value!r}`.')
[2m[36m(QPlexFocusTrainer pid=298830)[0m 2026-08-25 19:31:59,649	INFO simple_q.py:161 -- In multi-agent mode, policies will be optimized sequentially by the multi-GPU optimizer. Consider setting `simple_optimizer=True` if this doesn't work for you.
[2m[36m(QPlexFocusTrainer pid=298830)[0m 2026-08-25 19:31:59,650	INFO trainer.py:864 -- Current log_level is WARN. For more information, set 'log_level': 'INFO' / 'DEBUG' or use the -v and -vv flags.
[2m[36m(RolloutWorker pid=298889)[0m /home/pavt1024/vsn/mate/mate/environment.py:105: UserWarning: [33mWARN: Override configuration "reward_type" with `'dense'`.[0m
[2m[36m(RolloutWorker pid=298889)[0m   gym.logger.warn(f'Override configuration "{prefix}{key}" with `{value!r}`.')
[2m[36m(RolloutWorker pid=298889)[0m /home/pavt1024/vsn/mate/mate/environment.py:105: UserWarning: [33mWARN: Override configuration "shuffle_entities" with `False`.[0m
[2m[36m(RolloutWorker pid=298889)[0m   gym.logger.warn(f'Override configuration "{prefix}{key}" with `{value!r}`.')
2026-08-25 19:32:04,714	ERROR trial_runner.py:876 -- Trial QPLEX_FOCUS_mate-qplex_focus.camera_c02f5_00000: Error processing event.
NoneType: None
2026-08-25 19:32:04,717	INFO trial_runner.py:1239 -- Trial QPLEX_FOCUS_mate-qplex_focus.camera_c02f5_00000: Attempting to restore trial state from last checkpoint.
[2m[36m(QPlexFocusTrainer pid=298830)[0m 2026-08-25 19:32:04,697	ERROR worker.py:449 -- Exception raised in creation task: The actor died because of an error raised in its creation task, [36mray::QPlexFocusTrainer.__init__()[39m (pid=298830, ip=172.27.211.168, repr=QPlexFocusTrainer)
[2m[36m(QPlexFocusTrainer pid=298830)[0m   File "/home/pavt1024/vsn/mate/ray/rllib/agents/trainer.py", line 1035, in _init
[2m[36m(QPlexFocusTrainer pid=298830)[0m     raise NotImplementedError
[2m[36m(QPlexFocusTrainer pid=298830)[0m NotImplementedError
[2m[36m(QPlexFocusTrainer pid=298830)[0m 
[2m[36m(QPlexFocusTrainer pid=298830)[0m During handling of the above exception, another exception occurred:
[2m[36m(QPlexFocusTrainer pid=298830)[0m 
[2m[36m(QPlexFocusTrainer pid=298830)[0m [36mray::QPlexFocusTrainer.__init__()[39m (pid=298830, ip=172.27.211.168, repr=QPlexFocusTrainer)
[2m[36m(QPlexFocusTrainer pid=298830)[0m   File "/home/pavt1024/vsn/mate/ray/rllib/agents/trainer.py", line 830, in __init__
[2m[36m(QPlexFocusTrainer pid=298830)[0m     super().__init__(
[2m[36m(QPlexFocusTrainer pid=298830)[0m   File "/home/pavt1024/vsn/mate/ray/tune/trainable.py", line 149, in __init__
[2m[36m(QPlexFocusTrainer pid=298830)[0m     self.setup(copy.deepcopy(self.config))
[2m[36m(QPlexFocusTrainer pid=298830)[0m   File "/home/pavt1024/vsn/mate/ray/rllib/agents/trainer.py", line 911, in setup
[2m[36m(QPlexFocusTrainer pid=298830)[0m     self.workers = WorkerSet(
[2m[36m(QPlexFocusTrainer pid=298830)[0m   File "/home/pavt1024/vsn/mate/ray/rllib/evaluation/worker_set.py", line 134, in __init__
[2m[36m(QPlexFocusTrainer pid=298830)[0m     remote_spaces = ray.get(
[2m[36m(QPlexFocusTrainer pid=298830)[0m ray.exceptions.RayActorError: The actor died because of an error raised in its creation task, [36mray::RolloutWorker.__init__()[39m (pid=298889, ip=172.27.211.168, repr=<ray.rllib.evaluation.rollout_worker.RolloutWorker object at 0x7ef912a5bd30>)
[2m[36m(QPlexFocusTrainer pid=298830)[0m   File "/home/pavt1024/vsn/mate/ray/rllib/evaluation/rollout_worker.py", line 626, in __init__
[2m[36m(QPlexFocusTrainer pid=298830)[0m     self._build_policy_map(
[2m[36m(QPlexFocusTrainer pid=298830)[0m   File "/home/pavt1024/vsn/mate/ray/rllib/evaluation/rollout_worker.py", line 1713, in _build_policy_map
[2m[36m(QPlexFocusTrainer pid=298830)[0m     preprocessor = ModelCatalog.get_preprocessor_for_space(
[2m[36m(QPlexFocusTrainer pid=298830)[0m   File "/home/pavt1024/vsn/mate/ray/rllib/models/catalog.py", line 781, in get_preprocessor_for_space
[2m[36m(QPlexFocusTrainer pid=298830)[0m     raise Exception(
[2m[36m(QPlexFocusTrainer pid=298830)[0m Exception: Unknown config key `focus_bias_hidden_dim`, all keys: ['_use_default_native_models', '_disable_preprocessor_api', '_disable_action_flattening', 'fcnet_hiddens', 'fcnet_activation', 'conv_filters', 'conv_activation', 'post_fcnet_hiddens', 'post_fcnet_activation', 'free_log_std', 'no_final_linear', 'vf_share_layers', 'use_lstm', 'max_seq_len', 'lstm_cell_size', 'lstm_use_prev_action', 'lstm_use_prev_reward', '_time_major', 'use_attention', 'attention_num_transformer_units', 'attention_dim', 'attention_num_heads', 'attention_head_dim', 'attention_memory_inference', 'attention_memory_training', 'attention_position_wise_mlp_dim', 'attention_init_gru_gate_bias', 'attention_use_n_prev_actions', 'attention_use_n_prev_rewards', 'framestack', 'dim', 'grayscale', 'zero_mean', 'custom_model', 'custom_model_config', 'custom_action_dist', 'custom_preprocessor', 'lstm_use_prev_action_reward']
[2m[36m(RolloutWorker pid=298889)[0m 2026-08-25 19:32:04,687	ERROR worker.py:449 -- Exception raised in creation task: The actor died because of an error raised in its creation task, [36mray::RolloutWorker.__init__()[39m (pid=298889, ip=172.27.211.168, repr=<ray.rllib.evaluation.rollout_worker.RolloutWorker object at 0x7ef912a5bd30>)
[2m[36m(RolloutWorker pid=298889)[0m   File "/home/pavt1024/vsn/mate/ray/rllib/evaluation/rollout_worker.py", line 626, in __init__
[2m[36m(RolloutWorker pid=298889)[0m     self._build_policy_map(
[2m[36m(RolloutWorker pid=298889)[0m   File "/home/pavt1024/vsn/mate/ray/rllib/evaluation/rollout_worker.py", line 1713, in _build_policy_map
[2m[36m(RolloutWorker pid=298889)[0m     preprocessor = ModelCatalog.get_preprocessor_for_space(
[2m[36m(RolloutWorker pid=298889)[0m   File "/home/pavt1024/vsn/mate/ray/rllib/models/catalog.py", line 781, in get_preprocessor_for_space
[2m[36m(RolloutWorker pid=298889)[0m     raise Exception(
[2m[36m(RolloutWorker pid=298889)[0m Exception: Unknown config key `focus_bias_hidden_dim`, all keys: ['_use_default_native_models', '_disable_preprocessor_api', '_disable_action_flattening', 'fcnet_hiddens', 'fcnet_activation', 'conv_filters', 'conv_activation', 'post_fcnet_hiddens', 'post_fcnet_activation', 'free_log_std', 'no_final_linear', 'vf_share_layers', 'use_lstm', 'max_seq_len', 'lstm_cell_size', 'lstm_use_prev_action', 'lstm_use_prev_reward', '_time_major', 'use_attention', 'attention_num_transformer_units', 'attention_dim', 'attention_num_heads', 'attention_head_dim', 'attention_memory_inference', 'attention_memory_training', 'attention_position_wise_mlp_dim', 'attention_init_gru_gate_bias', 'attention_use_n_prev_actions', 'attention_use_n_prev_rewards', 'framestack', 'dim', 'grayscale', 'zero_mean', 'custom_model', 'custom_model_config', 'custom_action_dist', 'custom_preprocessor', 'lstm_use_prev_action_reward']
2026-08-25 19:32:05,131	INFO trial_runner.py:803 -- starting QPLEX_FOCUS_mate-qplex_focus.camera_c02f5_00000
wandb: WARNING `start_method` is deprecated and will be removed in a future version of wandb. This setting is currently non-functional and safely ignored.
[2m[36m(QPlexFocusTrainer pid=298924)[0m /home/pavt1024/vsn/mate/mate/environment.py:105: UserWarning: [33mWARN: Override configuration "reward_type" with `'dense'`.[0m
[2m[36m(QPlexFocusTrainer pid=298924)[0m   gym.logger.warn(f'Override configuration "{prefix}{key}" with `{value!r}`.')
[2m[36m(QPlexFocusTrainer pid=298924)[0m /home/pavt1024/vsn/mate/mate/environment.py:105: UserWarning: [33mWARN: Override configuration "shuffle_entities" with `False`.[0m
[2m[36m(QPlexFocusTrainer pid=298924)[0m   gym.logger.warn(f'Override configuration "{prefix}{key}" with `{value!r}`.')
[2m[36m(QPlexFocusTrainer pid=298924)[0m 2026-08-25 19:32:10,279	INFO simple_q.py:161 -- In multi-agent mode, policies will be optimized sequentially by the multi-GPU optimizer. Consider setting `simple_optimizer=True` if this doesn't work for you.
[2m[36m(QPlexFocusTrainer pid=298924)[0m 2026-08-25 19:32:10,281	INFO trainer.py:864 -- Current log_level is WARN. For more information, set 'log_level': 'INFO' / 'DEBUG' or use the -v and -vv flags.
[2m[36m(RolloutWorker pid=298983)[0m /home/pavt1024/vsn/mate/mate/environment.py:105: UserWarning: [33mWARN: Override configuration "reward_type" with `'dense'`.[0m
[2m[36m(RolloutWorker pid=298983)[0m   gym.logger.warn(f'Override configuration "{prefix}{key}" with `{value!r}`.')
[2m[36m(RolloutWorker pid=298983)[0m /home/pavt1024/vsn/mate/mate/environment.py:105: UserWarning: [33mWARN: Override configuration "shuffle_entities" with `False`.[0m
[2m[36m(RolloutWorker pid=298983)[0m   gym.logger.warn(f'Override configuration "{prefix}{key}" with `{value!r}`.')
2026-08-25 19:32:15,148	ERROR trial_runner.py:876 -- Trial QPLEX_FOCUS_mate-qplex_focus.camera_c02f5_00000: Error processing event.
NoneType: None
2026-08-25 19:32:15,150	INFO trial_runner.py:1239 -- Trial QPLEX_FOCUS_mate-qplex_focus.camera_c02f5_00000: Attempting to restore trial state from last checkpoint.
[2m[36m(QPlexFocusTrainer pid=298924)[0m 2026-08-25 19:32:15,136	ERROR worker.py:449 -- Exception raised in creation task: The actor died because of an error raised in its creation task, [36mray::QPlexFocusTrainer.__init__()[39m (pid=298924, ip=172.27.211.168, repr=QPlexFocusTrainer)
[2m[36m(QPlexFocusTrainer pid=298924)[0m   File "/home/pavt1024/vsn/mate/ray/rllib/agents/trainer.py", line 1035, in _init
[2m[36m(QPlexFocusTrainer pid=298924)[0m     raise NotImplementedError
[2m[36m(QPlexFocusTrainer pid=298924)[0m NotImplementedError
[2m[36m(QPlexFocusTrainer pid=298924)[0m 
[2m[36m(QPlexFocusTrainer pid=298924)[0m During handling of the above exception, another exception occurred:
[2m[36m(QPlexFocusTrainer pid=298924)[0m 
[2m[36m(QPlexFocusTrainer pid=298924)[0m [36mray::QPlexFocusTrainer.__init__()[39m (pid=298924, ip=172.27.211.168, repr=QPlexFocusTrainer)
[2m[36m(QPlexFocusTrainer pid=298924)[0m   File "/home/pavt1024/vsn/mate/ray/rllib/agents/trainer.py", line 830, in __init__
[2m[36m(QPlexFocusTrainer pid=298924)[0m     super().__init__(
[2m[36m(QPlexFocusTrainer pid=298924)[0m   File "/home/pavt1024/vsn/mate/ray/tune/trainable.py", line 149, in __init__
[2m[36m(QPlexFocusTrainer pid=298924)[0m     self.setup(copy.deepcopy(self.config))
[2m[36m(QPlexFocusTrainer pid=298924)[0m   File "/home/pavt1024/vsn/mate/ray/rllib/agents/trainer.py", line 911, in setup
[2m[36m(QPlexFocusTrainer pid=298924)[0m     self.workers = WorkerSet(
[2m[36m(QPlexFocusTrainer pid=298924)[0m   File "/home/pavt1024/vsn/mate/ray/rllib/evaluation/worker_set.py", line 134, in __init__
[2m[36m(QPlexFocusTrainer pid=298924)[0m     remote_spaces = ray.get(
[2m[36m(QPlexFocusTrainer pid=298924)[0m ray.exceptions.RayActorError: The actor died because of an error raised in its creation task, [36mray::RolloutWorker.__init__()[39m (pid=298983, ip=172.27.211.168, repr=<ray.rllib.evaluation.rollout_worker.RolloutWorker object at 0x7f15fa47fd30>)
[2m[36m(QPlexFocusTrainer pid=298924)[0m   File "/home/pavt1024/vsn/mate/ray/rllib/evaluation/rollout_worker.py", line 626, in __init__
[2m[36m(QPlexFocusTrainer pid=298924)[0m     self._build_policy_map(
[2m[36m(QPlexFocusTrainer pid=298924)[0m   File "/home/pavt1024/vsn/mate/ray/rllib/evaluation/rollout_worker.py", line 1713, in _build_policy_map
[2m[36m(QPlexFocusTrainer pid=298924)[0m     preprocessor = ModelCatalog.get_preprocessor_for_space(
[2m[36m(QPlexFocusTrainer pid=298924)[0m   File "/home/pavt1024/vsn/mate/ray/rllib/models/catalog.py", line 781, in get_preprocessor_for_space
[2m[36m(QPlexFocusTrainer pid=298924)[0m     raise Exception(
[2m[36m(QPlexFocusTrainer pid=298924)[0m Exception: Unknown config key `focus_bias_hidden_dim`, all keys: ['_use_default_native_models', '_disable_preprocessor_api', '_disable_action_flattening', 'fcnet_hiddens', 'fcnet_activation', 'conv_filters', 'conv_activation', 'post_fcnet_hiddens', 'post_fcnet_activation', 'free_log_std', 'no_final_linear', 'vf_share_layers', 'use_lstm', 'max_seq_len', 'lstm_cell_size', 'lstm_use_prev_action', 'lstm_use_prev_reward', '_time_major', 'use_attention', 'attention_num_transformer_units', 'attention_dim', 'attention_num_heads', 'attention_head_dim', 'attention_memory_inference', 'attention_memory_training', 'attention_position_wise_mlp_dim', 'attention_init_gru_gate_bias', 'attention_use_n_prev_actions', 'attention_use_n_prev_rewards', 'framestack', 'dim', 'grayscale', 'zero_mean', 'custom_model', 'custom_model_config', 'custom_action_dist', 'custom_preprocessor', 'lstm_use_prev_action_reward']
[2m[36m(RolloutWorker pid=298983)[0m 2026-08-25 19:32:15,128	ERROR worker.py:449 -- Exception raised in creation task: The actor died because of an error raised in its creation task, [36mray::RolloutWorker.__init__()[39m (pid=298983, ip=172.27.211.168, repr=<ray.rllib.evaluation.rollout_worker.RolloutWorker object at 0x7f15fa47fd30>)
[2m[36m(RolloutWorker pid=298983)[0m   File "/home/pavt1024/vsn/mate/ray/rllib/evaluation/rollout_worker.py", line 626, in __init__
[2m[36m(RolloutWorker pid=298983)[0m     self._build_policy_map(
[2m[36m(RolloutWorker pid=298983)[0m   File "/home/pavt1024/vsn/mate/ray/rllib/evaluation/rollout_worker.py", line 1713, in _build_policy_map
[2m[36m(RolloutWorker pid=298983)[0m     preprocessor = ModelCatalog.get_preprocessor_for_space(
[2m[36m(RolloutWorker pid=298983)[0m   File "/home/pavt1024/vsn/mate/ray/rllib/models/catalog.py", line 781, in get_preprocessor_for_space
[2m[36m(RolloutWorker pid=298983)[0m     raise Exception(
[2m[36m(RolloutWorker pid=298983)[0m Exception: Unknown config key `focus_bias_hidden_dim`, all keys: ['_use_default_native_models', '_disable_preprocessor_api', '_disable_action_flattening', 'fcnet_hiddens', 'fcnet_activation', 'conv_filters', 'conv_activation', 'post_fcnet_hiddens', 'post_fcnet_activation', 'free_log_std', 'no_final_linear', 'vf_share_layers', 'use_lstm', 'max_seq_len', 'lstm_cell_size', 'lstm_use_prev_action', 'lstm_use_prev_reward', '_time_major', 'use_attention', 'attention_num_transformer_units', 'attention_dim', 'attention_num_heads', 'attention_head_dim', 'attention_memory_inference', 'attention_memory_training', 'attention_position_wise_mlp_dim', 'attention_init_gru_gate_bias', 'attention_use_n_prev_actions', 'attention_use_n_prev_rewards', 'framestack', 'dim', 'grayscale', 'zero_mean', 'custom_model', 'custom_model_config', 'custom_action_dist', 'custom_preprocessor', 'lstm_use_prev_action_reward']
2026-08-25 19:32:16,134	INFO trial_runner.py:803 -- starting QPLEX_FOCUS_mate-qplex_focus.camera_c02f5_00000
wandb: WARNING `start_method` is deprecated and will be removed in a future version of wandb. This setting is currently non-functional and safely ignored.
[2m[36m(QPlexFocusTrainer pid=299019)[0m /home/pavt1024/vsn/mate/mate/environment.py:105: UserWarning: [33mWARN: Override configuration "reward_type" with `'dense'`.[0m
[2m[36m(QPlexFocusTrainer pid=299019)[0m   gym.logger.warn(f'Override configuration "{prefix}{key}" with `{value!r}`.')
[2m[36m(QPlexFocusTrainer pid=299019)[0m /home/pavt1024/vsn/mate/mate/environment.py:105: UserWarning: [33mWARN: Override configuration "shuffle_entities" with `False`.[0m
[2m[36m(QPlexFocusTrainer pid=299019)[0m   gym.logger.warn(f'Override configuration "{prefix}{key}" with `{value!r}`.')
[2m[36m(QPlexFocusTrainer pid=299019)[0m 2026-08-25 19:32:20,343	INFO simple_q.py:161 -- In multi-agent mode, policies will be optimized sequentially by the multi-GPU optimizer. Consider setting `simple_optimizer=True` if this doesn't work for you.
[2m[36m(QPlexFocusTrainer pid=299019)[0m 2026-08-25 19:32:20,344	INFO trainer.py:864 -- Current log_level is WARN. For more information, set 'log_level': 'INFO' / 'DEBUG' or use the -v and -vv flags.
[2m[36m(RolloutWorker pid=299078)[0m /home/pavt1024/vsn/mate/mate/environment.py:105: UserWarning: [33mWARN: Override configuration "reward_type" with `'dense'`.[0m
[2m[36m(RolloutWorker pid=299078)[0m   gym.logger.warn(f'Override configuration "{prefix}{key}" with `{value!r}`.')
[2m[36m(RolloutWorker pid=299078)[0m /home/pavt1024/vsn/mate/mate/environment.py:105: UserWarning: [33mWARN: Override configuration "shuffle_entities" with `False`.[0m
[2m[36m(RolloutWorker pid=299078)[0m   gym.logger.warn(f'Override configuration "{prefix}{key}" with `{value!r}`.')
[2m[36m(QPlexFocusTrainer pid=299019)[0m 2026-08-25 19:32:25,377	ERROR worker.py:449 -- Exception raised in creation task: The actor died because of an error raised in its creation task, [36mray::QPlexFocusTrainer.__init__()[39m (pid=299019, ip=172.27.211.168, repr=QPlexFocusTrainer)
[2m[36m(QPlexFocusTrainer pid=299019)[0m   File "/home/pavt1024/vsn/mate/ray/rllib/agents/trainer.py", line 1035, in _init
[2m[36m(QPlexFocusTrainer pid=299019)[0m     raise NotImplementedError
[2m[36m(QPlexFocusTrainer pid=299019)[0m NotImplementedError
[2m[36m(QPlexFocusTrainer pid=299019)[0m 
[2m[36m(QPlexFocusTrainer pid=299019)[0m During handling of the above exception, another exception occurred:
[2m[36m(QPlexFocusTrainer pid=299019)[0m 
[2m[36m(QPlexFocusTrainer pid=299019)[0m [36mray::QPlexFocusTrainer.__init__()[39m (pid=299019, ip=172.27.211.168, repr=QPlexFocusTrainer)
[2m[36m(QPlexFocusTrainer pid=299019)[0m   File "/home/pavt1024/vsn/mate/ray/rllib/agents/trainer.py", line 830, in __init__
[2m[36m(QPlexFocusTrainer pid=299019)[0m     super().__init__(
[2m[36m(QPlexFocusTrainer pid=299019)[0m   File "/home/pavt1024/vsn/mate/ray/tune/trainable.py", line 149, in __init__
[2m[36m(QPlexFocusTrainer pid=299019)[0m     self.setup(copy.deepcopy(self.config))
[2m[36m(QPlexFocusTrainer pid=299019)[0m   File "/home/pavt1024/vsn/mate/ray/rllib/agents/trainer.py", line 911, in setup
[2m[36m(QPlexFocusTrainer pid=299019)[0m     self.workers = WorkerSet(
[2m[36m(QPlexFocusTrainer pid=299019)[0m   File "/home/pavt1024/vsn/mate/ray/rllib/evaluation/worker_set.py", line 134, in __init__
[2m[36m(QPlexFocusTrainer pid=299019)[0m     remote_spaces = ray.get(
[2m[36m(QPlexFocusTrainer pid=299019)[0m ray.exceptions.RayActorError: The actor died because of an error raised in its creation task, [36mray::RolloutWorker.__init__()[39m (pid=299078, ip=172.27.211.168, repr=<ray.rllib.evaluation.rollout_worker.RolloutWorker object at 0x745263b37d30>)
[2m[36m(QPlexFocusTrainer pid=299019)[0m   File "/home/pavt1024/vsn/mate/ray/rllib/evaluation/rollout_worker.py", line 626, in __init__
[2m[36m(QPlexFocusTrainer pid=299019)[0m     self._build_policy_map(
[2m[36m(QPlexFocusTrainer pid=299019)[0m   File "/home/pavt1024/vsn/mate/ray/rllib/evaluation/rollout_worker.py", line 1713, in _build_policy_map
[2m[36m(QPlexFocusTrainer pid=299019)[0m     preprocessor = ModelCatalog.get_preprocessor_for_space(
[2m[36m(QPlexFocusTrainer pid=299019)[0m   File "/home/pavt1024/vsn/mate/ray/rllib/models/catalog.py", line 781, in get_preprocessor_for_space
[2m[36m(QPlexFocusTrainer pid=299019)[0m     raise Exception(
[2m[36m(QPlexFocusTrainer pid=299019)[0m Exception: Unknown config key `focus_bias_hidden_dim`, all keys: ['_use_default_native_models', '_disable_preprocessor_api', '_disable_action_flattening', 'fcnet_hiddens', 'fcnet_activation', 'conv_filters', 'conv_activation', 'post_fcnet_hiddens', 'post_fcnet_activation', 'free_log_std', 'no_final_linear', 'vf_share_layers', 'use_lstm', 'max_seq_len', 'lstm_cell_size', 'lstm_use_prev_action', 'lstm_use_prev_reward', '_time_major', 'use_attention', 'attention_num_transformer_units', 'attention_dim', 'attention_num_heads', 'attention_head_dim', 'attention_memory_inference', 'attention_memory_training', 'attention_position_wise_mlp_dim', 'attention_init_gru_gate_bias', 'attention_use_n_prev_actions', 'attention_use_n_prev_rewards', 'framestack', 'dim', 'grayscale', 'zero_mean', 'custom_model', 'custom_model_config', 'custom_action_dist', 'custom_preprocessor', 'lstm_use_prev_action_reward']
[2m[36m(RolloutWorker pid=299078)[0m 2026-08-25 19:32:25,367	ERROR worker.py:449 -- Exception raised in creation task: The actor died because of an error raised in its creation task, [36mray::RolloutWorker.__init__()[39m (pid=299078, ip=172.27.211.168, repr=<ray.rllib.evaluation.rollout_worker.RolloutWorker object at 0x745263b37d30>)
[2m[36m(RolloutWorker pid=299078)[0m   File "/home/pavt1024/vsn/mate/ray/rllib/evaluation/rollout_worker.py", line 626, in __init__
[2m[36m(RolloutWorker pid=299078)[0m     self._build_policy_map(
[2m[36m(RolloutWorker pid=299078)[0m   File "/home/pavt1024/vsn/mate/ray/rllib/evaluation/rollout_worker.py", line 1713, in _build_policy_map
[2m[36m(RolloutWorker pid=299078)[0m     preprocessor = ModelCatalog.get_preprocessor_for_space(
[2m[36m(RolloutWorker pid=299078)[0m   File "/home/pavt1024/vsn/mate/ray/rllib/models/catalog.py", line 781, in get_preprocessor_for_space
[2m[36m(RolloutWorker pid=299078)[0m     raise Exception(
[2m[36m(RolloutWorker pid=299078)[0m Exception: Unknown config key `focus_bias_hidden_dim`, all keys: ['_use_default_native_models', '_disable_preprocessor_api', '_disable_action_flattening', 'fcnet_hiddens', 'fcnet_activation', 'conv_filters', 'conv_activation', 'post_fcnet_hiddens', 'post_fcnet_activation', 'free_log_std', 'no_final_linear', 'vf_share_layers', 'use_lstm', 'max_seq_len', 'lstm_cell_size', 'lstm_use_prev_action', 'lstm_use_prev_reward', '_time_major', 'use_attention', 'attention_num_transformer_units', 'attention_dim', 'attention_num_heads', 'attention_head_dim', 'attention_memory_inference', 'attention_memory_training', 'attention_position_wise_mlp_dim', 'attention_init_gru_gate_bias', 'attention_use_n_prev_actions', 'attention_use_n_prev_rewards', 'framestack', 'dim', 'grayscale', 'zero_mean', 'custom_model', 'custom_model_config', 'custom_action_dist', 'custom_preprocessor', 'lstm_use_prev_action_reward']
2026-08-25 19:32:25,398	ERROR trial_runner.py:876 -- Trial QPLEX_FOCUS_mate-qplex_focus.camera_c02f5_00000: Error processing event.
NoneType: None
2026-08-25 19:32:25,401	INFO trial_runner.py:1239 -- Trial QPLEX_FOCUS_mate-qplex_focus.camera_c02f5_00000: Attempting to restore trial state from last checkpoint.
2026-08-25 19:32:26,137	INFO trial_runner.py:803 -- starting QPLEX_FOCUS_mate-qplex_focus.camera_c02f5_00000
wandb: WARNING `start_method` is deprecated and will be removed in a future version of wandb. This setting is currently non-functional and safely ignored.
[2m[36m(QPlexFocusTrainer pid=299114)[0m /home/pavt1024/vsn/mate/mate/environment.py:105: UserWarning: [33mWARN: Override configuration "reward_type" with `'dense'`.[0m
[2m[36m(QPlexFocusTrainer pid=299114)[0m   gym.logger.warn(f'Override configuration "{prefix}{key}" with `{value!r}`.')
[2m[36m(QPlexFocusTrainer pid=299114)[0m /home/pavt1024/vsn/mate/mate/environment.py:105: UserWarning: [33mWARN: Override configuration "shuffle_entities" with `False`.[0m
[2m[36m(QPlexFocusTrainer pid=299114)[0m   gym.logger.warn(f'Override configuration "{prefix}{key}" with `{value!r}`.')
[2m[36m(QPlexFocusTrainer pid=299114)[0m 2026-08-25 19:32:30,842	INFO simple_q.py:161 -- In multi-agent mode, policies will be optimized sequentially by the multi-GPU optimizer. Consider setting `simple_optimizer=True` if this doesn't work for you.
[2m[36m(QPlexFocusTrainer pid=299114)[0m 2026-08-25 19:32:30,843	INFO trainer.py:864 -- Current log_level is WARN. For more information, set 'log_level': 'INFO' / 'DEBUG' or use the -v and -vv flags.
[2m[36m(RolloutWorker pid=299172)[0m /home/pavt1024/vsn/mate/mate/environment.py:105: UserWarning: [33mWARN: Override configuration "reward_type" with `'dense'`.[0m
[2m[36m(RolloutWorker pid=299172)[0m   gym.logger.warn(f'Override configuration "{prefix}{key}" with `{value!r}`.')
[2m[36m(RolloutWorker pid=299172)[0m /home/pavt1024/vsn/mate/mate/environment.py:105: UserWarning: [33mWARN: Override configuration "shuffle_entities" with `False`.[0m
[2m[36m(RolloutWorker pid=299172)[0m   gym.logger.warn(f'Override configuration "{prefix}{key}" with `{value!r}`.')
2026-08-25 19:32:35,878	ERROR trial_runner.py:876 -- Trial QPLEX_FOCUS_mate-qplex_focus.camera_c02f5_00000: Error processing event.
NoneType: None
2026-08-25 19:32:35,881	INFO trial_runner.py:1239 -- Trial QPLEX_FOCUS_mate-qplex_focus.camera_c02f5_00000: Attempting to restore trial state from last checkpoint.
[2m[36m(QPlexFocusTrainer pid=299114)[0m 2026-08-25 19:32:35,861	ERROR worker.py:449 -- Exception raised in creation task: The actor died because of an error raised in its creation task, [36mray::QPlexFocusTrainer.__init__()[39m (pid=299114, ip=172.27.211.168, repr=QPlexFocusTrainer)
[2m[36m(QPlexFocusTrainer pid=299114)[0m   File "/home/pavt1024/vsn/mate/ray/rllib/agents/trainer.py", line 1035, in _init
[2m[36m(QPlexFocusTrainer pid=299114)[0m     raise NotImplementedError
[2m[36m(QPlexFocusTrainer pid=299114)[0m NotImplementedError
[2m[36m(QPlexFocusTrainer pid=299114)[0m 
[2m[36m(QPlexFocusTrainer pid=299114)[0m During handling of the above exception, another exception occurred:
[2m[36m(QPlexFocusTrainer pid=299114)[0m 
[2m[36m(QPlexFocusTrainer pid=299114)[0m [36mray::QPlexFocusTrainer.__init__()[39m (pid=299114, ip=172.27.211.168, repr=QPlexFocusTrainer)
[2m[36m(QPlexFocusTrainer pid=299114)[0m   File "/home/pavt1024/vsn/mate/ray/rllib/agents/trainer.py", line 830, in __init__
[2m[36m(QPlexFocusTrainer pid=299114)[0m     super().__init__(
[2m[36m(QPlexFocusTrainer pid=299114)[0m   File "/home/pavt1024/vsn/mate/ray/tune/trainable.py", line 149, in __init__
[2m[36m(QPlexFocusTrainer pid=299114)[0m     self.setup(copy.deepcopy(self.config))
[2m[36m(QPlexFocusTrainer pid=299114)[0m   File "/home/pavt1024/vsn/mate/ray/rllib/agents/trainer.py", line 911, in setup
[2m[36m(QPlexFocusTrainer pid=299114)[0m     self.workers = WorkerSet(
[2m[36m(QPlexFocusTrainer pid=299114)[0m   File "/home/pavt1024/vsn/mate/ray/rllib/evaluation/worker_set.py", line 134, in __init__
[2m[36m(QPlexFocusTrainer pid=299114)[0m     remote_spaces = ray.get(
[2m[36m(QPlexFocusTrainer pid=299114)[0m ray.exceptions.RayActorError: The actor died because of an error raised in its creation task, [36mray::RolloutWorker.__init__()[39m (pid=299172, ip=172.27.211.168, repr=<ray.rllib.evaluation.rollout_worker.RolloutWorker object at 0x7bc613cd5d30>)
[2m[36m(QPlexFocusTrainer pid=299114)[0m   File "/home/pavt1024/vsn/mate/ray/rllib/evaluation/rollout_worker.py", line 626, in __init__
[2m[36m(QPlexFocusTrainer pid=299114)[0m     self._build_policy_map(
[2m[36m(QPlexFocusTrainer pid=299114)[0m   File "/home/pavt1024/vsn/mate/ray/rllib/evaluation/rollout_worker.py", line 1713, in _build_policy_map
[2m[36m(QPlexFocusTrainer pid=299114)[0m     preprocessor = ModelCatalog.get_preprocessor_for_space(
[2m[36m(QPlexFocusTrainer pid=299114)[0m   File "/home/pavt1024/vsn/mate/ray/rllib/models/catalog.py", line 781, in get_preprocessor_for_space
[2m[36m(QPlexFocusTrainer pid=299114)[0m     raise Exception(
[2m[36m(QPlexFocusTrainer pid=299114)[0m Exception: Unknown config key `focus_bias_hidden_dim`, all keys: ['_use_default_native_models', '_disable_preprocessor_api', '_disable_action_flattening', 'fcnet_hiddens', 'fcnet_activation', 'conv_filters', 'conv_activation', 'post_fcnet_hiddens', 'post_fcnet_activation', 'free_log_std', 'no_final_linear', 'vf_share_layers', 'use_lstm', 'max_seq_len', 'lstm_cell_size', 'lstm_use_prev_action', 'lstm_use_prev_reward', '_time_major', 'use_attention', 'attention_num_transformer_units', 'attention_dim', 'attention_num_heads', 'attention_head_dim', 'attention_memory_inference', 'attention_memory_training', 'attention_position_wise_mlp_dim', 'attention_init_gru_gate_bias', 'attention_use_n_prev_actions', 'attention_use_n_prev_rewards', 'framestack', 'dim', 'grayscale', 'zero_mean', 'custom_model', 'custom_model_config', 'custom_action_dist', 'custom_preprocessor', 'lstm_use_prev_action_reward']
[2m[36m(RolloutWorker pid=299172)[0m 2026-08-25 19:32:35,850	ERROR worker.py:449 -- Exception raised in creation task: The actor died because of an error raised in its creation task, [36mray::RolloutWorker.__init__()[39m (pid=299172, ip=172.27.211.168, repr=<ray.rllib.evaluation.rollout_worker.RolloutWorker object at 0x7bc613cd5d30>)
[2m[36m(RolloutWorker pid=299172)[0m   File "/home/pavt1024/vsn/mate/ray/rllib/evaluation/rollout_worker.py", line 626, in __init__
[2m[36m(RolloutWorker pid=299172)[0m     self._build_policy_map(
[2m[36m(RolloutWorker pid=299172)[0m   File "/home/pavt1024/vsn/mate/ray/rllib/evaluation/rollout_worker.py", line 1713, in _build_policy_map
[2m[36m(RolloutWorker pid=299172)[0m     preprocessor = ModelCatalog.get_preprocessor_for_space(
[2m[36m(RolloutWorker pid=299172)[0m   File "/home/pavt1024/vsn/mate/ray/rllib/models/catalog.py", line 781, in get_preprocessor_for_space
[2m[36m(RolloutWorker pid=299172)[0m     raise Exception(
[2m[36m(RolloutWorker pid=299172)[0m Exception: Unknown config key `focus_bias_hidden_dim`, all keys: ['_use_default_native_models', '_disable_preprocessor_api', '_disable_action_flattening', 'fcnet_hiddens', 'fcnet_activation', 'conv_filters', 'conv_activation', 'post_fcnet_hiddens', 'post_fcnet_activation', 'free_log_std', 'no_final_linear', 'vf_share_layers', 'use_lstm', 'max_seq_len', 'lstm_cell_size', 'lstm_use_prev_action', 'lstm_use_prev_reward', '_time_major', 'use_attention', 'attention_num_transformer_units', 'attention_dim', 'attention_num_heads', 'attention_head_dim', 'attention_memory_inference', 'attention_memory_training', 'attention_position_wise_mlp_dim', 'attention_init_gru_gate_bias', 'attention_use_n_prev_actions', 'attention_use_n_prev_rewards', 'framestack', 'dim', 'grayscale', 'zero_mean', 'custom_model', 'custom_model_config', 'custom_action_dist', 'custom_preprocessor', 'lstm_use_prev_action_reward']
2026-08-25 19:32:36,138	INFO trial_runner.py:803 -- starting QPLEX_FOCUS_mate-qplex_focus.camera_c02f5_00000
wandb: WARNING `start_method` is deprecated and will be removed in a future version of wandb. This setting is currently non-functional and safely ignored.
[2m[36m(QPlexFocusTrainer pid=299210)[0m /home/pavt1024/vsn/mate/mate/environment.py:105: UserWarning: [33mWARN: Override configuration "reward_type" with `'dense'`.[0m
[2m[36m(QPlexFocusTrainer pid=299210)[0m   gym.logger.warn(f'Override configuration "{prefix}{key}" with `{value!r}`.')
[2m[36m(QPlexFocusTrainer pid=299210)[0m /home/pavt1024/vsn/mate/mate/environment.py:105: UserWarning: [33mWARN: Override configuration "shuffle_entities" with `False`.[0m
[2m[36m(QPlexFocusTrainer pid=299210)[0m   gym.logger.warn(f'Override configuration "{prefix}{key}" with `{value!r}`.')
[2m[36m(QPlexFocusTrainer pid=299210)[0m 2026-08-25 19:32:40,594	INFO simple_q.py:161 -- In multi-agent mode, policies will be optimized sequentially by the multi-GPU optimizer. Consider setting `simple_optimizer=True` if this doesn't work for you.
[2m[36m(QPlexFocusTrainer pid=299210)[0m 2026-08-25 19:32:40,594	INFO trainer.py:864 -- Current log_level is WARN. For more information, set 'log_level': 'INFO' / 'DEBUG' or use the -v and -vv flags.
[2m[36m(RolloutWorker pid=299266)[0m /home/pavt1024/vsn/mate/mate/environment.py:105: UserWarning: [33mWARN: Override configuration "reward_type" with `'dense'`.[0m
[2m[36m(RolloutWorker pid=299266)[0m   gym.logger.warn(f'Override configuration "{prefix}{key}" with `{value!r}`.')
[2m[36m(RolloutWorker pid=299266)[0m /home/pavt1024/vsn/mate/mate/environment.py:105: UserWarning: [33mWARN: Override configuration "shuffle_entities" with `False`.[0m
[2m[36m(RolloutWorker pid=299266)[0m   gym.logger.warn(f'Override configuration "{prefix}{key}" with `{value!r}`.')
[2m[36m(RolloutWorker pid=299266)[0m 2026-08-25 19:32:45,734	ERROR worker.py:449 -- Exception raised in creation task: The actor died because of an error raised in its creation task, [36mray::RolloutWorker.__init__()[39m (pid=299266, ip=172.27.211.168, repr=<ray.rllib.evaluation.rollout_worker.RolloutWorker object at 0x7f251c0b0d30>)
[2m[36m(RolloutWorker pid=299266)[0m   File "/home/pavt1024/vsn/mate/ray/rllib/evaluation/rollout_worker.py", line 626, in __init__
[2m[36m(RolloutWorker pid=299266)[0m     self._build_policy_map(
[2m[36m(RolloutWorker pid=299266)[0m   File "/home/pavt1024/vsn/mate/ray/rllib/evaluation/rollout_worker.py", line 1713, in _build_policy_map
[2m[36m(RolloutWorker pid=299266)[0m     preprocessor = ModelCatalog.get_preprocessor_for_space(
[2m[36m(RolloutWorker pid=299266)[0m   File "/home/pavt1024/vsn/mate/ray/rllib/models/catalog.py", line 781, in get_preprocessor_for_space
[2m[36m(RolloutWorker pid=299266)[0m     raise Exception(
[2m[36m(RolloutWorker pid=299266)[0m Exception: Unknown config key `focus_bias_hidden_dim`, all keys: ['_use_default_native_models', '_disable_preprocessor_api', '_disable_action_flattening', 'fcnet_hiddens', 'fcnet_activation', 'conv_filters', 'conv_activation', 'post_fcnet_hiddens', 'post_fcnet_activation', 'free_log_std', 'no_final_linear', 'vf_share_layers', 'use_lstm', 'max_seq_len', 'lstm_cell_size', 'lstm_use_prev_action', 'lstm_use_prev_reward', '_time_major', 'use_attention', 'attention_num_transformer_units', 'attention_dim', 'attention_num_heads', 'attention_head_dim', 'attention_memory_inference', 'attention_memory_training', 'attention_position_wise_mlp_dim', 'attention_init_gru_gate_bias', 'attention_use_n_prev_actions', 'attention_use_n_prev_rewards', 'framestack', 'dim', 'grayscale', 'zero_mean', 'custom_model', 'custom_model_config', 'custom_action_dist', 'custom_preprocessor', 'lstm_use_prev_action_reward']
2026-08-25 19:32:45,773	ERROR trial_runner.py:876 -- Trial QPLEX_FOCUS_mate-qplex_focus.camera_c02f5_00000: Error processing event.
NoneType: None
2026-08-25 19:32:45,777	INFO trial_runner.py:1239 -- Trial QPLEX_FOCUS_mate-qplex_focus.camera_c02f5_00000: Attempting to restore trial state from last checkpoint.
[2m[36m(QPlexFocusTrainer pid=299210)[0m 2026-08-25 19:32:45,761	ERROR worker.py:449 -- Exception raised in creation task: The actor died because of an error raised in its creation task, [36mray::QPlexFocusTrainer.__init__()[39m (pid=299210, ip=172.27.211.168, repr=QPlexFocusTrainer)
[2m[36m(QPlexFocusTrainer pid=299210)[0m   File "/home/pavt1024/vsn/mate/ray/rllib/agents/trainer.py", line 1035, in _init
[2m[36m(QPlexFocusTrainer pid=299210)[0m     raise NotImplementedError
[2m[36m(QPlexFocusTrainer pid=299210)[0m NotImplementedError
[2m[36m(QPlexFocusTrainer pid=299210)[0m 
[2m[36m(QPlexFocusTrainer pid=299210)[0m During handling of the above exception, another exception occurred:
[2m[36m(QPlexFocusTrainer pid=299210)[0m 
[2m[36m(QPlexFocusTrainer pid=299210)[0m [36mray::QPlexFocusTrainer.__init__()[39m (pid=299210, ip=172.27.211.168, repr=QPlexFocusTrainer)
[2m[36m(QPlexFocusTrainer pid=299210)[0m   File "/home/pavt1024/vsn/mate/ray/rllib/agents/trainer.py", line 830, in __init__
[2m[36m(QPlexFocusTrainer pid=299210)[0m     super().__init__(
[2m[36m(QPlexFocusTrainer pid=299210)[0m   File "/home/pavt1024/vsn/mate/ray/tune/trainable.py", line 149, in __init__
[2m[36m(QPlexFocusTrainer pid=299210)[0m     self.setup(copy.deepcopy(self.config))
[2m[36m(QPlexFocusTrainer pid=299210)[0m   File "/home/pavt1024/vsn/mate/ray/rllib/agents/trainer.py", line 911, in setup
[2m[36m(QPlexFocusTrainer pid=299210)[0m     self.workers = WorkerSet(
[2m[36m(QPlexFocusTrainer pid=299210)[0m   File "/home/pavt1024/vsn/mate/ray/rllib/evaluation/worker_set.py", line 134, in __init__
[2m[36m(QPlexFocusTrainer pid=299210)[0m     remote_spaces = ray.get(
[2m[36m(QPlexFocusTrainer pid=299210)[0m ray.exceptions.RayActorError: The actor died because of an error raised in its creation task, [36mray::RolloutWorker.__init__()[39m (pid=299266, ip=172.27.211.168, repr=<ray.rllib.evaluation.rollout_worker.RolloutWorker object at 0x7f251c0b0d30>)
[2m[36m(QPlexFocusTrainer pid=299210)[0m   File "/home/pavt1024/vsn/mate/ray/rllib/evaluation/rollout_worker.py", line 626, in __init__
[2m[36m(QPlexFocusTrainer pid=299210)[0m     self._build_policy_map(
[2m[36m(QPlexFocusTrainer pid=299210)[0m   File "/home/pavt1024/vsn/mate/ray/rllib/evaluation/rollout_worker.py", line 1713, in _build_policy_map
[2m[36m(QPlexFocusTrainer pid=299210)[0m     preprocessor = ModelCatalog.get_preprocessor_for_space(
[2m[36m(QPlexFocusTrainer pid=299210)[0m   File "/home/pavt1024/vsn/mate/ray/rllib/models/catalog.py", line 781, in get_preprocessor_for_space
[2m[36m(QPlexFocusTrainer pid=299210)[0m     raise Exception(
[2m[36m(QPlexFocusTrainer pid=299210)[0m Exception: Unknown config key `focus_bias_hidden_dim`, all keys: ['_use_default_native_models', '_disable_preprocessor_api', '_disable_action_flattening', 'fcnet_hiddens', 'fcnet_activation', 'conv_filters', 'conv_activation', 'post_fcnet_hiddens', 'post_fcnet_activation', 'free_log_std', 'no_final_linear', 'vf_share_layers', 'use_lstm', 'max_seq_len', 'lstm_cell_size', 'lstm_use_prev_action', 'lstm_use_prev_reward', '_time_major', 'use_attention', 'attention_num_transformer_units', 'attention_dim', 'attention_num_heads', 'attention_head_dim', 'attention_memory_inference', 'attention_memory_training', 'attention_position_wise_mlp_dim', 'attention_init_gru_gate_bias', 'attention_use_n_prev_actions', 'attention_use_n_prev_rewards', 'framestack', 'dim', 'grayscale', 'zero_mean', 'custom_model', 'custom_model_config', 'custom_action_dist', 'custom_preprocessor', 'lstm_use_prev_action_reward']
2026-08-25 19:32:46,140	INFO trial_runner.py:803 -- starting QPLEX_FOCUS_mate-qplex_focus.camera_c02f5_00000
wandb: WARNING `start_method` is deprecated and will be removed in a future version of wandb. This setting is currently non-functional and safely ignored.
[2m[36m(QPlexFocusTrainer pid=299302)[0m /home/pavt1024/vsn/mate/mate/environment.py:105: UserWarning: [33mWARN: Override configuration "reward_type" with `'dense'`.[0m
[2m[36m(QPlexFocusTrainer pid=299302)[0m   gym.logger.warn(f'Override configuration "{prefix}{key}" with `{value!r}`.')
[2m[36m(QPlexFocusTrainer pid=299302)[0m /home/pavt1024/vsn/mate/mate/environment.py:105: UserWarning: [33mWARN: Override configuration "shuffle_entities" with `False`.[0m
[2m[36m(QPlexFocusTrainer pid=299302)[0m   gym.logger.warn(f'Override configuration "{prefix}{key}" with `{value!r}`.')
[2m[36m(QPlexFocusTrainer pid=299302)[0m 2026-08-25 19:32:50,389	INFO simple_q.py:161 -- In multi-agent mode, policies will be optimized sequentially by the multi-GPU optimizer. Consider setting `simple_optimizer=True` if this doesn't work for you.
[2m[36m(QPlexFocusTrainer pid=299302)[0m 2026-08-25 19:32:50,389	INFO trainer.py:864 -- Current log_level is WARN. For more information, set 'log_level': 'INFO' / 'DEBUG' or use the -v and -vv flags.
[2m[36m(RolloutWorker pid=299359)[0m /home/pavt1024/vsn/mate/mate/environment.py:105: UserWarning: [33mWARN: Override configuration "reward_type" with `'dense'`.[0m
[2m[36m(RolloutWorker pid=299359)[0m   gym.logger.warn(f'Override configuration "{prefix}{key}" with `{value!r}`.')
[2m[36m(RolloutWorker pid=299359)[0m /home/pavt1024/vsn/mate/mate/environment.py:105: UserWarning: [33mWARN: Override configuration "shuffle_entities" with `False`.[0m
[2m[36m(RolloutWorker pid=299359)[0m   gym.logger.warn(f'Override configuration "{prefix}{key}" with `{value!r}`.')
2026-08-25 19:32:55,135	ERROR trial_runner.py:876 -- Trial QPLEX_FOCUS_mate-qplex_focus.camera_c02f5_00000: Error processing event.
NoneType: None
2026-08-25 19:32:55,137	INFO trial_runner.py:1239 -- Trial QPLEX_FOCUS_mate-qplex_focus.camera_c02f5_00000: Attempting to restore trial state from last checkpoint.
[2m[36m(QPlexFocusTrainer pid=299302)[0m 2026-08-25 19:32:55,121	ERROR worker.py:449 -- Exception raised in creation task: The actor died because of an error raised in its creation task, [36mray::QPlexFocusTrainer.__init__()[39m (pid=299302, ip=172.27.211.168, repr=QPlexFocusTrainer)
[2m[36m(QPlexFocusTrainer pid=299302)[0m   File "/home/pavt1024/vsn/mate/ray/rllib/agents/trainer.py", line 1035, in _init
[2m[36m(QPlexFocusTrainer pid=299302)[0m     raise NotImplementedError
[2m[36m(QPlexFocusTrainer pid=299302)[0m NotImplementedError
[2m[36m(QPlexFocusTrainer pid=299302)[0m 
[2m[36m(QPlexFocusTrainer pid=299302)[0m During handling of the above exception, another exception occurred:
[2m[36m(QPlexFocusTrainer pid=299302)[0m 
[2m[36m(QPlexFocusTrainer pid=299302)[0m [36mray::QPlexFocusTrainer.__init__()[39m (pid=299302, ip=172.27.211.168, repr=QPlexFocusTrainer)
[2m[36m(QPlexFocusTrainer pid=299302)[0m   File "/home/pavt1024/vsn/mate/ray/rllib/agents/trainer.py", line 830, in __init__
[2m[36m(QPlexFocusTrainer pid=299302)[0m     super().__init__(
[2m[36m(QPlexFocusTrainer pid=299302)[0m   File "/home/pavt1024/vsn/mate/ray/tune/trainable.py", line 149, in __init__
[2m[36m(QPlexFocusTrainer pid=299302)[0m     self.setup(copy.deepcopy(self.config))
[2m[36m(QPlexFocusTrainer pid=299302)[0m   File "/home/pavt1024/vsn/mate/ray/rllib/agents/trainer.py", line 911, in setup
[2m[36m(QPlexFocusTrainer pid=299302)[0m     self.workers = WorkerSet(
[2m[36m(QPlexFocusTrainer pid=299302)[0m   File "/home/pavt1024/vsn/mate/ray/rllib/evaluation/worker_set.py", line 134, in __init__
[2m[36m(QPlexFocusTrainer pid=299302)[0m     remote_spaces = ray.get(
[2m[36m(QPlexFocusTrainer pid=299302)[0m ray.exceptions.RayActorError: The actor died because of an error raised in its creation task, [36mray::RolloutWorker.__init__()[39m (pid=299359, ip=172.27.211.168, repr=<ray.rllib.evaluation.rollout_worker.RolloutWorker object at 0x720c59b29d30>)
[2m[36m(QPlexFocusTrainer pid=299302)[0m   File "/home/pavt1024/vsn/mate/ray/rllib/evaluation/rollout_worker.py", line 626, in __init__
[2m[36m(QPlexFocusTrainer pid=299302)[0m     self._build_policy_map(
[2m[36m(QPlexFocusTrainer pid=299302)[0m   File "/home/pavt1024/vsn/mate/ray/rllib/evaluation/rollout_worker.py", line 1713, in _build_policy_map
[2m[36m(QPlexFocusTrainer pid=299302)[0m     preprocessor = ModelCatalog.get_preprocessor_for_space(
[2m[36m(QPlexFocusTrainer pid=299302)[0m   File "/home/pavt1024/vsn/mate/ray/rllib/models/catalog.py", line 781, in get_preprocessor_for_space
[2m[36m(QPlexFocusTrainer pid=299302)[0m     raise Exception(
[2m[36m(QPlexFocusTrainer pid=299302)[0m Exception: Unknown config key `focus_bias_hidden_dim`, all keys: ['_use_default_native_models', '_disable_preprocessor_api', '_disable_action_flattening', 'fcnet_hiddens', 'fcnet_activation', 'conv_filters', 'conv_activation', 'post_fcnet_hiddens', 'post_fcnet_activation', 'free_log_std', 'no_final_linear', 'vf_share_layers', 'use_lstm', 'max_seq_len', 'lstm_cell_size', 'lstm_use_prev_action', 'lstm_use_prev_reward', '_time_major', 'use_attention', 'attention_num_transformer_units', 'attention_dim', 'attention_num_heads', 'attention_head_dim', 'attention_memory_inference', 'attention_memory_training', 'attention_position_wise_mlp_dim', 'attention_init_gru_gate_bias', 'attention_use_n_prev_actions', 'attention_use_n_prev_rewards', 'framestack', 'dim', 'grayscale', 'zero_mean', 'custom_model', 'custom_model_config', 'custom_action_dist', 'custom_preprocessor', 'lstm_use_prev_action_reward']
[2m[36m(RolloutWorker pid=299359)[0m 2026-08-25 19:32:55,111	ERROR worker.py:449 -- Exception raised in creation task: The actor died because of an error raised in its creation task, [36mray::RolloutWorker.__init__()[39m (pid=299359, ip=172.27.211.168, repr=<ray.rllib.evaluation.rollout_worker.RolloutWorker object at 0x720c59b29d30>)
[2m[36m(RolloutWorker pid=299359)[0m   File "/home/pavt1024/vsn/mate/ray/rllib/evaluation/rollout_worker.py", line 626, in __init__
[2m[36m(RolloutWorker pid=299359)[0m     self._build_policy_map(
[2m[36m(RolloutWorker pid=299359)[0m   File "/home/pavt1024/vsn/mate/ray/rllib/evaluation/rollout_worker.py", line 1713, in _build_policy_map
[2m[36m(RolloutWorker pid=299359)[0m     preprocessor = ModelCatalog.get_preprocessor_for_space(
[2m[36m(RolloutWorker pid=299359)[0m   File "/home/pavt1024/vsn/mate/ray/rllib/models/catalog.py", line 781, in get_preprocessor_for_space
[2m[36m(RolloutWorker pid=299359)[0m     raise Exception(
[2m[36m(RolloutWorker pid=299359)[0m Exception: Unknown config key `focus_bias_hidden_dim`, all keys: ['_use_default_native_models', '_disable_preprocessor_api', '_disable_action_flattening', 'fcnet_hiddens', 'fcnet_activation', 'conv_filters', 'conv_activation', 'post_fcnet_hiddens', 'post_fcnet_activation', 'free_log_std', 'no_final_linear', 'vf_share_layers', 'use_lstm', 'max_seq_len', 'lstm_cell_size', 'lstm_use_prev_action', 'lstm_use_prev_reward', '_time_major', 'use_attention', 'attention_num_transformer_units', 'attention_dim', 'attention_num_heads', 'attention_head_dim', 'attention_memory_inference', 'attention_memory_training', 'attention_position_wise_mlp_dim', 'attention_init_gru_gate_bias', 'attention_use_n_prev_actions', 'attention_use_n_prev_rewards', 'framestack', 'dim', 'grayscale', 'zero_mean', 'custom_model', 'custom_model_config', 'custom_action_dist', 'custom_preprocessor', 'lstm_use_prev_action_reward']
2026-08-25 19:32:56,143	INFO trial_runner.py:803 -- starting QPLEX_FOCUS_mate-qplex_focus.camera_c02f5_00000
wandb: WARNING `start_method` is deprecated and will be removed in a future version of wandb. This setting is currently non-functional and safely ignored.
[2m[36m(QPlexFocusTrainer pid=299395)[0m /home/pavt1024/vsn/mate/mate/environment.py:105: UserWarning: [33mWARN: Override configuration "reward_type" with `'dense'`.[0m
[2m[36m(QPlexFocusTrainer pid=299395)[0m   gym.logger.warn(f'Override configuration "{prefix}{key}" with `{value!r}`.')
[2m[36m(QPlexFocusTrainer pid=299395)[0m /home/pavt1024/vsn/mate/mate/environment.py:105: UserWarning: [33mWARN: Override configuration "shuffle_entities" with `False`.[0m
[2m[36m(QPlexFocusTrainer pid=299395)[0m   gym.logger.warn(f'Override configuration "{prefix}{key}" with `{value!r}`.')
[2m[36m(QPlexFocusTrainer pid=299395)[0m 2026-08-25 19:33:00,244	INFO simple_q.py:161 -- In multi-agent mode, policies will be optimized sequentially by the multi-GPU optimizer. Consider setting `simple_optimizer=True` if this doesn't work for you.
[2m[36m(QPlexFocusTrainer pid=299395)[0m 2026-08-25 19:33:00,245	INFO trainer.py:864 -- Current log_level is WARN. For more information, set 'log_level': 'INFO' / 'DEBUG' or use the -v and -vv flags.
[2m[36m(RolloutWorker pid=299454)[0m /home/pavt1024/vsn/mate/mate/environment.py:105: UserWarning: [33mWARN: Override configuration "reward_type" with `'dense'`.[0m
[2m[36m(RolloutWorker pid=299454)[0m   gym.logger.warn(f'Override configuration "{prefix}{key}" with `{value!r}`.')
[2m[36m(RolloutWorker pid=299454)[0m /home/pavt1024/vsn/mate/mate/environment.py:105: UserWarning: [33mWARN: Override configuration "shuffle_entities" with `False`.[0m
[2m[36m(RolloutWorker pid=299454)[0m   gym.logger.warn(f'Override configuration "{prefix}{key}" with `{value!r}`.')
2026-08-25 19:33:05,149	ERROR trial_runner.py:876 -- Trial QPLEX_FOCUS_mate-qplex_focus.camera_c02f5_00000: Error processing event.
NoneType: None
2026-08-25 19:33:05,152	INFO trial_runner.py:1239 -- Trial QPLEX_FOCUS_mate-qplex_focus.camera_c02f5_00000: Attempting to restore trial state from last checkpoint.
[2m[36m(QPlexFocusTrainer pid=299395)[0m 2026-08-25 19:33:05,133	ERROR worker.py:449 -- Exception raised in creation task: The actor died because of an error raised in its creation task, [36mray::QPlexFocusTrainer.__init__()[39m (pid=299395, ip=172.27.211.168, repr=QPlexFocusTrainer)
[2m[36m(QPlexFocusTrainer pid=299395)[0m   File "/home/pavt1024/vsn/mate/ray/rllib/agents/trainer.py", line 1035, in _init
[2m[36m(QPlexFocusTrainer pid=299395)[0m     raise NotImplementedError
[2m[36m(QPlexFocusTrainer pid=299395)[0m NotImplementedError
[2m[36m(QPlexFocusTrainer pid=299395)[0m 
[2m[36m(QPlexFocusTrainer pid=299395)[0m During handling of the above exception, another exception occurred:
[2m[36m(QPlexFocusTrainer pid=299395)[0m 
[2m[36m(QPlexFocusTrainer pid=299395)[0m [36mray::QPlexFocusTrainer.__init__()[39m (pid=299395, ip=172.27.211.168, repr=QPlexFocusTrainer)
[2m[36m(QPlexFocusTrainer pid=299395)[0m   File "/home/pavt1024/vsn/mate/ray/rllib/agents/trainer.py", line 830, in __init__
[2m[36m(QPlexFocusTrainer pid=299395)[0m     super().__init__(
[2m[36m(QPlexFocusTrainer pid=299395)[0m   File "/home/pavt1024/vsn/mate/ray/tune/trainable.py", line 149, in __init__
[2m[36m(QPlexFocusTrainer pid=299395)[0m     self.setup(copy.deepcopy(self.config))
[2m[36m(QPlexFocusTrainer pid=299395)[0m   File "/home/pavt1024/vsn/mate/ray/rllib/agents/trainer.py", line 911, in setup
[2m[36m(QPlexFocusTrainer pid=299395)[0m     self.workers = WorkerSet(
[2m[36m(QPlexFocusTrainer pid=299395)[0m   File "/home/pavt1024/vsn/mate/ray/rllib/evaluation/worker_set.py", line 134, in __init__
[2m[36m(QPlexFocusTrainer pid=299395)[0m     remote_spaces = ray.get(
[2m[36m(QPlexFocusTrainer pid=299395)[0m ray.exceptions.RayActorError: The actor died because of an error raised in its creation task, [36mray::RolloutWorker.__init__()[39m (pid=299454, ip=172.27.211.168, repr=<ray.rllib.evaluation.rollout_worker.RolloutWorker object at 0x7ebe4061ed30>)
[2m[36m(QPlexFocusTrainer pid=299395)[0m   File "/home/pavt1024/vsn/mate/ray/rllib/evaluation/rollout_worker.py", line 626, in __init__
[2m[36m(QPlexFocusTrainer pid=299395)[0m     self._build_policy_map(
[2m[36m(QPlexFocusTrainer pid=299395)[0m   File "/home/pavt1024/vsn/mate/ray/rllib/evaluation/rollout_worker.py", line 1713, in _build_policy_map
[2m[36m(QPlexFocusTrainer pid=299395)[0m     preprocessor = ModelCatalog.get_preprocessor_for_space(
[2m[36m(QPlexFocusTrainer pid=299395)[0m   File "/home/pavt1024/vsn/mate/ray/rllib/models/catalog.py", line 781, in get_preprocessor_for_space
[2m[36m(QPlexFocusTrainer pid=299395)[0m     raise Exception(
[2m[36m(QPlexFocusTrainer pid=299395)[0m Exception: Unknown config key `focus_bias_hidden_dim`, all keys: ['_use_default_native_models', '_disable_preprocessor_api', '_disable_action_flattening', 'fcnet_hiddens', 'fcnet_activation', 'conv_filters', 'conv_activation', 'post_fcnet_hiddens', 'post_fcnet_activation', 'free_log_std', 'no_final_linear', 'vf_share_layers', 'use_lstm', 'max_seq_len', 'lstm_cell_size', 'lstm_use_prev_action', 'lstm_use_prev_reward', '_time_major', 'use_attention', 'attention_num_transformer_units', 'attention_dim', 'attention_num_heads', 'attention_head_dim', 'attention_memory_inference', 'attention_memory_training', 'attention_position_wise_mlp_dim', 'attention_init_gru_gate_bias', 'attention_use_n_prev_actions', 'attention_use_n_prev_rewards', 'framestack', 'dim', 'grayscale', 'zero_mean', 'custom_model', 'custom_model_config', 'custom_action_dist', 'custom_preprocessor', 'lstm_use_prev_action_reward']
[2m[36m(RolloutWorker pid=299454)[0m 2026-08-25 19:33:05,122	ERROR worker.py:449 -- Exception raised in creation task: The actor died because of an error raised in its creation task, [36mray::RolloutWorker.__init__()[39m (pid=299454, ip=172.27.211.168, repr=<ray.rllib.evaluation.rollout_worker.RolloutWorker object at 0x7ebe4061ed30>)
[2m[36m(RolloutWorker pid=299454)[0m   File "/home/pavt1024/vsn/mate/ray/rllib/evaluation/rollout_worker.py", line 626, in __init__
[2m[36m(RolloutWorker pid=299454)[0m     self._build_policy_map(
[2m[36m(RolloutWorker pid=299454)[0m   File "/home/pavt1024/vsn/mate/ray/rllib/evaluation/rollout_worker.py", line 1713, in _build_policy_map
[2m[36m(RolloutWorker pid=299454)[0m     preprocessor = ModelCatalog.get_preprocessor_for_space(
[2m[36m(RolloutWorker pid=299454)[0m   File "/home/pavt1024/vsn/mate/ray/rllib/models/catalog.py", line 781, in get_preprocessor_for_space
[2m[36m(RolloutWorker pid=299454)[0m     raise Exception(
[2m[36m(RolloutWorker pid=299454)[0m Exception: Unknown config key `focus_bias_hidden_dim`, all keys: ['_use_default_native_models', '_disable_preprocessor_api', '_disable_action_flattening', 'fcnet_hiddens', 'fcnet_activation', 'conv_filters', 'conv_activation', 'post_fcnet_hiddens', 'post_fcnet_activation', 'free_log_std', 'no_final_linear', 'vf_share_layers', 'use_lstm', 'max_seq_len', 'lstm_cell_size', 'lstm_use_prev_action', 'lstm_use_prev_reward', '_time_major', 'use_attention', 'attention_num_transformer_units', 'attention_dim', 'attention_num_heads', 'attention_head_dim', 'attention_memory_inference', 'attention_memory_training', 'attention_position_wise_mlp_dim', 'attention_init_gru_gate_bias', 'attention_use_n_prev_actions', 'attention_use_n_prev_rewards', 'framestack', 'dim', 'grayscale', 'zero_mean', 'custom_model', 'custom_model_config', 'custom_action_dist', 'custom_preprocessor', 'lstm_use_prev_action_reward']
2026-08-25 19:33:06,144	INFO trial_runner.py:803 -- starting QPLEX_FOCUS_mate-qplex_focus.camera_c02f5_00000
wandb: WARNING `start_method` is deprecated and will be removed in a future version of wandb. This setting is currently non-functional and safely ignored.
[2m[36m(QPlexFocusTrainer pid=299490)[0m /home/pavt1024/vsn/mate/mate/environment.py:105: UserWarning: [33mWARN: Override configuration "reward_type" with `'dense'`.[0m
[2m[36m(QPlexFocusTrainer pid=299490)[0m   gym.logger.warn(f'Override configuration "{prefix}{key}" with `{value!r}`.')
[2m[36m(QPlexFocusTrainer pid=299490)[0m /home/pavt1024/vsn/mate/mate/environment.py:105: UserWarning: [33mWARN: Override configuration "shuffle_entities" with `False`.[0m
[2m[36m(QPlexFocusTrainer pid=299490)[0m   gym.logger.warn(f'Override configuration "{prefix}{key}" with `{value!r}`.')
[2m[36m(QPlexFocusTrainer pid=299490)[0m 2026-08-25 19:33:10,374	INFO simple_q.py:161 -- In multi-agent mode, policies will be optimized sequentially by the multi-GPU optimizer. Consider setting `simple_optimizer=True` if this doesn't work for you.
[2m[36m(QPlexFocusTrainer pid=299490)[0m 2026-08-25 19:33:10,374	INFO trainer.py:864 -- Current log_level is WARN. For more information, set 'log_level': 'INFO' / 'DEBUG' or use the -v and -vv flags.
[2m[36m(RolloutWorker pid=299547)[0m /home/pavt1024/vsn/mate/mate/environment.py:105: UserWarning: [33mWARN: Override configuration "reward_type" with `'dense'`.[0m
[2m[36m(RolloutWorker pid=299547)[0m   gym.logger.warn(f'Override configuration "{prefix}{key}" with `{value!r}`.')
[2m[36m(RolloutWorker pid=299547)[0m /home/pavt1024/vsn/mate/mate/environment.py:105: UserWarning: [33mWARN: Override configuration "shuffle_entities" with `False`.[0m
[2m[36m(RolloutWorker pid=299547)[0m   gym.logger.warn(f'Override configuration "{prefix}{key}" with `{value!r}`.')
[2m[36m(RolloutWorker pid=299547)[0m 2026-08-25 19:33:15,039	ERROR worker.py:449 -- Exception raised in creation task: The actor died because of an error raised in its creation task, [36mray::RolloutWorker.__init__()[39m (pid=299547, ip=172.27.211.168, repr=<ray.rllib.evaluation.rollout_worker.RolloutWorker object at 0x73b8da2f7d30>)
[2m[36m(RolloutWorker pid=299547)[0m   File "/home/pavt1024/vsn/mate/ray/rllib/evaluation/rollout_worker.py", line 626, in __init__
[2m[36m(RolloutWorker pid=299547)[0m     self._build_policy_map(
[2m[36m(RolloutWorker pid=299547)[0m   File "/home/pavt1024/vsn/mate/ray/rllib/evaluation/rollout_worker.py", line 1713, in _build_policy_map
[2m[36m(RolloutWorker pid=299547)[0m     preprocessor = ModelCatalog.get_preprocessor_for_space(
[2m[36m(RolloutWorker pid=299547)[0m   File "/home/pavt1024/vsn/mate/ray/rllib/models/catalog.py", line 781, in get_preprocessor_for_space
[2m[36m(RolloutWorker pid=299547)[0m     raise Exception(
[2m[36m(RolloutWorker pid=299547)[0m Exception: Unknown config key `focus_bias_hidden_dim`, all keys: ['_use_default_native_models', '_disable_preprocessor_api', '_disable_action_flattening', 'fcnet_hiddens', 'fcnet_activation', 'conv_filters', 'conv_activation', 'post_fcnet_hiddens', 'post_fcnet_activation', 'free_log_std', 'no_final_linear', 'vf_share_layers', 'use_lstm', 'max_seq_len', 'lstm_cell_size', 'lstm_use_prev_action', 'lstm_use_prev_reward', '_time_major', 'use_attention', 'attention_num_transformer_units', 'attention_dim', 'attention_num_heads', 'attention_head_dim', 'attention_memory_inference', 'attention_memory_training', 'attention_position_wise_mlp_dim', 'attention_init_gru_gate_bias', 'attention_use_n_prev_actions', 'attention_use_n_prev_rewards', 'framestack', 'dim', 'grayscale', 'zero_mean', 'custom_model', 'custom_model_config', 'custom_action_dist', 'custom_preprocessor', 'lstm_use_prev_action_reward']
[2m[36m(QPlexFocusTrainer pid=299490)[0m 2026-08-25 19:33:15,060	ERROR worker.py:449 -- Exception raised in creation task: The actor died because of an error raised in its creation task, [36mray::QPlexFocusTrainer.__init__()[39m (pid=299490, ip=172.27.211.168, repr=QPlexFocusTrainer)
[2m[36m(QPlexFocusTrainer pid=299490)[0m   File "/home/pavt1024/vsn/mate/ray/rllib/agents/trainer.py", line 1035, in _init
[2m[36m(QPlexFocusTrainer pid=299490)[0m     raise NotImplementedError
[2m[36m(QPlexFocusTrainer pid=299490)[0m NotImplementedError
[2m[36m(QPlexFocusTrainer pid=299490)[0m 
[2m[36m(QPlexFocusTrainer pid=299490)[0m During handling of the above exception, another exception occurred:
[2m[36m(QPlexFocusTrainer pid=299490)[0m 
[2m[36m(QPlexFocusTrainer pid=299490)[0m [36mray::QPlexFocusTrainer.__init__()[39m (pid=299490, ip=172.27.211.168, repr=QPlexFocusTrainer)
[2m[36m(QPlexFocusTrainer pid=299490)[0m   File "/home/pavt1024/vsn/mate/ray/rllib/agents/trainer.py", line 830, in __init__
[2m[36m(QPlexFocusTrainer pid=299490)[0m     super().__init__(
[2m[36m(QPlexFocusTrainer pid=299490)[0m   File "/home/pavt1024/vsn/mate/ray/tune/trainable.py", line 149, in __init__
[2m[36m(QPlexFocusTrainer pid=299490)[0m     self.setup(copy.deepcopy(self.config))
[2m[36m(QPlexFocusTrainer pid=299490)[0m   File "/home/pavt1024/vsn/mate/ray/rllib/agents/trainer.py", line 911, in setup
[2m[36m(QPlexFocusTrainer pid=299490)[0m     self.workers = WorkerSet(
[2m[36m(QPlexFocusTrainer pid=299490)[0m   File "/home/pavt1024/vsn/mate/ray/rllib/evaluation/worker_set.py", line 134, in __init__
[2m[36m(QPlexFocusTrainer pid=299490)[0m     remote_spaces = ray.get(
[2m[36m(QPlexFocusTrainer pid=299490)[0m ray.exceptions.RayActorError: The actor died because of an error raised in its creation task, [36mray::RolloutWorker.__init__()[39m (pid=299547, ip=172.27.211.168, repr=<ray.rllib.evaluation.rollout_worker.RolloutWorker object at 0x73b8da2f7d30>)
[2m[36m(QPlexFocusTrainer pid=299490)[0m   File "/home/pavt1024/vsn/mate/ray/rllib/evaluation/rollout_worker.py", line 626, in __init__
[2m[36m(QPlexFocusTrainer pid=299490)[0m     self._build_policy_map(
[2m[36m(QPlexFocusTrainer pid=299490)[0m   File "/home/pavt1024/vsn/mate/ray/rllib/evaluation/rollout_worker.py", line 1713, in _build_policy_map
[2m[36m(QPlexFocusTrainer pid=299490)[0m     preprocessor = ModelCatalog.get_preprocessor_for_space(
[2m[36m(QPlexFocusTrainer pid=299490)[0m   File "/home/pavt1024/vsn/mate/ray/rllib/models/catalog.py", line 781, in get_preprocessor_for_space
[2m[36m(QPlexFocusTrainer pid=299490)[0m     raise Exception(
[2m[36m(QPlexFocusTrainer pid=299490)[0m Exception: Unknown config key `focus_bias_hidden_dim`, all keys: ['_use_default_native_models', '_disable_preprocessor_api', '_disable_action_flattening', 'fcnet_hiddens', 'fcnet_activation', 'conv_filters', 'conv_activation', 'post_fcnet_hiddens', 'post_fcnet_activation', 'free_log_std', 'no_final_linear', 'vf_share_layers', 'use_lstm', 'max_seq_len', 'lstm_cell_size', 'lstm_use_prev_action', 'lstm_use_prev_reward', '_time_major', 'use_attention', 'attention_num_transformer_units', 'attention_dim', 'attention_num_heads', 'attention_head_dim', 'attention_memory_inference', 'attention_memory_training', 'attention_position_wise_mlp_dim', 'attention_init_gru_gate_bias', 'attention_use_n_prev_actions', 'attention_use_n_prev_rewards', 'framestack', 'dim', 'grayscale', 'zero_mean', 'custom_model', 'custom_model_config', 'custom_action_dist', 'custom_preprocessor', 'lstm_use_prev_action_reward']
2026-08-25 19:33:15,073	ERROR trial_runner.py:876 -- Trial QPLEX_FOCUS_mate-qplex_focus.camera_c02f5_00000: Error processing event.
NoneType: None
2026-08-25 19:33:15,075	INFO trial_runner.py:1239 -- Trial QPLEX_FOCUS_mate-qplex_focus.camera_c02f5_00000: Attempting to restore trial state from last checkpoint.
2026-08-25 19:33:16,146	INFO trial_runner.py:803 -- starting QPLEX_FOCUS_mate-qplex_focus.camera_c02f5_00000
wandb: WARNING `start_method` is deprecated and will be removed in a future version of wandb. This setting is currently non-functional and safely ignored.
[2m[36m(QPlexFocusTrainer pid=299583)[0m /home/pavt1024/vsn/mate/mate/environment.py:105: UserWarning: [33mWARN: Override configuration "reward_type" with `'dense'`.[0m
[2m[36m(QPlexFocusTrainer pid=299583)[0m   gym.logger.warn(f'Override configuration "{prefix}{key}" with `{value!r}`.')
[2m[36m(QPlexFocusTrainer pid=299583)[0m /home/pavt1024/vsn/mate/mate/environment.py:105: UserWarning: [33mWARN: Override configuration "shuffle_entities" with `False`.[0m
[2m[36m(QPlexFocusTrainer pid=299583)[0m   gym.logger.warn(f'Override configuration "{prefix}{key}" with `{value!r}`.')
[2m[36m(QPlexFocusTrainer pid=299583)[0m 2026-08-25 19:33:20,259	INFO simple_q.py:161 -- In multi-agent mode, policies will be optimized sequentially by the multi-GPU optimizer. Consider setting `simple_optimizer=True` if this doesn't work for you.
[2m[36m(QPlexFocusTrainer pid=299583)[0m 2026-08-25 19:33:20,260	INFO trainer.py:864 -- Current log_level is WARN. For more information, set 'log_level': 'INFO' / 'DEBUG' or use the -v and -vv flags.
[2m[36m(RolloutWorker pid=299643)[0m /home/pavt1024/vsn/mate/mate/environment.py:105: UserWarning: [33mWARN: Override configuration "reward_type" with `'dense'`.[0m
[2m[36m(RolloutWorker pid=299643)[0m   gym.logger.warn(f'Override configuration "{prefix}{key}" with `{value!r}`.')
[2m[36m(RolloutWorker pid=299643)[0m /home/pavt1024/vsn/mate/mate/environment.py:105: UserWarning: [33mWARN: Override configuration "shuffle_entities" with `False`.[0m
[2m[36m(RolloutWorker pid=299643)[0m   gym.logger.warn(f'Override configuration "{prefix}{key}" with `{value!r}`.')
2026-08-25 19:33:25,054	ERROR trial_runner.py:876 -- Trial QPLEX_FOCUS_mate-qplex_focus.camera_c02f5_00000: Error processing event.
NoneType: None
2026-08-25 19:33:25,057	INFO trial_runner.py:1239 -- Trial QPLEX_FOCUS_mate-qplex_focus.camera_c02f5_00000: Attempting to restore trial state from last checkpoint.
[2m[36m(QPlexFocusTrainer pid=299583)[0m 2026-08-25 19:33:25,041	ERROR worker.py:449 -- Exception raised in creation task: The actor died because of an error raised in its creation task, [36mray::QPlexFocusTrainer.__init__()[39m (pid=299583, ip=172.27.211.168, repr=QPlexFocusTrainer)
[2m[36m(QPlexFocusTrainer pid=299583)[0m   File "/home/pavt1024/vsn/mate/ray/rllib/agents/trainer.py", line 1035, in _init
[2m[36m(QPlexFocusTrainer pid=299583)[0m     raise NotImplementedError
[2m[36m(QPlexFocusTrainer pid=299583)[0m NotImplementedError
[2m[36m(QPlexFocusTrainer pid=299583)[0m 
[2m[36m(QPlexFocusTrainer pid=299583)[0m During handling of the above exception, another exception occurred:
[2m[36m(QPlexFocusTrainer pid=299583)[0m 
[2m[36m(QPlexFocusTrainer pid=299583)[0m [36mray::QPlexFocusTrainer.__init__()[39m (pid=299583, ip=172.27.211.168, repr=QPlexFocusTrainer)
[2m[36m(QPlexFocusTrainer pid=299583)[0m   File "/home/pavt1024/vsn/mate/ray/rllib/agents/trainer.py", line 830, in __init__
[2m[36m(QPlexFocusTrainer pid=299583)[0m     super().__init__(
[2m[36m(QPlexFocusTrainer pid=299583)[0m   File "/home/pavt1024/vsn/mate/ray/tune/trainable.py", line 149, in __init__
[2m[36m(QPlexFocusTrainer pid=299583)[0m     self.setup(copy.deepcopy(self.config))
[2m[36m(QPlexFocusTrainer pid=299583)[0m   File "/home/pavt1024/vsn/mate/ray/rllib/agents/trainer.py", line 911, in setup
[2m[36m(QPlexFocusTrainer pid=299583)[0m     self.workers = WorkerSet(
[2m[36m(QPlexFocusTrainer pid=299583)[0m   File "/home/pavt1024/vsn/mate/ray/rllib/evaluation/worker_set.py", line 134, in __init__
[2m[36m(QPlexFocusTrainer pid=299583)[0m     remote_spaces = ray.get(
[2m[36m(QPlexFocusTrainer pid=299583)[0m ray.exceptions.RayActorError: The actor died because of an error raised in its creation task, [36mray::RolloutWorker.__init__()[39m (pid=299643, ip=172.27.211.168, repr=<ray.rllib.evaluation.rollout_worker.RolloutWorker object at 0x79a71daf8d30>)
[2m[36m(QPlexFocusTrainer pid=299583)[0m   File "/home/pavt1024/vsn/mate/ray/rllib/evaluation/rollout_worker.py", line 626, in __init__
[2m[36m(QPlexFocusTrainer pid=299583)[0m     self._build_policy_map(
[2m[36m(QPlexFocusTrainer pid=299583)[0m   File "/home/pavt1024/vsn/mate/ray/rllib/evaluation/rollout_worker.py", line 1713, in _build_policy_map
[2m[36m(QPlexFocusTrainer pid=299583)[0m     preprocessor = ModelCatalog.get_preprocessor_for_space(
[2m[36m(QPlexFocusTrainer pid=299583)[0m   File "/home/pavt1024/vsn/mate/ray/rllib/models/catalog.py", line 781, in get_preprocessor_for_space
[2m[36m(QPlexFocusTrainer pid=299583)[0m     raise Exception(
[2m[36m(QPlexFocusTrainer pid=299583)[0m Exception: Unknown config key `focus_bias_hidden_dim`, all keys: ['_use_default_native_models', '_disable_preprocessor_api', '_disable_action_flattening', 'fcnet_hiddens', 'fcnet_activation', 'conv_filters', 'conv_activation', 'post_fcnet_hiddens', 'post_fcnet_activation', 'free_log_std', 'no_final_linear', 'vf_share_layers', 'use_lstm', 'max_seq_len', 'lstm_cell_size', 'lstm_use_prev_action', 'lstm_use_prev_reward', '_time_major', 'use_attention', 'attention_num_transformer_units', 'attention_dim', 'attention_num_heads', 'attention_head_dim', 'attention_memory_inference', 'attention_memory_training', 'attention_position_wise_mlp_dim', 'attention_init_gru_gate_bias', 'attention_use_n_prev_actions', 'attention_use_n_prev_rewards', 'framestack', 'dim', 'grayscale', 'zero_mean', 'custom_model', 'custom_model_config', 'custom_action_dist', 'custom_preprocessor', 'lstm_use_prev_action_reward']
[2m[36m(RolloutWorker pid=299643)[0m 2026-08-25 19:33:25,033	ERROR worker.py:449 -- Exception raised in creation task: The actor died because of an error raised in its creation task, [36mray::RolloutWorker.__init__()[39m (pid=299643, ip=172.27.211.168, repr=<ray.rllib.evaluation.rollout_worker.RolloutWorker object at 0x79a71daf8d30>)
[2m[36m(RolloutWorker pid=299643)[0m   File "/home/pavt1024/vsn/mate/ray/rllib/evaluation/rollout_worker.py", line 626, in __init__
[2m[36m(RolloutWorker pid=299643)[0m     self._build_policy_map(
[2m[36m(RolloutWorker pid=299643)[0m   File "/home/pavt1024/vsn/mate/ray/rllib/evaluation/rollout_worker.py", line 1713, in _build_policy_map
[2m[36m(RolloutWorker pid=299643)[0m     preprocessor = ModelCatalog.get_preprocessor_for_space(
[2m[36m(RolloutWorker pid=299643)[0m   File "/home/pavt1024/vsn/mate/ray/rllib/models/catalog.py", line 781, in get_preprocessor_for_space
[2m[36m(RolloutWorker pid=299643)[0m     raise Exception(
[2m[36m(RolloutWorker pid=299643)[0m Exception: Unknown config key `focus_bias_hidden_dim`, all keys: ['_use_default_native_models', '_disable_preprocessor_api', '_disable_action_flattening', 'fcnet_hiddens', 'fcnet_activation', 'conv_filters', 'conv_activation', 'post_fcnet_hiddens', 'post_fcnet_activation', 'free_log_std', 'no_final_linear', 'vf_share_layers', 'use_lstm', 'max_seq_len', 'lstm_cell_size', 'lstm_use_prev_action', 'lstm_use_prev_reward', '_time_major', 'use_attention', 'attention_num_transformer_units', 'attention_dim', 'attention_num_heads', 'attention_head_dim', 'attention_memory_inference', 'attention_memory_training', 'attention_position_wise_mlp_dim', 'attention_init_gru_gate_bias', 'attention_use_n_prev_actions', 'attention_use_n_prev_rewards', 'framestack', 'dim', 'grayscale', 'zero_mean', 'custom_model', 'custom_model_config', 'custom_action_dist', 'custom_preprocessor', 'lstm_use_prev_action_reward']
2026-08-25 19:33:26,149	INFO trial_runner.py:803 -- starting QPLEX_FOCUS_mate-qplex_focus.camera_c02f5_00000
wandb: WARNING `start_method` is deprecated and will be removed in a future version of wandb. This setting is currently non-functional and safely ignored.
[2m[36m(QPlexFocusTrainer pid=299679)[0m /home/pavt1024/vsn/mate/mate/environment.py:105: UserWarning: [33mWARN: Override configuration "reward_type" with `'dense'`.[0m
[2m[36m(QPlexFocusTrainer pid=299679)[0m   gym.logger.warn(f'Override configuration "{prefix}{key}" with `{value!r}`.')
[2m[36m(QPlexFocusTrainer pid=299679)[0m /home/pavt1024/vsn/mate/mate/environment.py:105: UserWarning: [33mWARN: Override configuration "shuffle_entities" with `False`.[0m
[2m[36m(QPlexFocusTrainer pid=299679)[0m   gym.logger.warn(f'Override configuration "{prefix}{key}" with `{value!r}`.')
[2m[36m(QPlexFocusTrainer pid=299679)[0m 2026-08-25 19:33:30,436	INFO simple_q.py:161 -- In multi-agent mode, policies will be optimized sequentially by the multi-GPU optimizer. Consider setting `simple_optimizer=True` if this doesn't work for you.
[2m[36m(QPlexFocusTrainer pid=299679)[0m 2026-08-25 19:33:30,437	INFO trainer.py:864 -- Current log_level is WARN. For more information, set 'log_level': 'INFO' / 'DEBUG' or use the -v and -vv flags.
[2m[36m(RolloutWorker pid=299737)[0m /home/pavt1024/vsn/mate/mate/environment.py:105: UserWarning: [33mWARN: Override configuration "reward_type" with `'dense'`.[0m
[2m[36m(RolloutWorker pid=299737)[0m   gym.logger.warn(f'Override configuration "{prefix}{key}" with `{value!r}`.')
[2m[36m(RolloutWorker pid=299737)[0m /home/pavt1024/vsn/mate/mate/environment.py:105: UserWarning: [33mWARN: Override configuration "shuffle_entities" with `False`.[0m
[2m[36m(RolloutWorker pid=299737)[0m   gym.logger.warn(f'Override configuration "{prefix}{key}" with `{value!r}`.')
[2m[36m(RolloutWorker pid=299737)[0m 2026-08-25 19:33:35,151	ERROR worker.py:449 -- Exception raised in creation task: The actor died because of an error raised in its creation task, [36mray::RolloutWorker.__init__()[39m (pid=299737, ip=172.27.211.168, repr=<ray.rllib.evaluation.rollout_worker.RolloutWorker object at 0x798a4f438d30>)
[2m[36m(RolloutWorker pid=299737)[0m   File "/home/pavt1024/vsn/mate/ray/rllib/evaluation/rollout_worker.py", line 626, in __init__
[2m[36m(RolloutWorker pid=299737)[0m     self._build_policy_map(
[2m[36m(RolloutWorker pid=299737)[0m   File "/home/pavt1024/vsn/mate/ray/rllib/evaluation/rollout_worker.py", line 1713, in _build_policy_map
[2m[36m(RolloutWorker pid=299737)[0m     preprocessor = ModelCatalog.get_preprocessor_for_space(
[2m[36m(RolloutWorker pid=299737)[0m   File "/home/pavt1024/vsn/mate/ray/rllib/models/catalog.py", line 781, in get_preprocessor_for_space
[2m[36m(RolloutWorker pid=299737)[0m     raise Exception(
[2m[36m(RolloutWorker pid=299737)[0m Exception: Unknown config key `focus_bias_hidden_dim`, all keys: ['_use_default_native_models', '_disable_preprocessor_api', '_disable_action_flattening', 'fcnet_hiddens', 'fcnet_activation', 'conv_filters', 'conv_activation', 'post_fcnet_hiddens', 'post_fcnet_activation', 'free_log_std', 'no_final_linear', 'vf_share_layers', 'use_lstm', 'max_seq_len', 'lstm_cell_size', 'lstm_use_prev_action', 'lstm_use_prev_reward', '_time_major', 'use_attention', 'attention_num_transformer_units', 'attention_dim', 'attention_num_heads', 'attention_head_dim', 'attention_memory_inference', 'attention_memory_training', 'attention_position_wise_mlp_dim', 'attention_init_gru_gate_bias', 'attention_use_n_prev_actions', 'attention_use_n_prev_rewards', 'framestack', 'dim', 'grayscale', 'zero_mean', 'custom_model', 'custom_model_config', 'custom_action_dist', 'custom_preprocessor', 'lstm_use_prev_action_reward']
[2m[36m(QPlexFocusTrainer pid=299679)[0m 2026-08-25 19:33:35,161	ERROR worker.py:449 -- Exception raised in creation task: The actor died because of an error raised in its creation task, [36mray::QPlexFocusTrainer.__init__()[39m (pid=299679, ip=172.27.211.168, repr=QPlexFocusTrainer)
[2m[36m(QPlexFocusTrainer pid=299679)[0m   File "/home/pavt1024/vsn/mate/ray/rllib/agents/trainer.py", line 1035, in _init
[2m[36m(QPlexFocusTrainer pid=299679)[0m     raise NotImplementedError
[2m[36m(QPlexFocusTrainer pid=299679)[0m NotImplementedError
[2m[36m(QPlexFocusTrainer pid=299679)[0m 
[2m[36m(QPlexFocusTrainer pid=299679)[0m During handling of the above exception, another exception occurred:
[2m[36m(QPlexFocusTrainer pid=299679)[0m 
[2m[36m(QPlexFocusTrainer pid=299679)[0m [36mray::QPlexFocusTrainer.__init__()[39m (pid=299679, ip=172.27.211.168, repr=QPlexFocusTrainer)
[2m[36m(QPlexFocusTrainer pid=299679)[0m   File "/home/pavt1024/vsn/mate/ray/rllib/agents/trainer.py", line 830, in __init__
[2m[36m(QPlexFocusTrainer pid=299679)[0m     super().__init__(
[2m[36m(QPlexFocusTrainer pid=299679)[0m   File "/home/pavt1024/vsn/mate/ray/tune/trainable.py", line 149, in __init__
[2m[36m(QPlexFocusTrainer pid=299679)[0m     self.setup(copy.deepcopy(self.config))
[2m[36m(QPlexFocusTrainer pid=299679)[0m   File "/home/pavt1024/vsn/mate/ray/rllib/agents/trainer.py", line 911, in setup
[2m[36m(QPlexFocusTrainer pid=299679)[0m     self.workers = WorkerSet(
[2m[36m(QPlexFocusTrainer pid=299679)[0m   File "/home/pavt1024/vsn/mate/ray/rllib/evaluation/worker_set.py", line 134, in __init__
[2m[36m(QPlexFocusTrainer pid=299679)[0m     remote_spaces = ray.get(
[2m[36m(QPlexFocusTrainer pid=299679)[0m ray.exceptions.RayActorError: The actor died because of an error raised in its creation task, [36mray::RolloutWorker.__init__()[39m (pid=299737, ip=172.27.211.168, repr=<ray.rllib.evaluation.rollout_worker.RolloutWorker object at 0x798a4f438d30>)
[2m[36m(QPlexFocusTrainer pid=299679)[0m   File "/home/pavt1024/vsn/mate/ray/rllib/evaluation/rollout_worker.py", line 626, in __init__
[2m[36m(QPlexFocusTrainer pid=299679)[0m     self._build_policy_map(
[2m[36m(QPlexFocusTrainer pid=299679)[0m   File "/home/pavt1024/vsn/mate/ray/rllib/evaluation/rollout_worker.py", line 1713, in _build_policy_map
[2m[36m(QPlexFocusTrainer pid=299679)[0m     preprocessor = ModelCatalog.get_preprocessor_for_space(
[2m[36m(QPlexFocusTrainer pid=299679)[0m   File "/home/pavt1024/vsn/mate/ray/rllib/models/catalog.py", line 781, in get_preprocessor_for_space
[2m[36m(QPlexFocusTrainer pid=299679)[0m     raise Exception(
[2m[36m(QPlexFocusTrainer pid=299679)[0m Exception: Unknown config key `focus_bias_hidden_dim`, all keys: ['_use_default_native_models', '_disable_preprocessor_api', '_disable_action_flattening', 'fcnet_hiddens', 'fcnet_activation', 'conv_filters', 'conv_activation', 'post_fcnet_hiddens', 'post_fcnet_activation', 'free_log_std', 'no_final_linear', 'vf_share_layers', 'use_lstm', 'max_seq_len', 'lstm_cell_size', 'lstm_use_prev_action', 'lstm_use_prev_reward', '_time_major', 'use_attention', 'attention_num_transformer_units', 'attention_dim', 'attention_num_heads', 'attention_head_dim', 'attention_memory_inference', 'attention_memory_training', 'attention_position_wise_mlp_dim', 'attention_init_gru_gate_bias', 'attention_use_n_prev_actions', 'attention_use_n_prev_rewards', 'framestack', 'dim', 'grayscale', 'zero_mean', 'custom_model', 'custom_model_config', 'custom_action_dist', 'custom_preprocessor', 'lstm_use_prev_action_reward']
2026-08-25 19:33:35,176	ERROR trial_runner.py:876 -- Trial QPLEX_FOCUS_mate-qplex_focus.camera_c02f5_00000: Error processing event.
NoneType: None
2026-08-25 19:33:35,178	INFO trial_runner.py:1239 -- Trial QPLEX_FOCUS_mate-qplex_focus.camera_c02f5_00000: Attempting to restore trial state from last checkpoint.
2026-08-25 19:33:36,152	INFO trial_runner.py:803 -- starting QPLEX_FOCUS_mate-qplex_focus.camera_c02f5_00000
wandb: WARNING `start_method` is deprecated and will be removed in a future version of wandb. This setting is currently non-functional and safely ignored.
[2m[36m(QPlexFocusTrainer pid=299773)[0m /home/pavt1024/vsn/mate/mate/environment.py:105: UserWarning: [33mWARN: Override configuration "reward_type" with `'dense'`.[0m
[2m[36m(QPlexFocusTrainer pid=299773)[0m   gym.logger.warn(f'Override configuration "{prefix}{key}" with `{value!r}`.')
[2m[36m(QPlexFocusTrainer pid=299773)[0m /home/pavt1024/vsn/mate/mate/environment.py:105: UserWarning: [33mWARN: Override configuration "shuffle_entities" with `False`.[0m
[2m[36m(QPlexFocusTrainer pid=299773)[0m   gym.logger.warn(f'Override configuration "{prefix}{key}" with `{value!r}`.')
[2m[36m(QPlexFocusTrainer pid=299773)[0m 2026-08-25 19:33:40,296	INFO simple_q.py:161 -- In multi-agent mode, policies will be optimized sequentially by the multi-GPU optimizer. Consider setting `simple_optimizer=True` if this doesn't work for you.
[2m[36m(QPlexFocusTrainer pid=299773)[0m 2026-08-25 19:33:40,296	INFO trainer.py:864 -- Current log_level is WARN. For more information, set 'log_level': 'INFO' / 'DEBUG' or use the -v and -vv flags.
[2m[36m(RolloutWorker pid=299819)[0m /home/pavt1024/vsn/mate/mate/environment.py:105: UserWarning: [33mWARN: Override configuration "reward_type" with `'dense'`.[0m
[2m[36m(RolloutWorker pid=299819)[0m   gym.logger.warn(f'Override configuration "{prefix}{key}" with `{value!r}`.')
[2m[36m(RolloutWorker pid=299819)[0m /home/pavt1024/vsn/mate/mate/environment.py:105: UserWarning: [33mWARN: Override configuration "shuffle_entities" with `False`.[0m
[2m[36m(RolloutWorker pid=299819)[0m   gym.logger.warn(f'Override configuration "{prefix}{key}" with `{value!r}`.')
2026-08-25 19:33:45,008	ERROR trial_runner.py:876 -- Trial QPLEX_FOCUS_mate-qplex_focus.camera_c02f5_00000: Error processing event.
NoneType: None
2026-08-25 19:33:45,011	INFO trial_runner.py:1239 -- Trial QPLEX_FOCUS_mate-qplex_focus.camera_c02f5_00000: Attempting to restore trial state from last checkpoint.
[2m[36m(QPlexFocusTrainer pid=299773)[0m 2026-08-25 19:33:44,998	ERROR worker.py:449 -- Exception raised in creation task: The actor died because of an error raised in its creation task, [36mray::QPlexFocusTrainer.__init__()[39m (pid=299773, ip=172.27.211.168, repr=QPlexFocusTrainer)
[2m[36m(QPlexFocusTrainer pid=299773)[0m   File "/home/pavt1024/vsn/mate/ray/rllib/agents/trainer.py", line 1035, in _init
[2m[36m(QPlexFocusTrainer pid=299773)[0m     raise NotImplementedError
[2m[36m(QPlexFocusTrainer pid=299773)[0m NotImplementedError
[2m[36m(QPlexFocusTrainer pid=299773)[0m 
[2m[36m(QPlexFocusTrainer pid=299773)[0m During handling of the above exception, another exception occurred:
[2m[36m(QPlexFocusTrainer pid=299773)[0m 
[2m[36m(QPlexFocusTrainer pid=299773)[0m [36mray::QPlexFocusTrainer.__init__()[39m (pid=299773, ip=172.27.211.168, repr=QPlexFocusTrainer)
[2m[36m(QPlexFocusTrainer pid=299773)[0m   File "/home/pavt1024/vsn/mate/ray/rllib/agents/trainer.py", line 830, in __init__
[2m[36m(QPlexFocusTrainer pid=299773)[0m     super().__init__(
[2m[36m(QPlexFocusTrainer pid=299773)[0m   File "/home/pavt1024/vsn/mate/ray/tune/trainable.py", line 149, in __init__
[2m[36m(QPlexFocusTrainer pid=299773)[0m     self.setup(copy.deepcopy(self.config))
[2m[36m(QPlexFocusTrainer pid=299773)[0m   File "/home/pavt1024/vsn/mate/ray/rllib/agents/trainer.py", line 911, in setup
[2m[36m(QPlexFocusTrainer pid=299773)[0m     self.workers = WorkerSet(
[2m[36m(QPlexFocusTrainer pid=299773)[0m   File "/home/pavt1024/vsn/mate/ray/rllib/evaluation/worker_set.py", line 134, in __init__
[2m[36m(QPlexFocusTrainer pid=299773)[0m     remote_spaces = ray.get(
[2m[36m(QPlexFocusTrainer pid=299773)[0m ray.exceptions.RayActorError: The actor died because of an error raised in its creation task, [36mray::RolloutWorker.__init__()[39m (pid=299819, ip=172.27.211.168, repr=<ray.rllib.evaluation.rollout_worker.RolloutWorker object at 0x7bfabbe2bd30>)
[2m[36m(QPlexFocusTrainer pid=299773)[0m   File "/home/pavt1024/vsn/mate/ray/rllib/evaluation/rollout_worker.py", line 626, in __init__
[2m[36m(QPlexFocusTrainer pid=299773)[0m     self._build_policy_map(
[2m[36m(QPlexFocusTrainer pid=299773)[0m   File "/home/pavt1024/vsn/mate/ray/rllib/evaluation/rollout_worker.py", line 1713, in _build_policy_map
[2m[36m(QPlexFocusTrainer pid=299773)[0m     preprocessor = ModelCatalog.get_preprocessor_for_space(
[2m[36m(QPlexFocusTrainer pid=299773)[0m   File "/home/pavt1024/vsn/mate/ray/rllib/models/catalog.py", line 781, in get_preprocessor_for_space
[2m[36m(QPlexFocusTrainer pid=299773)[0m     raise Exception(
[2m[36m(QPlexFocusTrainer pid=299773)[0m Exception: Unknown config key `focus_bias_hidden_dim`, all keys: ['_use_default_native_models', '_disable_preprocessor_api', '_disable_action_flattening', 'fcnet_hiddens', 'fcnet_activation', 'conv_filters', 'conv_activation', 'post_fcnet_hiddens', 'post_fcnet_activation', 'free_log_std', 'no_final_linear', 'vf_share_layers', 'use_lstm', 'max_seq_len', 'lstm_cell_size', 'lstm_use_prev_action', 'lstm_use_prev_reward', '_time_major', 'use_attention', 'attention_num_transformer_units', 'attention_dim', 'attention_num_heads', 'attention_head_dim', 'attention_memory_inference', 'attention_memory_training', 'attention_position_wise_mlp_dim', 'attention_init_gru_gate_bias', 'attention_use_n_prev_actions', 'attention_use_n_prev_rewards', 'framestack', 'dim', 'grayscale', 'zero_mean', 'custom_model', 'custom_model_config', 'custom_action_dist', 'custom_preprocessor', 'lstm_use_prev_action_reward']
[2m[36m(RolloutWorker pid=299819)[0m 2026-08-25 19:33:44,990	ERROR worker.py:449 -- Exception raised in creation task: The actor died because of an error raised in its creation task, [36mray::RolloutWorker.__init__()[39m (pid=299819, ip=172.27.211.168, repr=<ray.rllib.evaluation.rollout_worker.RolloutWorker object at 0x7bfabbe2bd30>)
[2m[36m(RolloutWorker pid=299819)[0m   File "/home/pavt1024/vsn/mate/ray/rllib/evaluation/rollout_worker.py", line 626, in __init__
[2m[36m(RolloutWorker pid=299819)[0m     self._build_policy_map(
[2m[36m(RolloutWorker pid=299819)[0m   File "/home/pavt1024/vsn/mate/ray/rllib/evaluation/rollout_worker.py", line 1713, in _build_policy_map
[2m[36m(RolloutWorker pid=299819)[0m     preprocessor = ModelCatalog.get_preprocessor_for_space(
[2m[36m(RolloutWorker pid=299819)[0m   File "/home/pavt1024/vsn/mate/ray/rllib/models/catalog.py", line 781, in get_preprocessor_for_space
[2m[36m(RolloutWorker pid=299819)[0m     raise Exception(
[2m[36m(RolloutWorker pid=299819)[0m Exception: Unknown config key `focus_bias_hidden_dim`, all keys: ['_use_default_native_models', '_disable_preprocessor_api', '_disable_action_flattening', 'fcnet_hiddens', 'fcnet_activation', 'conv_filters', 'conv_activation', 'post_fcnet_hiddens', 'post_fcnet_activation', 'free_log_std', 'no_final_linear', 'vf_share_layers', 'use_lstm', 'max_seq_len', 'lstm_cell_size', 'lstm_use_prev_action', 'lstm_use_prev_reward', '_time_major', 'use_attention', 'attention_num_transformer_units', 'attention_dim', 'attention_num_heads', 'attention_head_dim', 'attention_memory_inference', 'attention_memory_training', 'attention_position_wise_mlp_dim', 'attention_init_gru_gate_bias', 'attention_use_n_prev_actions', 'attention_use_n_prev_rewards', 'framestack', 'dim', 'grayscale', 'zero_mean', 'custom_model', 'custom_model_config', 'custom_action_dist', 'custom_preprocessor', 'lstm_use_prev_action_reward']
2026-08-25 19:33:45,152	INFO trial_runner.py:803 -- starting QPLEX_FOCUS_mate-qplex_focus.camera_c02f5_00000
wandb: WARNING `start_method` is deprecated and will be removed in a future version of wandb. This setting is currently non-functional and safely ignored.
[2m[36m(QPlexFocusTrainer pid=299871)[0m /home/pavt1024/vsn/mate/mate/environment.py:105: UserWarning: [33mWARN: Override configuration "reward_type" with `'dense'`.[0m
[2m[36m(QPlexFocusTrainer pid=299871)[0m   gym.logger.warn(f'Override configuration "{prefix}{key}" with `{value!r}`.')
[2m[36m(QPlexFocusTrainer pid=299871)[0m /home/pavt1024/vsn/mate/mate/environment.py:105: UserWarning: [33mWARN: Override configuration "shuffle_entities" with `False`.[0m
[2m[36m(QPlexFocusTrainer pid=299871)[0m   gym.logger.warn(f'Override configuration "{prefix}{key}" with `{value!r}`.')
[2m[36m(QPlexFocusTrainer pid=299871)[0m 2026-08-25 19:33:49,733	INFO simple_q.py:161 -- In multi-agent mode, policies will be optimized sequentially by the multi-GPU optimizer. Consider setting `simple_optimizer=True` if this doesn't work for you.
[2m[36m(QPlexFocusTrainer pid=299871)[0m 2026-08-25 19:33:49,734	INFO trainer.py:864 -- Current log_level is WARN. For more information, set 'log_level': 'INFO' / 'DEBUG' or use the -v and -vv flags.
[2m[36m(RolloutWorker pid=299929)[0m /home/pavt1024/vsn/mate/mate/environment.py:105: UserWarning: [33mWARN: Override configuration "reward_type" with `'dense'`.[0m
[2m[36m(RolloutWorker pid=299929)[0m   gym.logger.warn(f'Override configuration "{prefix}{key}" with `{value!r}`.')
[2m[36m(RolloutWorker pid=299929)[0m /home/pavt1024/vsn/mate/mate/environment.py:105: UserWarning: [33mWARN: Override configuration "shuffle_entities" with `False`.[0m
[2m[36m(RolloutWorker pid=299929)[0m   gym.logger.warn(f'Override configuration "{prefix}{key}" with `{value!r}`.')
[2m[36m(QPlexFocusTrainer pid=299871)[0m 2026-08-25 19:33:54,463	ERROR worker.py:449 -- Exception raised in creation task: The actor died because of an error raised in its creation task, [36mray::QPlexFocusTrainer.__init__()[39m (pid=299871, ip=172.27.211.168, repr=QPlexFocusTrainer)
[2m[36m(QPlexFocusTrainer pid=299871)[0m   File "/home/pavt1024/vsn/mate/ray/rllib/agents/trainer.py", line 1035, in _init
[2m[36m(QPlexFocusTrainer pid=299871)[0m     raise NotImplementedError
[2m[36m(QPlexFocusTrainer pid=299871)[0m NotImplementedError
[2m[36m(QPlexFocusTrainer pid=299871)[0m 
[2m[36m(QPlexFocusTrainer pid=299871)[0m During handling of the above exception, another exception occurred:
[2m[36m(QPlexFocusTrainer pid=299871)[0m 
[2m[36m(QPlexFocusTrainer pid=299871)[0m [36mray::QPlexFocusTrainer.__init__()[39m (pid=299871, ip=172.27.211.168, repr=QPlexFocusTrainer)
[2m[36m(QPlexFocusTrainer pid=299871)[0m   File "/home/pavt1024/vsn/mate/ray/rllib/agents/trainer.py", line 830, in __init__
[2m[36m(QPlexFocusTrainer pid=299871)[0m     super().__init__(
[2m[36m(QPlexFocusTrainer pid=299871)[0m   File "/home/pavt1024/vsn/mate/ray/tune/trainable.py", line 149, in __init__
[2m[36m(QPlexFocusTrainer pid=299871)[0m     self.setup(copy.deepcopy(self.config))
[2m[36m(QPlexFocusTrainer pid=299871)[0m   File "/home/pavt1024/vsn/mate/ray/rllib/agents/trainer.py", line 911, in setup
[2m[36m(QPlexFocusTrainer pid=299871)[0m     self.workers = WorkerSet(
[2m[36m(QPlexFocusTrainer pid=299871)[0m   File "/home/pavt1024/vsn/mate/ray/rllib/evaluation/worker_set.py", line 134, in __init__
[2m[36m(QPlexFocusTrainer pid=299871)[0m     remote_spaces = ray.get(
[2m[36m(QPlexFocusTrainer pid=299871)[0m ray.exceptions.RayActorError: The actor died because of an error raised in its creation task, [36mray::RolloutWorker.__init__()[39m (pid=299929, ip=172.27.211.168, repr=<ray.rllib.evaluation.rollout_worker.RolloutWorker object at 0x7457102d5d30>)
[2m[36m(QPlexFocusTrainer pid=299871)[0m   File "/home/pavt1024/vsn/mate/ray/rllib/evaluation/rollout_worker.py", line 626, in __init__
[2m[36m(QPlexFocusTrainer pid=299871)[0m     self._build_policy_map(
[2m[36m(QPlexFocusTrainer pid=299871)[0m   File "/home/pavt1024/vsn/mate/ray/rllib/evaluation/rollout_worker.py", line 1713, in _build_policy_map
[2m[36m(QPlexFocusTrainer pid=299871)[0m     preprocessor = ModelCatalog.get_preprocessor_for_space(
[2m[36m(QPlexFocusTrainer pid=299871)[0m   File "/home/pavt1024/vsn/mate/ray/rllib/models/catalog.py", line 781, in get_preprocessor_for_space
[2m[36m(QPlexFocusTrainer pid=299871)[0m     raise Exception(
[2m[36m(QPlexFocusTrainer pid=299871)[0m Exception: Unknown config key `focus_bias_hidden_dim`, all keys: ['_use_default_native_models', '_disable_preprocessor_api', '_disable_action_flattening', 'fcnet_hiddens', 'fcnet_activation', 'conv_filters', 'conv_activation', 'post_fcnet_hiddens', 'post_fcnet_activation', 'free_log_std', 'no_final_linear', 'vf_share_layers', 'use_lstm', 'max_seq_len', 'lstm_cell_size', 'lstm_use_prev_action', 'lstm_use_prev_reward', '_time_major', 'use_attention', 'attention_num_transformer_units', 'attention_dim', 'attention_num_heads', 'attention_head_dim', 'attention_memory_inference', 'attention_memory_training', 'attention_position_wise_mlp_dim', 'attention_init_gru_gate_bias', 'attention_use_n_prev_actions', 'attention_use_n_prev_rewards', 'framestack', 'dim', 'grayscale', 'zero_mean', 'custom_model', 'custom_model_config', 'custom_action_dist', 'custom_preprocessor', 'lstm_use_prev_action_reward']
[2m[36m(RolloutWorker pid=299929)[0m 2026-08-25 19:33:54,455	ERROR worker.py:449 -- Exception raised in creation task: The actor died because of an error raised in its creation task, [36mray::RolloutWorker.__init__()[39m (pid=299929, ip=172.27.211.168, repr=<ray.rllib.evaluation.rollout_worker.RolloutWorker object at 0x7457102d5d30>)
[2m[36m(RolloutWorker pid=299929)[0m   File "/home/pavt1024/vsn/mate/ray/rllib/evaluation/rollout_worker.py", line 626, in __init__
[2m[36m(RolloutWorker pid=299929)[0m     self._build_policy_map(
[2m[36m(RolloutWorker pid=299929)[0m   File "/home/pavt1024/vsn/mate/ray/rllib/evaluation/rollout_worker.py", line 1713, in _build_policy_map
[2m[36m(RolloutWorker pid=299929)[0m     preprocessor = ModelCatalog.get_preprocessor_for_space(
[2m[36m(RolloutWorker pid=299929)[0m   File "/home/pavt1024/vsn/mate/ray/rllib/models/catalog.py", line 781, in get_preprocessor_for_space
[2m[36m(RolloutWorker pid=299929)[0m     raise Exception(
[2m[36m(RolloutWorker pid=299929)[0m Exception: Unknown config key `focus_bias_hidden_dim`, all keys: ['_use_default_native_models', '_disable_preprocessor_api', '_disable_action_flattening', 'fcnet_hiddens', 'fcnet_activation', 'conv_filters', 'conv_activation', 'post_fcnet_hiddens', 'post_fcnet_activation', 'free_log_std', 'no_final_linear', 'vf_share_layers', 'use_lstm', 'max_seq_len', 'lstm_cell_size', 'lstm_use_prev_action', 'lstm_use_prev_reward', '_time_major', 'use_attention', 'attention_num_transformer_units', 'attention_dim', 'attention_num_heads', 'attention_head_dim', 'attention_memory_inference', 'attention_memory_training', 'attention_position_wise_mlp_dim', 'attention_init_gru_gate_bias', 'attention_use_n_prev_actions', 'attention_use_n_prev_rewards', 'framestack', 'dim', 'grayscale', 'zero_mean', 'custom_model', 'custom_model_config', 'custom_action_dist', 'custom_preprocessor', 'lstm_use_prev_action_reward']
2026-08-25 19:33:54,475	ERROR trial_runner.py:876 -- Trial QPLEX_FOCUS_mate-qplex_focus.camera_c02f5_00000: Error processing event.
NoneType: None
2026-08-25 19:33:54,477	INFO trial_runner.py:1239 -- Trial QPLEX_FOCUS_mate-qplex_focus.camera_c02f5_00000: Attempting to restore trial state from last checkpoint.
2026-08-25 19:33:55,156	INFO trial_runner.py:803 -- starting QPLEX_FOCUS_mate-qplex_focus.camera_c02f5_00000
wandb: WARNING `start_method` is deprecated and will be removed in a future version of wandb. This setting is currently non-functional and safely ignored.
[2m[36m(QPlexFocusTrainer pid=299964)[0m /home/pavt1024/vsn/mate/mate/environment.py:105: UserWarning: [33mWARN: Override configuration "reward_type" with `'dense'`.[0m
[2m[36m(QPlexFocusTrainer pid=299964)[0m   gym.logger.warn(f'Override configuration "{prefix}{key}" with `{value!r}`.')
[2m[36m(QPlexFocusTrainer pid=299964)[0m /home/pavt1024/vsn/mate/mate/environment.py:105: UserWarning: [33mWARN: Override configuration "shuffle_entities" with `False`.[0m
[2m[36m(QPlexFocusTrainer pid=299964)[0m   gym.logger.warn(f'Override configuration "{prefix}{key}" with `{value!r}`.')
[2m[36m(QPlexFocusTrainer pid=299964)[0m 2026-08-25 19:33:59,447	INFO simple_q.py:161 -- In multi-agent mode, policies will be optimized sequentially by the multi-GPU optimizer. Consider setting `simple_optimizer=True` if this doesn't work for you.
[2m[36m(QPlexFocusTrainer pid=299964)[0m 2026-08-25 19:33:59,447	INFO trainer.py:864 -- Current log_level is WARN. For more information, set 'log_level': 'INFO' / 'DEBUG' or use the -v and -vv flags.
[2m[36m(RolloutWorker pid=300024)[0m /home/pavt1024/vsn/mate/mate/environment.py:105: UserWarning: [33mWARN: Override configuration "reward_type" with `'dense'`.[0m
[2m[36m(RolloutWorker pid=300024)[0m   gym.logger.warn(f'Override configuration "{prefix}{key}" with `{value!r}`.')
[2m[36m(RolloutWorker pid=300024)[0m /home/pavt1024/vsn/mate/mate/environment.py:105: UserWarning: [33mWARN: Override configuration "shuffle_entities" with `False`.[0m
[2m[36m(RolloutWorker pid=300024)[0m   gym.logger.warn(f'Override configuration "{prefix}{key}" with `{value!r}`.')
2026-08-25 19:34:04,276	ERROR trial_runner.py:876 -- Trial QPLEX_FOCUS_mate-qplex_focus.camera_c02f5_00000: Error processing event.
NoneType: None
2026-08-25 19:34:04,278	INFO trial_runner.py:1239 -- Trial QPLEX_FOCUS_mate-qplex_focus.camera_c02f5_00000: Attempting to restore trial state from last checkpoint.
[2m[36m(QPlexFocusTrainer pid=299964)[0m 2026-08-25 19:34:04,265	ERROR worker.py:449 -- Exception raised in creation task: The actor died because of an error raised in its creation task, [36mray::QPlexFocusTrainer.__init__()[39m (pid=299964, ip=172.27.211.168, repr=QPlexFocusTrainer)
[2m[36m(QPlexFocusTrainer pid=299964)[0m   File "/home/pavt1024/vsn/mate/ray/rllib/agents/trainer.py", line 1035, in _init
[2m[36m(QPlexFocusTrainer pid=299964)[0m     raise NotImplementedError
[2m[36m(QPlexFocusTrainer pid=299964)[0m NotImplementedError
[2m[36m(QPlexFocusTrainer pid=299964)[0m 
[2m[36m(QPlexFocusTrainer pid=299964)[0m During handling of the above exception, another exception occurred:
[2m[36m(QPlexFocusTrainer pid=299964)[0m 
[2m[36m(QPlexFocusTrainer pid=299964)[0m [36mray::QPlexFocusTrainer.__init__()[39m (pid=299964, ip=172.27.211.168, repr=QPlexFocusTrainer)
[2m[36m(QPlexFocusTrainer pid=299964)[0m   File "/home/pavt1024/vsn/mate/ray/rllib/agents/trainer.py", line 830, in __init__
[2m[36m(QPlexFocusTrainer pid=299964)[0m     super().__init__(
[2m[36m(QPlexFocusTrainer pid=299964)[0m   File "/home/pavt1024/vsn/mate/ray/tune/trainable.py", line 149, in __init__
[2m[36m(QPlexFocusTrainer pid=299964)[0m     self.setup(copy.deepcopy(self.config))
[2m[36m(QPlexFocusTrainer pid=299964)[0m   File "/home/pavt1024/vsn/mate/ray/rllib/agents/trainer.py", line 911, in setup
[2m[36m(QPlexFocusTrainer pid=299964)[0m     self.workers = WorkerSet(
[2m[36m(QPlexFocusTrainer pid=299964)[0m   File "/home/pavt1024/vsn/mate/ray/rllib/evaluation/worker_set.py", line 134, in __init__
[2m[36m(QPlexFocusTrainer pid=299964)[0m     remote_spaces = ray.get(
[2m[36m(QPlexFocusTrainer pid=299964)[0m ray.exceptions.RayActorError: The actor died because of an error raised in its creation task, [36mray::RolloutWorker.__init__()[39m (pid=300024, ip=172.27.211.168, repr=<ray.rllib.evaluation.rollout_worker.RolloutWorker object at 0x7c97ee938d30>)
[2m[36m(QPlexFocusTrainer pid=299964)[0m   File "/home/pavt1024/vsn/mate/ray/rllib/evaluation/rollout_worker.py", line 626, in __init__
[2m[36m(QPlexFocusTrainer pid=299964)[0m     self._build_policy_map(
[2m[36m(QPlexFocusTrainer pid=299964)[0m   File "/home/pavt1024/vsn/mate/ray/rllib/evaluation/rollout_worker.py", line 1713, in _build_policy_map
[2m[36m(QPlexFocusTrainer pid=299964)[0m     preprocessor = ModelCatalog.get_preprocessor_for_space(
[2m[36m(QPlexFocusTrainer pid=299964)[0m   File "/home/pavt1024/vsn/mate/ray/rllib/models/catalog.py", line 781, in get_preprocessor_for_space
[2m[36m(QPlexFocusTrainer pid=299964)[0m     raise Exception(
[2m[36m(QPlexFocusTrainer pid=299964)[0m Exception: Unknown config key `focus_bias_hidden_dim`, all keys: ['_use_default_native_models', '_disable_preprocessor_api', '_disable_action_flattening', 'fcnet_hiddens', 'fcnet_activation', 'conv_filters', 'conv_activation', 'post_fcnet_hiddens', 'post_fcnet_activation', 'free_log_std', 'no_final_linear', 'vf_share_layers', 'use_lstm', 'max_seq_len', 'lstm_cell_size', 'lstm_use_prev_action', 'lstm_use_prev_reward', '_time_major', 'use_attention', 'attention_num_transformer_units', 'attention_dim', 'attention_num_heads', 'attention_head_dim', 'attention_memory_inference', 'attention_memory_training', 'attention_position_wise_mlp_dim', 'attention_init_gru_gate_bias', 'attention_use_n_prev_actions', 'attention_use_n_prev_rewards', 'framestack', 'dim', 'grayscale', 'zero_mean', 'custom_model', 'custom_model_config', 'custom_action_dist', 'custom_preprocessor', 'lstm_use_prev_action_reward']
[2m[36m(RolloutWorker pid=300024)[0m 2026-08-25 19:34:04,258	ERROR worker.py:449 -- Exception raised in creation task: The actor died because of an error raised in its creation task, [36mray::RolloutWorker.__init__()[39m (pid=300024, ip=172.27.211.168, repr=<ray.rllib.evaluation.rollout_worker.RolloutWorker object at 0x7c97ee938d30>)
[2m[36m(RolloutWorker pid=300024)[0m   File "/home/pavt1024/vsn/mate/ray/rllib/evaluation/rollout_worker.py", line 626, in __init__
[2m[36m(RolloutWorker pid=300024)[0m     self._build_policy_map(
[2m[36m(RolloutWorker pid=300024)[0m   File "/home/pavt1024/vsn/mate/ray/rllib/evaluation/rollout_worker.py", line 1713, in _build_policy_map
[2m[36m(RolloutWorker pid=300024)[0m     preprocessor = ModelCatalog.get_preprocessor_for_space(
[2m[36m(RolloutWorker pid=300024)[0m   File "/home/pavt1024/vsn/mate/ray/rllib/models/catalog.py", line 781, in get_preprocessor_for_space
[2m[36m(RolloutWorker pid=300024)[0m     raise Exception(
[2m[36m(RolloutWorker pid=300024)[0m Exception: Unknown config key `focus_bias_hidden_dim`, all keys: ['_use_default_native_models', '_disable_preprocessor_api', '_disable_action_flattening', 'fcnet_hiddens', 'fcnet_activation', 'conv_filters', 'conv_activation', 'post_fcnet_hiddens', 'post_fcnet_activation', 'free_log_std', 'no_final_linear', 'vf_share_layers', 'use_lstm', 'max_seq_len', 'lstm_cell_size', 'lstm_use_prev_action', 'lstm_use_prev_reward', '_time_major', 'use_attention', 'attention_num_transformer_units', 'attention_dim', 'attention_num_heads', 'attention_head_dim', 'attention_memory_inference', 'attention_memory_training', 'attention_position_wise_mlp_dim', 'attention_init_gru_gate_bias', 'attention_use_n_prev_actions', 'attention_use_n_prev_rewards', 'framestack', 'dim', 'grayscale', 'zero_mean', 'custom_model', 'custom_model_config', 'custom_action_dist', 'custom_preprocessor', 'lstm_use_prev_action_reward']
2026-08-25 19:34:05,159	INFO trial_runner.py:803 -- starting QPLEX_FOCUS_mate-qplex_focus.camera_c02f5_00000
wandb: WARNING `start_method` is deprecated and will be removed in a future version of wandb. This setting is currently non-functional and safely ignored.
[2m[36m(QPlexFocusTrainer pid=300060)[0m /home/pavt1024/vsn/mate/mate/environment.py:105: UserWarning: [33mWARN: Override configuration "reward_type" with `'dense'`.[0m
[2m[36m(QPlexFocusTrainer pid=300060)[0m   gym.logger.warn(f'Override configuration "{prefix}{key}" with `{value!r}`.')
[2m[36m(QPlexFocusTrainer pid=300060)[0m /home/pavt1024/vsn/mate/mate/environment.py:105: UserWarning: [33mWARN: Override configuration "shuffle_entities" with `False`.[0m
[2m[36m(QPlexFocusTrainer pid=300060)[0m   gym.logger.warn(f'Override configuration "{prefix}{key}" with `{value!r}`.')
[2m[36m(QPlexFocusTrainer pid=300060)[0m 2026-08-25 19:34:09,898	INFO simple_q.py:161 -- In multi-agent mode, policies will be optimized sequentially by the multi-GPU optimizer. Consider setting `simple_optimizer=True` if this doesn't work for you.
[2m[36m(QPlexFocusTrainer pid=300060)[0m 2026-08-25 19:34:09,898	INFO trainer.py:864 -- Current log_level is WARN. For more information, set 'log_level': 'INFO' / 'DEBUG' or use the -v and -vv flags.
[2m[36m(RolloutWorker pid=300120)[0m /home/pavt1024/vsn/mate/mate/environment.py:105: UserWarning: [33mWARN: Override configuration "reward_type" with `'dense'`.[0m
[2m[36m(RolloutWorker pid=300120)[0m   gym.logger.warn(f'Override configuration "{prefix}{key}" with `{value!r}`.')
[2m[36m(RolloutWorker pid=300120)[0m /home/pavt1024/vsn/mate/mate/environment.py:105: UserWarning: [33mWARN: Override configuration "shuffle_entities" with `False`.[0m
[2m[36m(RolloutWorker pid=300120)[0m   gym.logger.warn(f'Override configuration "{prefix}{key}" with `{value!r}`.')
2026-08-25 19:34:14,727	ERROR trial_runner.py:876 -- Trial QPLEX_FOCUS_mate-qplex_focus.camera_c02f5_00000: Error processing event.
NoneType: None
[2m[36m(QPlexFocusTrainer pid=300060)[0m 2026-08-25 19:34:14,717	ERROR worker.py:449 -- Exception raised in creation task: The actor died because of an error raised in its creation task, [36mray::QPlexFocusTrainer.__init__()[39m (pid=300060, ip=172.27.211.168, repr=QPlexFocusTrainer)2026-08-25 19:34:14,732	INFO trial_runner.py:1239 -- Trial QPLEX_FOCUS_mate-qplex_focus.camera_c02f5_00000: Attempting to restore trial state from last checkpoint.

[2m[36m(QPlexFocusTrainer pid=300060)[0m   File "/home/pavt1024/vsn/mate/ray/rllib/agents/trainer.py", line 1035, in _init
[2m[36m(QPlexFocusTrainer pid=300060)[0m     raise NotImplementedError
[2m[36m(QPlexFocusTrainer pid=300060)[0m NotImplementedError
[2m[36m(QPlexFocusTrainer pid=300060)[0m 
[2m[36m(QPlexFocusTrainer pid=300060)[0m During handling of the above exception, another exception occurred:
[2m[36m(QPlexFocusTrainer pid=300060)[0m 
[2m[36m(QPlexFocusTrainer pid=300060)[0m [36mray::QPlexFocusTrainer.__init__()[39m (pid=300060, ip=172.27.211.168, repr=QPlexFocusTrainer)
[2m[36m(QPlexFocusTrainer pid=300060)[0m   File "/home/pavt1024/vsn/mate/ray/rllib/agents/trainer.py", line 830, in __init__
[2m[36m(QPlexFocusTrainer pid=300060)[0m     super().__init__(
[2m[36m(QPlexFocusTrainer pid=300060)[0m   File "/home/pavt1024/vsn/mate/ray/tune/trainable.py", line 149, in __init__
[2m[36m(QPlexFocusTrainer pid=300060)[0m     self.setup(copy.deepcopy(self.config))
[2m[36m(QPlexFocusTrainer pid=300060)[0m   File "/home/pavt1024/vsn/mate/ray/rllib/agents/trainer.py", line 911, in setup
[2m[36m(QPlexFocusTrainer pid=300060)[0m     self.workers = WorkerSet(
[2m[36m(QPlexFocusTrainer pid=300060)[0m   File "/home/pavt1024/vsn/mate/ray/rllib/evaluation/worker_set.py", line 134, in __init__
[2m[36m(QPlexFocusTrainer pid=300060)[0m     remote_spaces = ray.get(
[2m[36m(QPlexFocusTrainer pid=300060)[0m ray.exceptions.RayActorError: The actor died because of an error raised in its creation task, [36mray::RolloutWorker.__init__()[39m (pid=300120, ip=172.27.211.168, repr=<ray.rllib.evaluation.rollout_worker.RolloutWorker object at 0x706dec5d4d30>)
[2m[36m(QPlexFocusTrainer pid=300060)[0m   File "/home/pavt1024/vsn/mate/ray/rllib/evaluation/rollout_worker.py", line 626, in __init__
[2m[36m(QPlexFocusTrainer pid=300060)[0m     self._build_policy_map(
[2m[36m(QPlexFocusTrainer pid=300060)[0m   File "/home/pavt1024/vsn/mate/ray/rllib/evaluation/rollout_worker.py", line 1713, in _build_policy_map
[2m[36m(QPlexFocusTrainer pid=300060)[0m     preprocessor = ModelCatalog.get_preprocessor_for_space(
[2m[36m(QPlexFocusTrainer pid=300060)[0m   File "/home/pavt1024/vsn/mate/ray/rllib/models/catalog.py", line 781, in get_preprocessor_for_space
[2m[36m(QPlexFocusTrainer pid=300060)[0m     raise Exception(
[2m[36m(QPlexFocusTrainer pid=300060)[0m Exception: Unknown config key `focus_bias_hidden_dim`, all keys: ['_use_default_native_models', '_disable_preprocessor_api', '_disable_action_flattening', 'fcnet_hiddens', 'fcnet_activation', 'conv_filters', 'conv_activation', 'post_fcnet_hiddens', 'post_fcnet_activation', 'free_log_std', 'no_final_linear', 'vf_share_layers', 'use_lstm', 'max_seq_len', 'lstm_cell_size', 'lstm_use_prev_action', 'lstm_use_prev_reward', '_time_major', 'use_attention', 'attention_num_transformer_units', 'attention_dim', 'attention_num_heads', 'attention_head_dim', 'attention_memory_inference', 'attention_memory_training', 'attention_position_wise_mlp_dim', 'attention_init_gru_gate_bias', 'attention_use_n_prev_actions', 'attention_use_n_prev_rewards', 'framestack', 'dim', 'grayscale', 'zero_mean', 'custom_model', 'custom_model_config', 'custom_action_dist', 'custom_preprocessor', 'lstm_use_prev_action_reward']
[2m[36m(RolloutWorker pid=300120)[0m 2026-08-25 19:34:14,709	ERROR worker.py:449 -- Exception raised in creation task: The actor died because of an error raised in its creation task, [36mray::RolloutWorker.__init__()[39m (pid=300120, ip=172.27.211.168, repr=<ray.rllib.evaluation.rollout_worker.RolloutWorker object at 0x706dec5d4d30>)
[2m[36m(RolloutWorker pid=300120)[0m   File "/home/pavt1024/vsn/mate/ray/rllib/evaluation/rollout_worker.py", line 626, in __init__
[2m[36m(RolloutWorker pid=300120)[0m     self._build_policy_map(
[2m[36m(RolloutWorker pid=300120)[0m   File "/home/pavt1024/vsn/mate/ray/rllib/evaluation/rollout_worker.py", line 1713, in _build_policy_map
[2m[36m(RolloutWorker pid=300120)[0m     preprocessor = ModelCatalog.get_preprocessor_for_space(
[2m[36m(RolloutWorker pid=300120)[0m   File "/home/pavt1024/vsn/mate/ray/rllib/models/catalog.py", line 781, in get_preprocessor_for_space
[2m[36m(RolloutWorker pid=300120)[0m     raise Exception(
[2m[36m(RolloutWorker pid=300120)[0m Exception: Unknown config key `focus_bias_hidden_dim`, all keys: ['_use_default_native_models', '_disable_preprocessor_api', '_disable_action_flattening', 'fcnet_hiddens', 'fcnet_activation', 'conv_filters', 'conv_activation', 'post_fcnet_hiddens', 'post_fcnet_activation', 'free_log_std', 'no_final_linear', 'vf_share_layers', 'use_lstm', 'max_seq_len', 'lstm_cell_size', 'lstm_use_prev_action', 'lstm_use_prev_reward', '_time_major', 'use_attention', 'attention_num_transformer_units', 'attention_dim', 'attention_num_heads', 'attention_head_dim', 'attention_memory_inference', 'attention_memory_training', 'attention_position_wise_mlp_dim', 'attention_init_gru_gate_bias', 'attention_use_n_prev_actions', 'attention_use_n_prev_rewards', 'framestack', 'dim', 'grayscale', 'zero_mean', 'custom_model', 'custom_model_config', 'custom_action_dist', 'custom_preprocessor', 'lstm_use_prev_action_reward']
2026-08-25 19:34:15,161	INFO trial_runner.py:803 -- starting QPLEX_FOCUS_mate-qplex_focus.camera_c02f5_00000
wandb: WARNING `start_method` is deprecated and will be removed in a future version of wandb. This setting is currently non-functional and safely ignored.
[2m[36m(QPlexFocusTrainer pid=300155)[0m /home/pavt1024/vsn/mate/mate/environment.py:105: UserWarning: [33mWARN: Override configuration "reward_type" with `'dense'`.[0m
[2m[36m(QPlexFocusTrainer pid=300155)[0m   gym.logger.warn(f'Override configuration "{prefix}{key}" with `{value!r}`.')
[2m[36m(QPlexFocusTrainer pid=300155)[0m /home/pavt1024/vsn/mate/mate/environment.py:105: UserWarning: [33mWARN: Override configuration "shuffle_entities" with `False`.[0m
[2m[36m(QPlexFocusTrainer pid=300155)[0m   gym.logger.warn(f'Override configuration "{prefix}{key}" with `{value!r}`.')
[2m[36m(QPlexFocusTrainer pid=300155)[0m 2026-08-25 19:34:19,245	INFO simple_q.py:161 -- In multi-agent mode, policies will be optimized sequentially by the multi-GPU optimizer. Consider setting `simple_optimizer=True` if this doesn't work for you.
[2m[36m(QPlexFocusTrainer pid=300155)[0m 2026-08-25 19:34:19,246	INFO trainer.py:864 -- Current log_level is WARN. For more information, set 'log_level': 'INFO' / 'DEBUG' or use the -v and -vv flags.
[2m[36m(RolloutWorker pid=300214)[0m /home/pavt1024/vsn/mate/mate/environment.py:105: UserWarning: [33mWARN: Override configuration "reward_type" with `'dense'`.[0m
[2m[36m(RolloutWorker pid=300214)[0m   gym.logger.warn(f'Override configuration "{prefix}{key}" with `{value!r}`.')
[2m[36m(RolloutWorker pid=300214)[0m /home/pavt1024/vsn/mate/mate/environment.py:105: UserWarning: [33mWARN: Override configuration "shuffle_entities" with `False`.[0m
[2m[36m(RolloutWorker pid=300214)[0m   gym.logger.warn(f'Override configuration "{prefix}{key}" with `{value!r}`.')
[2m[36m(RolloutWorker pid=300214)[0m 2026-08-25 19:34:24,099	ERROR worker.py:449 -- Exception raised in creation task: The actor died because of an error raised in its creation task, [36mray::RolloutWorker.__init__()[39m (pid=300214, ip=172.27.211.168, repr=<ray.rllib.evaluation.rollout_worker.RolloutWorker object at 0x7d12aeca6d30>)
[2m[36m(RolloutWorker pid=300214)[0m   File "/home/pavt1024/vsn/mate/ray/rllib/evaluation/rollout_worker.py", line 626, in __init__
[2m[36m(RolloutWorker pid=300214)[0m     self._build_policy_map(
[2m[36m(RolloutWorker pid=300214)[0m   File "/home/pavt1024/vsn/mate/ray/rllib/evaluation/rollout_worker.py", line 1713, in _build_policy_map
[2m[36m(RolloutWorker pid=300214)[0m     preprocessor = ModelCatalog.get_preprocessor_for_space(
[2m[36m(RolloutWorker pid=300214)[0m   File "/home/pavt1024/vsn/mate/ray/rllib/models/catalog.py", line 781, in get_preprocessor_for_space
[2m[36m(RolloutWorker pid=300214)[0m     raise Exception(
[2m[36m(RolloutWorker pid=300214)[0m Exception: Unknown config key `focus_bias_hidden_dim`, all keys: ['_use_default_native_models', '_disable_preprocessor_api', '_disable_action_flattening', 'fcnet_hiddens', 'fcnet_activation', 'conv_filters', 'conv_activation', 'post_fcnet_hiddens', 'post_fcnet_activation', 'free_log_std', 'no_final_linear', 'vf_share_layers', 'use_lstm', 'max_seq_len', 'lstm_cell_size', 'lstm_use_prev_action', 'lstm_use_prev_reward', '_time_major', 'use_attention', 'attention_num_transformer_units', 'attention_dim', 'attention_num_heads', 'attention_head_dim', 'attention_memory_inference', 'attention_memory_training', 'attention_position_wise_mlp_dim', 'attention_init_gru_gate_bias', 'attention_use_n_prev_actions', 'attention_use_n_prev_rewards', 'framestack', 'dim', 'grayscale', 'zero_mean', 'custom_model', 'custom_model_config', 'custom_action_dist', 'custom_preprocessor', 'lstm_use_prev_action_reward']
2026-08-25 19:34:24,119	ERROR trial_runner.py:876 -- Trial QPLEX_FOCUS_mate-qplex_focus.camera_c02f5_00000: Error processing event.
NoneType: None
2026-08-25 19:34:24,121	INFO trial_runner.py:1239 -- Trial QPLEX_FOCUS_mate-qplex_focus.camera_c02f5_00000: Attempting to restore trial state from last checkpoint.
[2m[36m(QPlexFocusTrainer pid=300155)[0m 2026-08-25 19:34:24,107	ERROR worker.py:449 -- Exception raised in creation task: The actor died because of an error raised in its creation task, [36mray::QPlexFocusTrainer.__init__()[39m (pid=300155, ip=172.27.211.168, repr=QPlexFocusTrainer)
[2m[36m(QPlexFocusTrainer pid=300155)[0m   File "/home/pavt1024/vsn/mate/ray/rllib/agents/trainer.py", line 1035, in _init
[2m[36m(QPlexFocusTrainer pid=300155)[0m     raise NotImplementedError
[2m[36m(QPlexFocusTrainer pid=300155)[0m NotImplementedError
[2m[36m(QPlexFocusTrainer pid=300155)[0m 
[2m[36m(QPlexFocusTrainer pid=300155)[0m During handling of the above exception, another exception occurred:
[2m[36m(QPlexFocusTrainer pid=300155)[0m 
[2m[36m(QPlexFocusTrainer pid=300155)[0m [36mray::QPlexFocusTrainer.__init__()[39m (pid=300155, ip=172.27.211.168, repr=QPlexFocusTrainer)
[2m[36m(QPlexFocusTrainer pid=300155)[0m   File "/home/pavt1024/vsn/mate/ray/rllib/agents/trainer.py", line 830, in __init__
[2m[36m(QPlexFocusTrainer pid=300155)[0m     super().__init__(
[2m[36m(QPlexFocusTrainer pid=300155)[0m   File "/home/pavt1024/vsn/mate/ray/tune/trainable.py", line 149, in __init__
[2m[36m(QPlexFocusTrainer pid=300155)[0m     self.setup(copy.deepcopy(self.config))
[2m[36m(QPlexFocusTrainer pid=300155)[0m   File "/home/pavt1024/vsn/mate/ray/rllib/agents/trainer.py", line 911, in setup
[2m[36m(QPlexFocusTrainer pid=300155)[0m     self.workers = WorkerSet(
[2m[36m(QPlexFocusTrainer pid=300155)[0m   File "/home/pavt1024/vsn/mate/ray/rllib/evaluation/worker_set.py", line 134, in __init__
[2m[36m(QPlexFocusTrainer pid=300155)[0m     remote_spaces = ray.get(
[2m[36m(QPlexFocusTrainer pid=300155)[0m ray.exceptions.RayActorError: The actor died because of an error raised in its creation task, [36mray::RolloutWorker.__init__()[39m (pid=300214, ip=172.27.211.168, repr=<ray.rllib.evaluation.rollout_worker.RolloutWorker object at 0x7d12aeca6d30>)
[2m[36m(QPlexFocusTrainer pid=300155)[0m   File "/home/pavt1024/vsn/mate/ray/rllib/evaluation/rollout_worker.py", line 626, in __init__
[2m[36m(QPlexFocusTrainer pid=300155)[0m     self._build_policy_map(
[2m[36m(QPlexFocusTrainer pid=300155)[0m   File "/home/pavt1024/vsn/mate/ray/rllib/evaluation/rollout_worker.py", line 1713, in _build_policy_map
[2m[36m(QPlexFocusTrainer pid=300155)[0m     preprocessor = ModelCatalog.get_preprocessor_for_space(
[2m[36m(QPlexFocusTrainer pid=300155)[0m   File "/home/pavt1024/vsn/mate/ray/rllib/models/catalog.py", line 781, in get_preprocessor_for_space
[2m[36m(QPlexFocusTrainer pid=300155)[0m     raise Exception(
[2m[36m(QPlexFocusTrainer pid=300155)[0m Exception: Unknown config key `focus_bias_hidden_dim`, all keys: ['_use_default_native_models', '_disable_preprocessor_api', '_disable_action_flattening', 'fcnet_hiddens', 'fcnet_activation', 'conv_filters', 'conv_activation', 'post_fcnet_hiddens', 'post_fcnet_activation', 'free_log_std', 'no_final_linear', 'vf_share_layers', 'use_lstm', 'max_seq_len', 'lstm_cell_size', 'lstm_use_prev_action', 'lstm_use_prev_reward', '_time_major', 'use_attention', 'attention_num_transformer_units', 'attention_dim', 'attention_num_heads', 'attention_head_dim', 'attention_memory_inference', 'attention_memory_training', 'attention_position_wise_mlp_dim', 'attention_init_gru_gate_bias', 'attention_use_n_prev_actions', 'attention_use_n_prev_rewards', 'framestack', 'dim', 'grayscale', 'zero_mean', 'custom_model', 'custom_model_config', 'custom_action_dist', 'custom_preprocessor', 'lstm_use_prev_action_reward']
2026-08-25 19:34:25,163	INFO trial_runner.py:803 -- starting QPLEX_FOCUS_mate-qplex_focus.camera_c02f5_00000
wandb: WARNING `start_method` is deprecated and will be removed in a future version of wandb. This setting is currently non-functional and safely ignored.
[2m[36m(QPlexFocusTrainer pid=300251)[0m /home/pavt1024/vsn/mate/mate/environment.py:105: UserWarning: [33mWARN: Override configuration "reward_type" with `'dense'`.[0m
[2m[36m(QPlexFocusTrainer pid=300251)[0m   gym.logger.warn(f'Override configuration "{prefix}{key}" with `{value!r}`.')
[2m[36m(QPlexFocusTrainer pid=300251)[0m /home/pavt1024/vsn/mate/mate/environment.py:105: UserWarning: [33mWARN: Override configuration "shuffle_entities" with `False`.[0m
[2m[36m(QPlexFocusTrainer pid=300251)[0m   gym.logger.warn(f'Override configuration "{prefix}{key}" with `{value!r}`.')
[2m[36m(QPlexFocusTrainer pid=300251)[0m 2026-08-25 19:34:29,249	INFO simple_q.py:161 -- In multi-agent mode, policies will be optimized sequentially by the multi-GPU optimizer. Consider setting `simple_optimizer=True` if this doesn't work for you.
[2m[36m(QPlexFocusTrainer pid=300251)[0m 2026-08-25 19:34:29,250	INFO trainer.py:864 -- Current log_level is WARN. For more information, set 'log_level': 'INFO' / 'DEBUG' or use the -v and -vv flags.
[2m[36m(RolloutWorker pid=300310)[0m /home/pavt1024/vsn/mate/mate/environment.py:105: UserWarning: [33mWARN: Override configuration "reward_type" with `'dense'`.[0m
[2m[36m(RolloutWorker pid=300310)[0m   gym.logger.warn(f'Override configuration "{prefix}{key}" with `{value!r}`.')
[2m[36m(RolloutWorker pid=300310)[0m /home/pavt1024/vsn/mate/mate/environment.py:105: UserWarning: [33mWARN: Override configuration "shuffle_entities" with `False`.[0m
[2m[36m(RolloutWorker pid=300310)[0m   gym.logger.warn(f'Override configuration "{prefix}{key}" with `{value!r}`.')
[2m[36m(QPlexFocusTrainer pid=300251)[0m 2026-08-25 19:34:33,992	ERROR worker.py:449 -- Exception raised in creation task: The actor died because of an error raised in its creation task, [36mray::QPlexFocusTrainer.__init__()[39m (pid=300251, ip=172.27.211.168, repr=QPlexFocusTrainer)
[2m[36m(QPlexFocusTrainer pid=300251)[0m   File "/home/pavt1024/vsn/mate/ray/rllib/agents/trainer.py", line 1035, in _init
[2m[36m(QPlexFocusTrainer pid=300251)[0m     raise NotImplementedError
[2m[36m(QPlexFocusTrainer pid=300251)[0m NotImplementedError
[2m[36m(QPlexFocusTrainer pid=300251)[0m 
[2m[36m(QPlexFocusTrainer pid=300251)[0m During handling of the above exception, another exception occurred:
[2m[36m(QPlexFocusTrainer pid=300251)[0m 
[2m[36m(QPlexFocusTrainer pid=300251)[0m [36mray::QPlexFocusTrainer.__init__()[39m (pid=300251, ip=172.27.211.168, repr=QPlexFocusTrainer)
[2m[36m(QPlexFocusTrainer pid=300251)[0m   File "/home/pavt1024/vsn/mate/ray/rllib/agents/trainer.py", line 830, in __init__
[2m[36m(QPlexFocusTrainer pid=300251)[0m     super().__init__(
[2m[36m(QPlexFocusTrainer pid=300251)[0m   File "/home/pavt1024/vsn/mate/ray/tune/trainable.py", line 149, in __init__
[2m[36m(QPlexFocusTrainer pid=300251)[0m     self.setup(copy.deepcopy(self.config))
[2m[36m(QPlexFocusTrainer pid=300251)[0m   File "/home/pavt1024/vsn/mate/ray/rllib/agents/trainer.py", line 911, in setup
[2m[36m(QPlexFocusTrainer pid=300251)[0m     self.workers = WorkerSet(
[2m[36m(QPlexFocusTrainer pid=300251)[0m   File "/home/pavt1024/vsn/mate/ray/rllib/evaluation/worker_set.py", line 134, in __init__
[2m[36m(QPlexFocusTrainer pid=300251)[0m     remote_spaces = ray.get(
[2m[36m(QPlexFocusTrainer pid=300251)[0m ray.exceptions.RayActorError: The actor died because of an error raised in its creation task, [36mray::RolloutWorker.__init__()[39m (pid=300310, ip=172.27.211.168, repr=<ray.rllib.evaluation.rollout_worker.RolloutWorker object at 0x74183d129d30>)
[2m[36m(QPlexFocusTrainer pid=300251)[0m   File "/home/pavt1024/vsn/mate/ray/rllib/evaluation/rollout_worker.py", line 626, in __init__
[2m[36m(QPlexFocusTrainer pid=300251)[0m     self._build_policy_map(
[2m[36m(QPlexFocusTrainer pid=300251)[0m   File "/home/pavt1024/vsn/mate/ray/rllib/evaluation/rollout_worker.py", line 1713, in _build_policy_map
[2m[36m(QPlexFocusTrainer pid=300251)[0m     preprocessor = ModelCatalog.get_preprocessor_for_space(
[2m[36m(QPlexFocusTrainer pid=300251)[0m   File "/home/pavt1024/vsn/mate/ray/rllib/models/catalog.py", line 781, in get_preprocessor_for_space
[2m[36m(QPlexFocusTrainer pid=300251)[0m     raise Exception(
[2m[36m(QPlexFocusTrainer pid=300251)[0m Exception: Unknown config key `focus_bias_hidden_dim`, all keys: ['_use_default_native_models', '_disable_preprocessor_api', '_disable_action_flattening', 'fcnet_hiddens', 'fcnet_activation', 'conv_filters', 'conv_activation', 'post_fcnet_hiddens', 'post_fcnet_activation', 'free_log_std', 'no_final_linear', 'vf_share_layers', 'use_lstm', 'max_seq_len', 'lstm_cell_size', 'lstm_use_prev_action', 'lstm_use_prev_reward', '_time_major', 'use_attention', 'attention_num_transformer_units', 'attention_dim', 'attention_num_heads', 'attention_head_dim', 'attention_memory_inference', 'attention_memory_training', 'attention_position_wise_mlp_dim', 'attention_init_gru_gate_bias', 'attention_use_n_prev_actions', 'attention_use_n_prev_rewards', 'framestack', 'dim', 'grayscale', 'zero_mean', 'custom_model', 'custom_model_config', 'custom_action_dist', 'custom_preprocessor', 'lstm_use_prev_action_reward']
[2m[36m(RolloutWorker pid=300310)[0m 2026-08-25 19:34:33,982	ERROR worker.py:449 -- Exception raised in creation task: The actor died because of an error raised in its creation task, [36mray::RolloutWorker.__init__()[39m (pid=300310, ip=172.27.211.168, repr=<ray.rllib.evaluation.rollout_worker.RolloutWorker object at 0x74183d129d30>)
[2m[36m(RolloutWorker pid=300310)[0m   File "/home/pavt1024/vsn/mate/ray/rllib/evaluation/rollout_worker.py", line 626, in __init__
[2m[36m(RolloutWorker pid=300310)[0m     self._build_policy_map(
[2m[36m(RolloutWorker pid=300310)[0m   File "/home/pavt1024/vsn/mate/ray/rllib/evaluation/rollout_worker.py", line 1713, in _build_policy_map
[2m[36m(RolloutWorker pid=300310)[0m     preprocessor = ModelCatalog.get_preprocessor_for_space(
[2m[36m(RolloutWorker pid=300310)[0m   File "/home/pavt1024/vsn/mate/ray/rllib/models/catalog.py", line 781, in get_preprocessor_for_space
[2m[36m(RolloutWorker pid=300310)[0m     raise Exception(
[2m[36m(RolloutWorker pid=300310)[0m Exception: Unknown config key `focus_bias_hidden_dim`, all keys: ['_use_default_native_models', '_disable_preprocessor_api', '_disable_action_flattening', 'fcnet_hiddens', 'fcnet_activation', 'conv_filters', 'conv_activation', 'post_fcnet_hiddens', 'post_fcnet_activation', 'free_log_std', 'no_final_linear', 'vf_share_layers', 'use_lstm', 'max_seq_len', 'lstm_cell_size', 'lstm_use_prev_action', 'lstm_use_prev_reward', '_time_major', 'use_attention', 'attention_num_transformer_units', 'attention_dim', 'attention_num_heads', 'attention_head_dim', 'attention_memory_inference', 'attention_memory_training', 'attention_position_wise_mlp_dim', 'attention_init_gru_gate_bias', 'attention_use_n_prev_actions', 'attention_use_n_prev_rewards', 'framestack', 'dim', 'grayscale', 'zero_mean', 'custom_model', 'custom_model_config', 'custom_action_dist', 'custom_preprocessor', 'lstm_use_prev_action_reward']
2026-08-25 19:34:34,012	ERROR trial_runner.py:876 -- Trial QPLEX_FOCUS_mate-qplex_focus.camera_c02f5_00000: Error processing event.
NoneType: None
2026-08-25 19:34:34,016	INFO trial_runner.py:1239 -- Trial QPLEX_FOCUS_mate-qplex_focus.camera_c02f5_00000: Attempting to restore trial state from last checkpoint.
2026-08-25 19:34:34,164	INFO trial_runner.py:803 -- starting QPLEX_FOCUS_mate-qplex_focus.camera_c02f5_00000
wandb: WARNING `start_method` is deprecated and will be removed in a future version of wandb. This setting is currently non-functional and safely ignored.
[2m[36m(QPlexFocusTrainer pid=300345)[0m /home/pavt1024/vsn/mate/mate/environment.py:105: UserWarning: [33mWARN: Override configuration "reward_type" with `'dense'`.[0m
[2m[36m(QPlexFocusTrainer pid=300345)[0m   gym.logger.warn(f'Override configuration "{prefix}{key}" with `{value!r}`.')
[2m[36m(QPlexFocusTrainer pid=300345)[0m /home/pavt1024/vsn/mate/mate/environment.py:105: UserWarning: [33mWARN: Override configuration "shuffle_entities" with `False`.[0m
[2m[36m(QPlexFocusTrainer pid=300345)[0m   gym.logger.warn(f'Override configuration "{prefix}{key}" with `{value!r}`.')
[2m[36m(QPlexFocusTrainer pid=300345)[0m 2026-08-25 19:34:38,612	INFO simple_q.py:161 -- In multi-agent mode, policies will be optimized sequentially by the multi-GPU optimizer. Consider setting `simple_optimizer=True` if this doesn't work for you.
[2m[36m(QPlexFocusTrainer pid=300345)[0m 2026-08-25 19:34:38,614	INFO trainer.py:864 -- Current log_level is WARN. For more information, set 'log_level': 'INFO' / 'DEBUG' or use the -v and -vv flags.
[2m[36m(RolloutWorker pid=300408)[0m /home/pavt1024/vsn/mate/mate/environment.py:105: UserWarning: [33mWARN: Override configuration "reward_type" with `'dense'`.[0m
[2m[36m(RolloutWorker pid=300408)[0m   gym.logger.warn(f'Override configuration "{prefix}{key}" with `{value!r}`.')
[2m[36m(RolloutWorker pid=300408)[0m /home/pavt1024/vsn/mate/mate/environment.py:105: UserWarning: [33mWARN: Override configuration "shuffle_entities" with `False`.[0m
[2m[36m(RolloutWorker pid=300408)[0m   gym.logger.warn(f'Override configuration "{prefix}{key}" with `{value!r}`.')
[2m[36m(RolloutWorker pid=300408)[0m 2026-08-25 19:34:43,393	ERROR worker.py:449 -- Exception raised in creation task: The actor died because of an error raised in its creation task, [36mray::RolloutWorker.__init__()[39m (pid=300408, ip=172.27.211.168, repr=<ray.rllib.evaluation.rollout_worker.RolloutWorker object at 0x7c8c7e612d30>)
[2m[36m(RolloutWorker pid=300408)[0m   File "/home/pavt1024/vsn/mate/ray/rllib/evaluation/rollout_worker.py", line 626, in __init__
[2m[36m(RolloutWorker pid=300408)[0m     self._build_policy_map(
[2m[36m(RolloutWorker pid=300408)[0m   File "/home/pavt1024/vsn/mate/ray/rllib/evaluation/rollout_worker.py", line 1713, in _build_policy_map
[2m[36m(RolloutWorker pid=300408)[0m     preprocessor = ModelCatalog.get_preprocessor_for_space(
[2m[36m(RolloutWorker pid=300408)[0m   File "/home/pavt1024/vsn/mate/ray/rllib/models/catalog.py", line 781, in get_preprocessor_for_space
[2m[36m(RolloutWorker pid=300408)[0m     raise Exception(
[2m[36m(RolloutWorker pid=300408)[0m Exception: Unknown config key `focus_bias_hidden_dim`, all keys: ['_use_default_native_models', '_disable_preprocessor_api', '_disable_action_flattening', 'fcnet_hiddens', 'fcnet_activation', 'conv_filters', 'conv_activation', 'post_fcnet_hiddens', 'post_fcnet_activation', 'free_log_std', 'no_final_linear', 'vf_share_layers', 'use_lstm', 'max_seq_len', 'lstm_cell_size', 'lstm_use_prev_action', 'lstm_use_prev_reward', '_time_major', 'use_attention', 'attention_num_transformer_units', 'attention_dim', 'attention_num_heads', 'attention_head_dim', 'attention_memory_inference', 'attention_memory_training', 'attention_position_wise_mlp_dim', 'attention_init_gru_gate_bias', 'attention_use_n_prev_actions', 'attention_use_n_prev_rewards', 'framestack', 'dim', 'grayscale', 'zero_mean', 'custom_model', 'custom_model_config', 'custom_action_dist', 'custom_preprocessor', 'lstm_use_prev_action_reward']
2026-08-25 19:34:43,419	ERROR trial_runner.py:876 -- Trial QPLEX_FOCUS_mate-qplex_focus.camera_c02f5_00000: Error processing event.
NoneType: None
2026-08-25 19:34:43,422	INFO trial_runner.py:1239 -- Trial QPLEX_FOCUS_mate-qplex_focus.camera_c02f5_00000: Attempting to restore trial state from last checkpoint.
[2m[36m(QPlexFocusTrainer pid=300345)[0m 2026-08-25 19:34:43,403	ERROR worker.py:449 -- Exception raised in creation task: The actor died because of an error raised in its creation task, [36mray::QPlexFocusTrainer.__init__()[39m (pid=300345, ip=172.27.211.168, repr=QPlexFocusTrainer)
[2m[36m(QPlexFocusTrainer pid=300345)[0m   File "/home/pavt1024/vsn/mate/ray/rllib/agents/trainer.py", line 1035, in _init
[2m[36m(QPlexFocusTrainer pid=300345)[0m     raise NotImplementedError
[2m[36m(QPlexFocusTrainer pid=300345)[0m NotImplementedError
[2m[36m(QPlexFocusTrainer pid=300345)[0m 
[2m[36m(QPlexFocusTrainer pid=300345)[0m During handling of the above exception, another exception occurred:
[2m[36m(QPlexFocusTrainer pid=300345)[0m 
[2m[36m(QPlexFocusTrainer pid=300345)[0m [36mray::QPlexFocusTrainer.__init__()[39m (pid=300345, ip=172.27.211.168, repr=QPlexFocusTrainer)
[2m[36m(QPlexFocusTrainer pid=300345)[0m   File "/home/pavt1024/vsn/mate/ray/rllib/agents/trainer.py", line 830, in __init__
[2m[36m(QPlexFocusTrainer pid=300345)[0m     super().__init__(
[2m[36m(QPlexFocusTrainer pid=300345)[0m   File "/home/pavt1024/vsn/mate/ray/tune/trainable.py", line 149, in __init__
[2m[36m(QPlexFocusTrainer pid=300345)[0m     self.setup(copy.deepcopy(self.config))
[2m[36m(QPlexFocusTrainer pid=300345)[0m   File "/home/pavt1024/vsn/mate/ray/rllib/agents/trainer.py", line 911, in setup
[2m[36m(QPlexFocusTrainer pid=300345)[0m     self.workers = WorkerSet(
[2m[36m(QPlexFocusTrainer pid=300345)[0m   File "/home/pavt1024/vsn/mate/ray/rllib/evaluation/worker_set.py", line 134, in __init__
[2m[36m(QPlexFocusTrainer pid=300345)[0m     remote_spaces = ray.get(
[2m[36m(QPlexFocusTrainer pid=300345)[0m ray.exceptions.RayActorError: The actor died because of an error raised in its creation task, [36mray::RolloutWorker.__init__()[39m (pid=300408, ip=172.27.211.168, repr=<ray.rllib.evaluation.rollout_worker.RolloutWorker object at 0x7c8c7e612d30>)
[2m[36m(QPlexFocusTrainer pid=300345)[0m   File "/home/pavt1024/vsn/mate/ray/rllib/evaluation/rollout_worker.py", line 626, in __init__
[2m[36m(QPlexFocusTrainer pid=300345)[0m     self._build_policy_map(
[2m[36m(QPlexFocusTrainer pid=300345)[0m   File "/home/pavt1024/vsn/mate/ray/rllib/evaluation/rollout_worker.py", line 1713, in _build_policy_map
[2m[36m(QPlexFocusTrainer pid=300345)[0m     preprocessor = ModelCatalog.get_preprocessor_for_space(
[2m[36m(QPlexFocusTrainer pid=300345)[0m   File "/home/pavt1024/vsn/mate/ray/rllib/models/catalog.py", line 781, in get_preprocessor_for_space
[2m[36m(QPlexFocusTrainer pid=300345)[0m     raise Exception(
[2m[36m(QPlexFocusTrainer pid=300345)[0m Exception: Unknown config key `focus_bias_hidden_dim`, all keys: ['_use_default_native_models', '_disable_preprocessor_api', '_disable_action_flattening', 'fcnet_hiddens', 'fcnet_activation', 'conv_filters', 'conv_activation', 'post_fcnet_hiddens', 'post_fcnet_activation', 'free_log_std', 'no_final_linear', 'vf_share_layers', 'use_lstm', 'max_seq_len', 'lstm_cell_size', 'lstm_use_prev_action', 'lstm_use_prev_reward', '_time_major', 'use_attention', 'attention_num_transformer_units', 'attention_dim', 'attention_num_heads', 'attention_head_dim', 'attention_memory_inference', 'attention_memory_training', 'attention_position_wise_mlp_dim', 'attention_init_gru_gate_bias', 'attention_use_n_prev_actions', 'attention_use_n_prev_rewards', 'framestack', 'dim', 'grayscale', 'zero_mean', 'custom_model', 'custom_model_config', 'custom_action_dist', 'custom_preprocessor', 'lstm_use_prev_action_reward']
2026-08-25 19:34:44,168	INFO trial_runner.py:803 -- starting QPLEX_FOCUS_mate-qplex_focus.camera_c02f5_00000
wandb: WARNING `start_method` is deprecated and will be removed in a future version of wandb. This setting is currently non-functional and safely ignored.
[2m[36m(QPlexFocusTrainer pid=300459)[0m /home/pavt1024/vsn/mate/mate/environment.py:105: UserWarning: [33mWARN: Override configuration "reward_type" with `'dense'`.[0m
[2m[36m(QPlexFocusTrainer pid=300459)[0m   gym.logger.warn(f'Override configuration "{prefix}{key}" with `{value!r}`.')
[2m[36m(QPlexFocusTrainer pid=300459)[0m /home/pavt1024/vsn/mate/mate/environment.py:105: UserWarning: [33mWARN: Override configuration "shuffle_entities" with `False`.[0m
[2m[36m(QPlexFocusTrainer pid=300459)[0m   gym.logger.warn(f'Override configuration "{prefix}{key}" with `{value!r}`.')
[2m[36m(QPlexFocusTrainer pid=300459)[0m 2026-08-25 19:34:49,433	INFO simple_q.py:161 -- In multi-agent mode, policies will be optimized sequentially by the multi-GPU optimizer. Consider setting `simple_optimizer=True` if this doesn't work for you.
[2m[36m(QPlexFocusTrainer pid=300459)[0m 2026-08-25 19:34:49,433	INFO trainer.py:864 -- Current log_level is WARN. For more information, set 'log_level': 'INFO' / 'DEBUG' or use the -v and -vv flags.
